round,mu,seed,eval_mse_current,current_all_mse,next_all_mse,eval_mse_next,train_mse,current_rmse,next_rmse,empirical_loss,same_time_target,preq_target,v_t,eval_within_step_drift,sampling_candidate,mean_abs_delta_y,mean_abs_delta_pred,mean_abs_delta_error,mean_abs_delta_loss,fr_step_null,fr_step_coarse,fr_step_task_no_qty,fr_step_task_no_cost,fr_step_task_no_group,fr_step_task
0,0.0,0,315490.42253039224,313890.7598645813,316041.41835205717,319701.16721305123,313490.59393801185,561.6853412101764,565.421229892415,315490.42253039224,313890.7598645813,316041.41835205717,2150.6584874758846,4210.744682658988,1599.6626658109599,29.57304195405551,24.85802416144857,31.008782250462133,25334.877488712034,0.0,0.008599019047341496,0.02327262571748893,0.19176241249785486,0.18931032195168715,0.19686420011900135
1,0.0,0,317437.64938079,315993.11824861483,318020.0330703301,319733.6459591891,315631.7594750935,563.4160535348544,565.449950003702,317437.64938079,315993.11824861483,318020.0330703301,2026.9148217152688,2295.996578399092,1444.5311321751797,29.86643766975539,25.655662795032878,31.499828040082313,25697.255575428062,0.0,0.004591573231176567,0.015441931218695144,0.0315557901347873,0.03239244342948713,0.048079945921981275
2,0.0,0,291895.14247063757,317968.82225690025,319435.9420130252,294482.41466538544,324491.3213148218,540.2732109503835,542.6623394574065,291895.14247063757,317968.82225690025,319435.9420130252,1467.119756124972,2587.2721947478713,26073.679786262685,29.907021517177707,25.001275624321597,31.341133162423873,25528.853842262277,0.0,0.013080097545491148,0.015935766447319838,0.03784199608001945,0.034982976685877326,0.05536483851674537
3,0.0,0,316603.67536185443,319386.48629717407,321402.88066242094,317550.26355939166,320082.62438941054,562.6754618444405,563.5159834107562,316603.67536185443,319386.48629717407,321402.88066242094,2016.3943652468733,946.5881975372322,2782.810935319634,29.669731270465235,25.24108367647794,31.402426075487018,25820.278499220538,0.0,0.009283382296760479,0.02324266295771811,0.027390586504386576,0.03008775444381885,0.042556844330860655
4,0.0,0,332306.3235163793,321493.9867272557,322857.73445396166,334007.85300098796,318789.21098792384,576.4601664611175,577.9341251396979,332306.3235163793,321493.9867272557,322857.73445396166,1363.747726705973,1701.5294846086763,10812.336789123598,29.782098672926168,25.085934696831956,31.704642713730955,25946.346134747706,0.0,0.0037001066840423973,0.011640097280243473,0.020295909523810086,0.027747276338170146,0.04087754284676971
5,0.0,0,329617.32759704284,322695.82208802097,325282.0215509698,331750.32496805105,320964.3628719812,574.1230944641078,575.9777122146751,329617.32759704284,322695.82208802097,325282.0215509698,2586.1994629488327,2132.997371008212,6921.505509021867,29.847463193045034,25.19735855499171,31.19807272308966,25804.813872074265,0.0,0.0028272129339398746,0.012837143655728802,0.02595396360416989,0.023814253640607852,0.046562083871594516
6,0.0,0,332085.10466613225,325366.1810418391,328052.3525557797,334793.3991396316,323685.39899001736,576.2682575555696,578.6133416536743,332085.10466613225,325366.1810418391,328052.3525557797,2686.171513940557,2708.2944734993507,6718.923624293122,30.12494991991499,25.21574364059825,31.505814025251578,26425.66695206259,0.0,0.010998430611567068,0.020129316098141586,0.0321560808610357,0.027501484073762572,0.042451615172577936
7,0.0,0,329687.4117110208,328119.5947239786,329288.16264428676,331233.86699609243,327727.3951992163,574.1841270106836,575.529206032233,329687.4117110208,328119.5947239786,329288.16264428676,1168.5679203081527,1546.4552850716282,1567.816987042199,29.78445320320631,24.9285247953399,31.067483850966067,25734.608283543927,0.0,0.0111689781224369,0.018541446104899537,0.03122432452326132,0.03129848108589226,0.04315062698420975
8,0.0,0,334144.35658934625,329197.0751849919,330054.76498626417,334323.4865839227,327959.4808537085,578.0522092245183,578.2071312115778,334144.35658934625,329197.0751849919,330054.76498626417,857.6898012722959,179.12999457644764,4947.281404354377,29.92007925719802,25.18912828706472,31.468952831398916,26482.10166726812,0.0,0.004455468626513634,0.013183278351660272,0.028344238506535054,0.03447377806073956,0.04954044651982678
9,0.0,0,338740.28718020726,330181.2824376717,332716.5321452621,342294.4229746225,328040.19223377394,582.0139922546599,585.0593328668662,338740.28718020726,330181.2824376717,332716.5321452621,2535.2497075904394,3554.135794415255,8559.004742535588,29.693055840244543,24.84733305352854,31.317970650165588,26455.498674413222,0.0,0.0059240865266428884,0.01494744156456704,0.029216855346903825,0.03427785953965792,0.04357292974117308
10,0.0,0,367714.59996439016,332695.8363458837,334602.80051876657,371240.91414875496,323935.6669112793,606.3947558846384,609.2954243622341,367714.59996439016,332695.8363458837,334602.80051876657,1906.9641728828428,3526.3141843648045,35018.76361850643,29.798338434899787,24.850358451739766,31.14249012405092,26290.804996112474,0.0,0.005491089802423713,0.023173203971518008,0.022009159196376357,0.030503213816003957,0.040845695879698204
11,0.0,0,331307.72372948896,334563.11065777316,335781.1463323712,333585.0667939303,335377.4666806653,575.5933666482692,577.5682356171695,331307.72372948896,334563.11065777316,335781.1463323712,1218.035674598068,2277.3430644413456,3255.3869282841915,29.836307660493617,25.023952444714507,31.734442267849417,26487.06205287207,0.0,0.006177536029406714,0.016868638211772487,0.024565752944833305,0.028688331921069003,0.043039656544095826
12,0.0,0,334019.0620686552,335750.6628381669,337039.1668439085,336278.469971834,336183.8339317917,577.9438225888873,579.895223270406,334019.0620686552,335750.6628381669,337039.1668439085,1288.5040057415608,2259.4079031787696,1731.600769511715,29.706981301062473,25.260408466569974,31.000377360504967,26374.335730788127,0.0,0.0023963253093799456,0.014133849036036586,0.018060661452819593,0.027772221037820552,0.03704701392011748
13,0.0,0,339452.9567227836,337071.1074033011,338421.8036787447,341061.44439497613,336475.2724436871,582.6259149083429,584.0046612784663,339452.9567227836,337071.1074033011,338421.8036787447,1350.6962754435954,1608.4876721925102,2381.8493194825132,29.795372258416315,24.97503848184177,31.006006147736375,26573.34469037551,0.0,0.006741827657670727,0.02281962802712167,0.02549850418027613,0.027902891494491988,0.04675404061375567
14,0.0,0,360259.6457275696,338468.1129681006,339921.0687198955,362618.75633921556,333016.8205897541,600.2163324398708,602.1783426354816,360259.6457275696,338468.1129681006,339921.0687198955,1452.9557517949142,2359.1106116459705,21791.532759469002,30.054863736438804,24.70948416057146,31.138106727105733,26619.634568942143,0.0,0.008070212576550799,0.020097189529493756,0.023005861830022737,0.022688678497762457,0.033851020770250824
15,0.0,0,308548.4707746022,339768.89840910205,340908.7141586041,308439.378871327,347578.8896149164,555.4713951002358,555.3731888301118,308548.4707746022,339768.89840910205,340908.7141586041,1139.8157495020423,109.0919032752281,31220.42763449985,30.195462695222695,25.614387487039625,31.7441081878946,26978.514521563713,0.0,0.005747126177919001,0.014248890186002507,0.024788710103193983,0.029850276932780525,0.04178917055553092
16,0.0,0,344166.9762449432,341077.12428797636,343468.2628120846,347150.44437499903,340304.1779051244,586.6574607425897,589.1947423178511,344166.9762449432,341077.12428797636,343468.2628120846,2391.138524108217,2983.468130055815,3089.851956966857,29.492838373208688,24.785243879900925,31.33482844012019,27327.37013082249,0.0,0.003210743296683006,0.009352778933747257,0.024915919158150068,0.02931170041600822,0.037815218689512674
17,0.0,0,386654.484433501,343341.095937525,345080.45964200847,387742.89230014465,332505.9726263445,621.8154745851064,622.6900451269031,386654.484433501,343341.095937525,345080.45964200847,1739.3637044834904,1088.4078666436253,43313.38849597605,29.587075117724716,25.00899553471817,31.3774412208087,27131.880983442414,0.0,0.005456590876475926,0.018108258163171357,0.025779843327781916,0.027964287131232612,0.03649263567425986
18,0.0,0,366538.5471385035,345226.51474281354,347185.122845517,368959.8154378434,339895.17247111315,605.4242703579891,607.4206248044624,366538.5471385035,345226.51474281354,347185.122845517,1958.608102703467,2421.268299339863,21312.03239568998,30.015673812742474,24.87421719768761,30.738883540616566,26667.666812194555,0.0,0.002760736381274213,0.026715254788630367,0.02167604982096336,0.04137310986389034,0.054640439472849196
0,0.0,1,296216.5899807804,313817.86304489267,314872.5112328989,296478.0251242486,318220.9349518882,544.2578341014306,544.4979569513999,296216.5899807804,313817.86304489267,314872.5112328989,1054.6481880062493,261.435143468203,17601.27306411229,29.566898088569094,25.047807536137146,30.68789157300009,25042.84814358651,0.0,0.006491962236077971,0.026444037406739673,0.1836724909726196,0.18285534476394177,0.18901358760463746
1,0.0,1,324818.2583324769,314821.83037399163,316307.26451683766,326639.78833784926,312321.1594876308,569.9282922723497,571.5240925261587,324818.2583324769,314821.83037399163,316307.26451683766,1485.434142846032,1821.5300053723622,9996.427958485263,29.768162192766177,25.332138059536383,31.46955870987063,25683.79186021335,0.0,0.012968337992508022,0.019906649075446953,0.041268177727382276,0.03811780509538925,0.0583697967615589
2,0.0,1,320359.1905316468,316364.784024615,317890.217122496,321275.0240291425,315365.55749070627,566.0028184838364,566.8112772600264,320359.1905316468,316364.784024615,317890.217122496,1525.433097880974,915.8334974957397,3994.4065070317592,30.120808805328426,24.84873602672669,31.56275131862918,26071.32407544793,0.0,0.003782003831216282,0.015508180983096934,0.025187110070633723,0.020477706759542195,0.0354828035890058
3,0.0,1,303404.757466761,317830.9650545171,319207.4088143148,305898.6804083239,321439.77386753686,550.8218926901517,553.081079416322,303404.757466761,317830.9650545171,319207.4088143148,1376.443759797723,2493.9229415628943,14426.2075877561,29.606513248209595,24.848810876441412,31.558501744592068,26197.719565867512,0.0,0.006314689293473254,0.015238435546773307,0.027022776646236844,0.0205139420673706,0.038311570127565905
4,0.0,1,325029.14311993675,319367.95944938663,320487.78649944183,326066.4656224845,317951.77786471683,570.1132721836397,571.0222987086271,325029.14311993675,319367.95944938663,320487.78649944183,1119.8270500552026,1037.3225025477586,5661.183670550119,29.457515958985063,25.340221407507986,31.28312244260951,25876.26880887201,0.0,0.007218824500607322,0.016228668780226364,0.03403734147046917,0.037523007377021085,0.05057181871686611
5,0.0,1,319527.6676478963,320402.58022215794,321316.4049004539,321344.9590024791,320621.44524190825,565.2677840173595,566.8729654891641,319527.6676478963,320402.58022215794,321316.4049004539,913.8246782959905,1817.2913545828196,874.9125742616598,29.675620363661647,24.843437446306314,31.372592962401303,25938.615619855744,0.0,0.004646155402124818,0.012491605969466428,0.0329969770023858,0.02790792396598094,0.04669449659478125
6,0.0,1,325108.8679706066,321327.53903389577,322530.1318784948,325779.73682636267,320381.6152276065,570.1831880813452,570.7711772911827,325108.8679706066,321327.53903389577,322530.1318784948,1202.592844599043,670.8688557560672,3781.3289367108373,29.899007879164017,25.005806747765483,30.69329994690865,24967.904020175516,0.0,0.005495741116237887,0.013510480720412924,0.02861818176062924,0.028300287769700606,0.04698361229420286
7,0.0,1,329508.9220697785,322452.6502103588,323690.6685490206,330044.801950087,320687.47832312284,574.0286770447784,574.4952584226322,329508.9220697785,322452.6502103588,323690.6685490206,1238.0183386618155,535.8798803085228,7056.271859419707,29.908349579321502,25.183182298428658,31.307872212283712,26205.62894540962,0.0,0.0011185967556448758,0.011859021386193113,0.02061747001248013,0.02625005901680556,0.03832643129192908
8,0.0,1,331043.17035970156,323697.26872831694,325500.8803855977,331667.7854454682,321859.64408679877,575.363511494865,575.9060560937593,331043.17035970156,323697.26872831694,325500.8803855977,1803.611657280766,624.6150857666507,7345.901631384622,29.580330573245973,24.953032311069137,31.328749915260868,25891.010933087015,0.0,0.002302294673894402,0.01753670763981974,0.024715874287010425,0.02726536010800926,0.04080101843362653
9,0.0,1,326479.78265487065,325703.4986916302,327627.3804701489,328689.1264475237,325509.30625464313,571.3840938063211,573.3141603410156,326479.78265487065,325703.4986916302,327627.3804701489,1923.8817785187275,2209.3437926530605,776.2839632404502,29.869033955855524,25.209691088847677,31.55958951881153,26198.26177552999,0.0,0.012577204079724699,0.03131047096379167,0.030183842796112272,0.03764125515998659,0.04780910441074675
10,0.0,1,341115.02870545455,327480.90080110624,328660.17072067,342475.4364222092,324070.23582628573,584.050536088663,585.2140090789088,341115.02870545455,327480.90080110624,328660.17072067,1179.2699195637833,1360.4077167546493,13634.127904348308,29.57340854982192,24.51016588481514,31.174167130726573,26007.502661512426,0.0,0.0027351560866687168,0.013363364740306562,0.020259588704356277,0.03279592611699221,0.04392247056916405
11,0.0,1,328129.22132119513,328514.50722579303,330507.6569635964,333360.95833448664,328610.88897821034,572.8256465288501,577.3741926467502,328129.22132119513,328514.50722579303,330507.6569635964,1993.1497378033819,5231.737013291509,385.2859045978985,29.83822832736823,24.909499367193675,31.430758530714662,26157.698800438113,0.0,0.004280643157651938,0.013268875618942244,0.016858640129363472,0.024441147441425483,0.03467635650397615
12,0.0,1,316489.66140059324,330461.53687821893,331879.0561548089,317970.9276541154,333956.69158546603,562.5741385813902,563.8891093593805,316489.66140059324,330461.53687821893,331879.0561548089,1417.51927658997,1481.2662535221898,13971.875477625697,29.65016045817408,24.924294412926468,31.25106721038207,26332.34737261156,0.0,0.0030662547291501635,0.010453669179414204,0.023507148186921862,0.025180468344274152,0.033898752095919034
13,0.0,1,330523.45435656625,332071.86109665554,333744.65781883267,332052.8318736514,332459.20502303273,574.9116926594608,576.24025533943,330523.45435656625,332071.86109665554,333744.65781883267,1672.796722177125,1529.3775170851732,1548.4067400892964,30.09741476898434,24.96394927427394,31.01290763099729,26325.159237978103,0.0,0.0031214548320740924,0.014878595112976317,0.01901285947698308,0.021738795910260213,0.032031987991196255
14,0.0,1,324201.731230007,333741.5552611287,336065.33217540034,326120.67102052993,336128.00373199285,569.3871540788456,571.069760204942,324201.731230007,333741.5552611287,336065.33217540034,2323.7769142716425,1918.9397905229125,9539.82403112168,30.25473664109886,24.552263494483576,31.339697855128158,26792.316858636306,0.0,0.009059416149132998,0.013124638556457482,0.025079311931822404,0.034058123778289914,0.041559572320080305
15,0.0,1,347444.20682950504,335919.072982385,337235.452543842,347487.0234137491,333035.9864646213,589.4439810783591,589.4802994280209,347444.20682950504,335919.072982385,337235.452543842,1316.3795614570263,42.81658424407942,11525.133847120043,29.25429008750714,24.760831585629898,30.69540241107469,25975.217565629468,0.0,0.007145274108012971,0.018512103996292568,0.018996528377087173,0.03122308335296807,0.042599168002296336
16,0.0,1,363917.6806419599,337334.7925935437,338730.1607164738,364678.00956022524,330684.91180671373,603.2558997987172,603.8857586996279,363917.6806419599,337334.7925935437,338730.1607164738,1395.3681229301146,760.3289182653534,26582.88804841618,29.34140375016289,24.649600885517444,31.18496900847881,26249.506970673738,0.0,0.002641061505738583,0.015077161616691889,0.025946413228086756,0.031600415208605626,0.04160591491102737
17,0.0,1,349548.4929021701,338543.6120343274,339532.6222350957,351733.8906215931,335790.6701526502,591.226262020024,593.0715729333123,349548.4929021701,338543.6120343274,339532.6222350957,989.0102007683017,2185.3977194229956,11004.880867842701,29.346310271378076,24.849951028573248,31.055927419315513,26075.805861387304,0.0,0.004009942456002816,0.012599909074252881,0.023912940948727254,0.03160064925954812,0.04259448585093523
18,0.0,1,347721.41533034365,339597.18407390034,341118.2047595503,351284.20269767963,337564.85525990586,589.6790782538784,592.6923339285565,347721.41533034365,339597.18407390034,341118.2047595503,1521.0206856499426,3562.7873673359863,8124.231256443309,29.85805711703392,25.039676133404292,31.011490400760444,26784.77349134986,0.0,0.004511010594609491,0.016320308778776046,0.026503143872072747,0.024232032260003544,0.03806592489309343
0,0.0,2,291083.520720738,313697.0141578238,315018.7231958108,293899.33225688635,319353.92529767053,539.5215665019684,542.1248308802009,291083.520720738,313697.0141578238,315018.7231958108,1321.7090379869915,2815.811536148365,22613.493437085825,29.56085872645597,25.266864351796528,31.203010758548377,25531.149597893324,0.0,0.0038275095743284674,0.022689060092401007,0.18133986469379712,0.18207394270606111,0.18655712434519456
1,0.0,2,316519.8986220004,315156.4440518198,316906.25060709886,316342.7162029517,314815.3671028651,562.6010119276364,562.4435226784567,316519.8986220004,315156.4440518198,316906.25060709886,1749.806555279065,177.18241904873867,1363.45457018062,29.50508113906153,25.067331293622964,30.813301175333958,25157.03302224484,0.0,0.0038928712124139263,0.017258254301963878,0.032296851033295,0.03032164139835048,0.04385041552221327
2,0.0,2,306145.0940945076,316964.7864548919,318257.4554027931,308141.40853640344,319671.40223778534,553.3037990963984,555.1048626488544,306145.0940945076,316964.7864548919,318257.4554027931,1292.6689479011693,1996.314441895811,10819.692360384273,29.619027727943184,25.04295424685541,31.529665816516847,25659.207386771424,0.0,0.005594210593598078,0.023245524404528664,0.027037707921408624,0.03687662227804223,0.04514907417280906
3,0.0,2,332748.5266563746,318151.96676764206,319599.7269731139,335354.09186893405,314500.54322851764,576.8435894212353,579.097653137132,332748.5266563746,318151.96676764206,319599.7269731139,1447.76020547183,2605.5652125594206,14596.559888732561,29.911527110233376,25.260341855094236,31.931331248250377,25975.406372643138,0.0,0.007917906811850506,0.02053597550156545,0.04039785401715754,0.030009593923180172,0.05030709396729284
4,0.0,2,309907.18446427624,319628.4166365033,321436.81350611243,308379.66896440793,322060.24552314146,556.6930792315244,555.3194296658527,309907.18446427624,319628.4166365033,321436.81350611243,1808.3968696091324,1527.5154998683138,9721.232172227057,29.991146921627674,25.297400130125308,31.146240814665898,26055.31138363091,0.0,0.007188342215863599,0.014089528328727615,0.03104142243610845,0.033535688573404034,0.04147077451454367
5,0.0,2,310007.49010162294,321378.3263197075,322455.2585059091,310593.0361812075,324222.81429103366,556.7831625521941,557.3087440379951,310007.49010162294,321378.3263197075,322455.2585059091,1076.9321862016222,585.546079584572,11370.836218084558,30.06129721039977,25.281461003451593,31.713767648642282,26295.857295863472,0.0,0.005135296443813072,0.019006927603452968,0.025976375250387585,0.031217265726733525,0.04753716674702297
6,0.0,2,317620.39894042717,322449.0465906074,324213.164195225,319872.51775722206,323656.9639236233,563.5782101362926,565.5727342766994,317620.39894042717,322449.0465906074,324213.164195225,1764.1176046176115,2252.118816794886,4828.64765018021,30.047545119631902,24.998130910425786,31.71860640481866,26524.361174713962,0.0,0.004061181008424999,0.0144499898804697,0.028032101807959425,0.026874157595809398,0.0464505423056836
7,0.0,2,338847.56333144626,324213.2469377786,326079.66832169186,340260.59308179986,320552.37836558296,582.1061443855805,583.3186034079488,338847.56333144626,324213.2469377786,326079.66832169186,1866.4213839132572,1413.0297503535985,14634.316393667657,29.53282410250237,24.936033563436673,31.383707954955753,25887.300399160173,0.0,0.0066062872022582975,0.011064342045100048,0.02663946326702441,0.020978781053029465,0.03296243914786368
8,0.0,2,310992.7551004229,326033.3162384466,327218.21135347267,312114.1141513406,329795.8095519166,557.6672440626426,558.6717409636366,310992.7551004229,326033.3162384466,327218.21135347267,1184.89511502604,1121.3590509177302,15040.561138023739,29.601183101217377,24.65318016732994,31.030387881966,26053.724862006435,0.0,0.0071450553228588004,0.015516333523099467,0.023941029210905126,0.03058831211486202,0.038065222381926236
9,0.0,2,335298.25328449317,327407.975120674,329601.11691793805,337695.1886978664,325434.1711807574,579.0494394129859,581.1154693327879,335298.25328449317,327407.975120674,329601.11691793805,2193.1417972640484,2396.9354133732268,7890.278163819166,29.470563439189934,25.03013161869211,31.11822735195382,25970.477678065537,0.0,0.005598018101891153,0.014606948702143263,0.019018795374161106,0.02324234158230433,0.0343963305723397
10,0.0,2,314787.6540296836,329342.1000336644,331361.81595047534,315761.5742138361,332982.9885130707,561.0594032985132,561.9266626650101,314787.6540296836,329342.1000336644,331361.81595047534,2019.7159168109647,973.9201841524919,14554.44600398076,29.532786628051944,25.296448623449315,31.66201287604211,26691.78787453124,0.0,0.005155802569173894,0.011432203190174246,0.027675788845713752,0.025489479928695203,0.03987094537393813
11,0.0,2,317384.51220633404,331378.91470438987,332665.66807992884,319774.81636821554,334879.7046909968,563.3688953131278,565.4863538302366,317384.51220633404,331378.91470438987,332665.66807992884,1286.753375538974,2390.304161881504,13994.402498055832,30.023683327949847,25.059918948153474,31.205680528390584,26671.748284751207,0.0,0.002445793683772526,0.011936443195105818,0.025163396775484657,0.028601724960080854,0.037355972428900264
12,0.0,2,322156.5225353112,332742.00987847924,333983.7957399101,323156.7155236394,335390.0377667342,567.5883389705176,568.4687463032946,322156.5225353112,332742.00987847924,333983.7957399101,1241.7858614308643,1000.1929883282282,10585.48734316806,30.09498726617188,25.42108316470582,31.35708620708125,26669.912725948157,0.0,0.004259649223573289,0.013271892644166467,0.022986012447453723,0.02429772230752968,0.0391630350585079
13,0.0,2,309513.2323708287,333953.1319516922,335440.9613567033,310109.696278077,340066.9303606097,556.3391343154179,556.8749377356437,309513.2323708287,333953.1319516922,335440.9613567033,1487.8294050110853,596.4639072483405,24439.899580863537,29.45601384742197,25.170927690408078,31.592416857253415,27028.684572657054,0.0,0.006989470060137773,0.019445576459412486,0.02805628470293986,0.023177205609699037,0.039123860094039634
14,0.0,2,363245.2679855537,335517.8884911699,337262.82374594704,364760.9779413867,328581.70579224627,602.6983225342126,603.954450220699,363245.2679855537,335517.8884911699,337262.82374594704,1744.9352547771414,1515.7099558329792,27727.379494383815,30.05145552673254,25.16298723206012,31.60122901347926,26936.28802440921,0.0,0.004985194852538808,0.010164182403663938,0.023377488701071206,0.029949887352562245,0.03879639158194191
15,0.0,2,315995.499763013,337136.652380113,338750.16942315106,317602.5782987721,342425.24797378376,562.1347701067895,563.5623996495615,315995.499763013,337136.652380113,338750.16942315106,1613.5170430380385,1607.078535759123,21141.152617100044,29.62158539667757,24.54730414380938,31.360426107591348,26734.01194932177,0.0,0.005703524916892384,0.019677825259211995,0.027039693891063612,0.03109434832517445,0.042022481140923225
16,0.0,2,357954.9571685737,338971.13458287914,340003.84238306794,358748.1442902288,334222.2090017581,598.2933704868989,598.9558784169571,357954.9571685737,338971.13458287914,340003.84238306794,1032.7078001888003,793.1871216550935,18983.82258569455,29.45049014415647,24.76797301211531,30.79409102214316,26455.746882239386,0.0,0.004553762595663358,0.011217976843413306,0.019925346411979426,0.025957936014256604,0.03494560435526339
17,0.0,2,326891.9339211256,339808.50171850686,341208.97219116363,328822.4714223066,343039.6644074951,571.7446404830793,573.4304416599336,326891.9339211256,339808.50171850686,341208.97219116363,1400.4704726567725,1930.5375011810102,12916.567797381256,29.674865078976968,24.791914587384195,31.06607494810337,26544.83473505892,0.0,0.006331674059076313,0.018463058803064734,0.025272688349904676,0.031356335871408986,0.04754609843304287
18,0.0,2,351056.2166291909,341317.1014998215,342773.1143476637,353875.07677414763,338880.79907618865,592.499971838979,594.8740007549058,351056.2166291909,341317.1014998215,342773.1143476637,1456.012847842183,2818.860144956736,9739.11512936937,29.855683178068194,24.716201474181787,31.07358780573351,26777.342020519092,0.0,0.0014627637508658109,0.008775277265464163,0.022172080752275895,0.027243371700058763,0.03876841390557665
0,0.0,3,331140.863545921,313826.3212131977,315284.34402823646,331106.99414388125,309494.97684679844,575.4484021577616,575.4189727006585,331140.863545921,313826.3212131977,315284.34402823646,1458.022815038741,33.869402039737906,17314.54233272327,29.371842071702424,24.930715595384793,31.49281578576535,25246.101315339016,0.0,0.007680755228577678,0.013379206731812086,0.1835045922916459,0.18332080276253396,0.1883997094869448
1,0.0,3,334338.7477738415,315306.5434221605,316296.2007811921,334759.25282338064,310545.51483043045,578.220328053106,578.5838338766307,334338.7477738415,315306.5434221605,316296.2007811921,989.6573590316111,420.5050495391479,19032.204351680994,29.577190869895812,25.226073141103683,31.05763708331489,25694.064788067113,0.0,0.003769809919536535,0.019352567527739322,0.025825035529098567,0.031763820273353026,0.04521306006099535
2,0.0,3,302743.9334412172,316203.8198885522,317700.0058025618,303253.3711105763,319570.8972398176,550.2217129859719,550.6844569357086,302743.9334412172,316203.8198885522,317700.0058025618,1496.1859140096349,509.43766935914755,13459.886447335011,30.300219202263477,25.108023562084174,31.49386509960411,25942.509635707058,0.0,0.003037112893634359,0.02268090270688707,0.025046646040144917,0.04067087142030286,0.05190890616745644
3,0.0,3,307219.446276504,317813.69551042403,319741.05076657765,308469.9691019677,320463.9152421259,554.2738008209517,555.4007283952441,307219.446276504,317813.69551042403,319741.05076657765,1927.3552561536198,1250.522825463675,10594.24923392001,29.70771968509918,25.64209659577968,31.570348674279927,25876.226210615223,0.0,0.007869070675238888,0.029732072739486512,0.02958758455529228,0.03949978548812403,0.060892348209913155
4,0.0,3,327664.3661041702,319666.43460099265,321354.846586184,329449.01170831546,317665.7004843498,572.4197464310348,573.9764905536772,327664.3661041702,319666.43460099265,321354.846586184,1688.411985191342,1784.6456041452475,7997.931503177562,29.94881387631985,24.9160696183308,30.897764944514336,25860.056533830764,0.0,0.003045529906941368,0.02507170197115462,0.02006307935100692,0.03461938351509921,0.044025034563000894
5,0.0,3,344921.138159056,321470.51591682184,323207.08131700027,345754.3525394451,315604.19161060586,587.2998707296435,588.0088031139034,344921.138159056,321470.51591682184,323207.08131700027,1736.5654001784278,833.2143803890795,23450.62224223418,29.674208759001733,25.01466483412654,31.37066759448532,25838.451272393642,0.0,0.007395626135013722,0.011666283836029696,0.026490978785699067,0.033525446808731256,0.03823811755558406
6,0.0,3,323306.8627653679,323112.0537345883,324731.47198873863,325288.70017970505,323063.32099988614,568.6007938486965,570.3408631508925,323306.8627653679,323112.0537345883,324731.47198873863,1619.4182541503105,1981.8374143371475,194.8090307795792,29.77600419422169,24.867072169305146,31.256119362290548,26190.226432508334,0.0,0.0027930218760445573,0.017568244229854205,0.027357273864346693,0.037379340597639726,0.04904934230192494
7,0.0,3,322694.50233335886,324640.5791937006,325541.5846534782,324984.4527538837,325127.4028638643,568.0620585229741,570.074076549604,322694.50233335886,324640.5791937006,325541.5846534782,901.0054597775452,2289.950420524867,1946.0768603417673,29.96091250605442,25.01698832278326,31.510340452631446,26264.846492825185,0.0,0.004878543979846135,0.016035111577522947,0.029024277654475367,0.03569728386794655,0.04585989024485862
8,0.0,3,321119.5467392133,325554.90141138434,326867.8327098365,321697.4430408504,326664.4339709591,566.6741098190505,567.1837824205223,321119.5467392133,325554.90141138434,326867.8327098365,1312.9312984521384,577.8963016371126,4435.354672171059,29.571131174541733,25.303298149684316,31.621659951554726,26478.476503030015,0.0,0.0024792832299476457,0.017818288548734285,0.02420466132921228,0.023574581961678203,0.03667454336844606
9,0.0,3,324240.01537718636,326875.8403391794,328858.90195629,324957.5677431456,327535.20894278184,569.4207718174551,570.0504957836154,324240.01537718636,326875.8403391794,328858.90195629,1983.061617110623,717.5523659592727,2635.8249619930284,29.959940674667585,24.840558371438036,31.221219333985783,26486.19938297831,0.0,0.0065990180301668065,0.016676482894321137,0.023114406032895312,0.02568098232438668,0.041324675035654006
10,0.0,3,304124.2088628792,328884.6308425287,331350.8253671236,307352.76041742234,335078.60999544786,551.4745768055669,554.3940479635603,304124.2088628792,328884.6308425287,331350.8253671236,2466.1945245948737,3228.551554543141,24760.421979649516,29.74247929783709,25.053524322622348,31.24183928380682,26298.28007171611,0.0,0.0014169305475398527,0.01237538194129425,0.021026879682688647,0.029311658080413427,0.03690394048786981
11,0.0,3,353635.87611955666,331379.74447954824,331598.26159276476,354851.87077588314,325812.2296966363,594.6729152395934,595.6944441371626,353635.87611955666,331379.74447954824,331598.26159276476,218.51711321651237,1215.994656326482,22256.131640008418,29.19313950750896,25.1182519048661,31.174047202320722,26305.589611690335,0.0,0.0070999532144056365,0.012388559344615711,0.026125989220863954,0.029511875502060823,0.03594672788461855
12,0.0,3,314694.1559300147,331646.8134209324,333584.2946884083,317900.92474818224,335887.6299616047,560.9760742937391,563.827034424727,314694.1559300147,331646.8134209324,333584.2946884083,1937.4812674759305,3206.768818167562,16952.657490917714,30.02857493586199,25.24810665756917,31.377319770171457,26843.113169246826,0.0,0.00413707897922769,0.015665795772674813,0.02356988995911761,0.03409188532312249,0.04245160129563906
13,0.0,3,300663.2525433834,333632.2501992168,336049.2882641696,302888.1091982972,341879.6574663754,548.3276871938745,550.3527134468378,300663.2525433834,333632.2501992168,336049.2882641696,2417.038064952765,2224.856654913805,32968.99765583343,29.67950475807838,25.335631443695505,31.404171794668645,26718.15473361813,0.0,0.003373547013367457,0.010506076134282215,0.027154755502173302,0.023994797918228845,0.034964135793816846
14,0.0,3,337559.4839667655,336066.34339301946,337045.11338611646,338520.60852344986,335692.8246543742,580.998695322774,581.8252388161327,337559.4839667655,336066.34339301946,337045.11338611646,978.7699930969975,961.1245566843427,1493.140573746059,29.70828901214373,24.938882902885204,31.280704472261174,26704.715393252733,0.0,0.006456692318280802,0.013895025894501983,0.017716200521046385,0.03120159447222182,0.045301448782550456
15,0.0,3,315875.6101798959,336861.1262906338,337556.4732170235,314831.1767518999,342110.78840907407,562.0281222322384,561.098188155959,315875.6101798959,336861.1262906338,337556.4732170235,695.3469263896695,1044.4334279960021,20985.516110737924,30.00263860871173,25.25709424884805,31.669985212724914,27011.91328192547,0.0,0.00250281168062459,0.012379862550693961,0.023023539454953584,0.030084288813630428,0.04022077256972281
16,0.0,3,373932.3818685221,337823.4083859174,338912.2750496483,375763.73443080136,328790.515926799,611.5001078238025,612.9957050671736,373932.3818685221,337823.4083859174,338912.2750496483,1088.866663730878,1831.3525622792658,36108.97348260466,30.039896469287168,25.193381875188148,31.43954452110034,26871.52324028444,0.0,0.0030856571608071587,0.03001819812620705,0.02253534009453658,0.0301393749953567,0.043917608789773355
17,0.0,3,348990.41580652975,338832.5138754187,339929.6307563139,349721.86578528327,336291.44923401595,590.754107735638,591.3728652764543,348990.41580652975,338832.5138754187,339929.6307563139,1097.1168808952207,731.4499787535169,10157.90193111106,29.45555555046928,24.876071591707145,30.796116447050142,26372.97821519262,0.0,0.006557526893831119,0.014165780829432843,0.02469774163469566,0.026576581389319832,0.03630985016944052
18,0.0,3,348338.0956348177,339968.99954710266,341918.77677159145,351804.5152017625,337875.4162172754,590.2017414705058,593.1311113082523,348338.0956348177,339968.99954710266,341918.77677159145,1949.7772244887892,3466.4195669447654,8369.096087715065,29.463623299053022,24.799008032434,31.26576412238692,26801.96798131202,0.0,0.0059178623821901635,0.01374200885782328,0.019721329887322187,0.02880735039323567,0.03748503810707138
0,0.0,4,322121.9780172656,313827.3205183835,314496.60189717746,323254.62779322825,311752.3584813508,567.5579071929715,568.5548590885741,322121.9780172656,313827.3205183835,314496.60189717746,669.2813787939376,1132.6497759626363,8294.657498882094,29.798243315473773,25.16670713217044,31.189903753136967,25217.562937038954,0.0,0.006590876088443327,0.02144236710573408,0.18188147712281597,0.1829665923973416,0.18777073667220703
1,0.0,4,318805.02968263114,314544.06825982756,316501.41997204255,321731.3174852161,313478.1612956437,564.6282225346437,567.2136435993197,318805.02968263114,314544.06825982756,316501.41997204255,1957.3517122149933,2926.287802584935,4260.961422803579,29.681762694817994,24.975228978017835,31.703770400819657,25984.363519577513,0.0,0.008860386794950709,0.013390331066115787,0.03675489977183873,0.038274257188379714,0.05051238507336021
2,0.0,4,326384.9469053401,316421.24227144447,317507.06197462504,327251.6172090796,313928.7573356498,571.3011000386225,572.0591028985376,326384.9469053401,316421.24227144447,317507.06197462504,1085.8197031805757,866.6703037394909,9963.704633895657,29.836933552233656,25.129055340504184,30.960679810629212,25275.82058914338,0.0,0.004670149274496855,0.012022383164629032,0.029653562808055173,0.035793896947653406,0.04100911538961211
3,0.0,4,317344.04758972,317483.6702021288,319639.9094903342,317786.1182037384,317518.5976985684,563.3329810953021,563.7252151569401,317344.04758972,317483.6702021288,319639.9094903342,2156.2392882053973,442.0706140184193,139.622612408828,29.92060657633709,24.981860830387365,30.99605293055183,25606.270706730043,0.0,0.003251093719248818,0.01108580029449624,0.032976335486875764,0.03380081394110055,0.043669937514647574
4,0.0,4,337086.69126948057,319592.8474827532,320445.30245794135,338749.94141717453,315216.64970193704,580.591673441396,582.0222860141822,337086.69126948057,319592.8474827532,320445.30245794135,852.4549751881277,1663.2501476939651,17493.843786727346,29.86028543806473,24.827032208480322,31.049654494092678,25636.00840288215,0.0,0.005574320603411709,0.028611865502778444,0.028443229348508504,0.03752651383520285,0.051502892250443195
5,0.0,4,306069.1221066151,320400.49721169716,321454.74540740286,307386.84667548235,323985.5830679278,553.2351417856743,554.4247890160417,306069.1221066151,320400.49721169716,321454.74540740286,1054.2481957057025,1317.724568867241,14331.375105082057,29.621848092109648,25.184055795933165,31.433834832337563,25999.643847498606,0.0,0.001427612158494287,0.01478395172211419,0.03641850795799028,0.03598431383666524,0.04604791839488497
6,0.0,4,341368.09804343106,321501.7526447539,322928.2427585095,344110.1612009301,316532.0582936142,584.2671461270359,586.6090360716668,341368.09804343106,321501.7526447539,322928.2427585095,1426.4901137556299,2742.063157499011,19866.345398677164,29.73364347980862,24.881923926714347,31.754147305478234,26269.544695641725,0.0,0.0040232215073291245,0.011323743029727556,0.0320817136978461,0.03171832721608258,0.04498392376542135
7,0.0,4,308354.37690135866,322910.0126566359,324748.98987156857,311360.8041460865,326551.1987599976,555.2966566632277,557.9971363242705,308354.37690135866,322910.0126566359,324748.98987156857,1838.9772149326745,3006.427244727849,14555.635755277239,29.746336208801452,25.16489682260647,31.410745107348482,26385.858736645554,0.0,0.0008830877139742336,0.012296696664830886,0.024036946242124973,0.021351355061029014,0.04079161318124815
8,0.0,4,313505.3620952354,324745.44351604325,326142.09341026435,314413.95603432076,327557.22233204317,559.9154954948428,560.7262754984117,313505.3620952354,324745.44351604325,326142.09341026435,1396.6498942211038,908.5939390853746,11240.081420807866,30.024033399079403,25.10657207494805,31.3893406762032,26134.45222636355,0.0,0.010048751552915389,0.019439644904320583,0.020816945189118415,0.02171198816948611,0.035305804949705845
9,0.0,4,329047.075458777,326285.1582954573,327040.77702776575,329528.81364551006,325594.24691495846,573.62625067092,574.0460030742397,329047.075458777,326285.1582954573,327040.77702776575,755.618732308445,481.7381867330405,2761.917163319711,29.85746188176934,24.823919058523014,31.32955817705306,26175.79086178981,0.0,0.002537370289600922,0.012367463419224978,0.023133257201919243,0.02326157612890155,0.03350318432190928
10,0.0,4,314180.2012664462,327010.60325843684,328571.23849019146,314650.4901051824,330220.21101582,560.5177974573566,560.9371534362672,314180.2012664462,327010.60325843684,328571.23849019146,1560.6352317546261,470.28883873618906,12830.401991990628,29.482237471914864,25.398583363988028,31.17770273885556,25858.226008261834,0.0,0.006951993062253525,0.019083671827517232,0.02332537383165901,0.028688391504572527,0.03736797729497195
11,0.0,4,349333.7954343873,328561.81531137414,329084.3502889006,348128.1366262229,323365.57059662155,591.0446645003974,590.0238441166788,349333.7954343873,328561.81531137414,329084.3502889006,522.5349775264622,1205.6588081643567,20771.98012301314,29.93954075355965,24.86078543605392,31.193036758058355,26252.202882682424,0.0,0.0040721489695701085,0.015828531234272112,0.0234119899689153,0.026307564712966074,0.0375976524435191
12,0.0,4,339615.43186423555,329030.3245829501,330114.2589387738,340543.00514941645,326382.39176962484,582.7653317281628,583.5606267984642,339615.43186423555,329030.3245829501,330114.2589387738,1083.9343558237306,927.5732851809007,10585.107281285455,29.799541312357896,24.895687352495145,31.247727742642972,26364.29346845763,0.0,0.005489011348798184,0.02061707503881343,0.028722676228711573,0.029183759191731076,0.040131194324398066
13,0.0,4,317421.064745762,330134.25691914815,331228.23750125157,317474.06760220014,333314.54388492473,563.4013354135416,563.4483717273483,317421.064745762,330134.25691914815,331228.23750125157,1093.9805821034242,53.0028564381646,12713.192173386167,29.888271227091117,25.280598229230264,31.63876309741483,26684.311377251965,0.0,0.0068336474027271225,0.01118289808450349,0.022354548859939614,0.022483245218646485,0.03452466859436523
14,0.0,4,326732.14841507253,331230.4497645588,332571.1101158633,329370.20074726286,332355.7288411903,571.6048883757666,573.9078329725627,326732.14841507253,331230.4497645588,332571.1101158633,1340.660351304512,2638.052332190331,4498.301349486283,29.712318955515055,25.0525269266643,31.442420785393264,26779.455073512774,0.0,0.00984532194117075,0.01971906523579489,0.022150511159246922,0.02877939794259947,0.03872859745812788
15,0.0,4,334175.33502322057,332435.0333584502,333871.2234858038,333554.1031836879,331999.6856797944,578.0790041363036,577.5414298417802,334175.33502322057,332435.0333584502,333871.2234858038,1436.1901273535914,621.2318395326729,1740.301664770348,30.026268114521425,24.824038382922957,31.534523152848244,26393.703610629775,0.0,0.001841260731480274,0.014109148872132084,0.02788490727204666,0.022055137616067894,0.03826781801544908
16,0.0,4,342693.67261235084,333985.3821897984,335513.5326910223,344641.81265008583,331806.9472108151,585.4004378306792,587.062017720518,342693.67261235084,333985.3821897984,335513.5326910223,1528.1505012239213,1948.1400377349928,8708.29042255244,29.73389501801342,24.48823501630061,30.926542490686277,26208.377045008576,0.0,0.005956575948924737,0.015982022630035383,0.022862407596655632,0.028021784410707785,0.04208191346380168
17,0.0,4,331764.5424166957,335419.5380503435,336713.35612631205,332098.3948124462,336333.8587665831,575.9900540952905,576.279788655169,331764.5424166957,335419.5380503435,336713.35612631205,1293.8180759685347,333.852395750524,3654.9956336478353,30.07148072014217,25.032416264169594,31.296154913552915,26586.416049643187,0.0,0.005853549725704257,0.019021387868736556,0.02510575552505496,0.03143873695538786,0.040467223327789875
18,0.0,4,340327.40278446034,336821.59951352066,338270.9611945573,342397.675967646,335944.6002284405,583.3758675026422,585.1475676849781,340327.40278446034,336821.59951352066,338270.9611945573,1449.3616810366511,2070.2731831856654,3505.8032709396794,29.36817739638617,24.991827161718362,31.24231692708059,27056.262642396232,0.0,0.006996174180747626,0.022961903967391357,0.021742819443327174,0.024787576179300566,0.03557722336024609
0,0.0,5,315293.5416472969,313831.4973999408,314767.8785703295,317871.5047812192,313465.7576077752,561.5100548051628,563.8009442890453,315293.5416472969,313831.4973999408,314767.8785703295,936.3811703887186,2577.963133922254,1462.044247356127,29.754720343440464,25.25998900608662,31.302122781422423,25652.99712003583,0.0,0.00470465093614157,0.026097757620257282,0.18247333648384212,0.18367532993959285,0.18904158474519495
1,0.0,5,291300.52281781216,314694.0229263089,315912.8841059097,291304.36389668897,320546.05776258645,539.722635080105,539.7261934506134,291300.52281781216,314694.0229263089,315912.8841059097,1218.8611796007608,3.8410788768087514,23393.50010849675,29.984730481785512,25.04883290091864,31.27364650362817,25534.340765803423,0.0,0.00326665069641805,0.013883376952872754,0.031111507958899283,0.032853320196901216,0.04378787180153075
2,0.0,5,322382.10425540234,315885.93071792606,316894.12752576557,323425.5151536775,314260.87103606993,567.7870236764859,568.7051214414,322382.10425540234,315885.93071792606,316894.12752576557,1008.1968078395003,1043.4108982751495,6496.173537476279,29.45083808066429,25.370764972208622,31.406810482075905,25502.72198608745,0.0,0.0035417931755472244,0.022965329818194224,0.03634749966352921,0.035334152206859475,0.050864891871455084
3,0.0,5,274326.3967767417,317056.84669467085,318640.67007451615,276141.76941560424,327746.1441631891,523.7617748335036,525.4919308758264,274326.3967767417,317056.84669467085,318640.67007451615,1583.8233798453002,1815.3726388625219,42730.44991792913,29.9646965068536,25.33993965016449,31.279787164923246,25640.20906115174,0.0,0.006002444377018875,0.011472437841209349,0.027932194369518798,0.02513204248791873,0.03908066518529573
4,0.0,5,314806.4229422709,318509.92527637165,320227.6305408165,317454.5044597593,319436.3802563821,561.076129364163,563.4310112691343,314806.4229422709,318509.92527637165,320227.6305408165,1717.7052644448704,2648.0815174884046,3703.5023341007764,29.813966117807286,25.418715693363225,31.73235582371386,26039.574721195648,0.0,0.008021861274484475,0.021413359182818975,0.027621089806179784,0.027675705466403244,0.04057640809900286
5,0.0,5,316938.43211244047,320244.60935433087,320906.95240609604,316820.58924860694,321071.6709015435,562.9728520208062,562.8681810589464,316938.43211244047,320244.60935433087,320906.95240609604,662.3430517651723,117.84286383353174,3306.1772418904,30.139292209886428,25.458207090397867,31.64065616524624,25915.35396347714,0.0,0.0054742567884340405,0.014579814554178786,0.018340144207978786,0.02308561088110584,0.03147764515765716
6,0.0,5,313919.84223101725,320960.6507713036,322428.19168556965,315800.3173741886,322721.95440958854,560.2855006432143,561.9611351100614,313919.84223101725,320960.6507713036,322428.19168556965,1467.540914266021,1880.4751431713812,7040.80854028638,29.72260749785089,25.016615261556208,31.22336837139263,25933.533928614295,0.0,0.0029235197205357325,0.0156615028249073,0.02856672298817381,0.026712465499355027,0.03893496914514858
7,0.0,5,331510.54655698105,322385.7212179739,323440.76116077224,333066.2971275684,320103.0873448399,575.7695255542629,577.1189627170194,331510.54655698105,322385.7212179739,323440.76116077224,1055.0399427983211,1555.7505705873482,9124.825339007133,30.116124057396693,25.199231675036092,31.61054059726405,26248.087234474122,0.0,0.004348662217724785,0.015097470321227397,0.029176111678673212,0.029664547639185215,0.039478491417185284
8,0.0,5,320717.0428110741,323421.7317158297,324516.734163505,323515.94475475635,324098.3270785807,566.318852600789,568.7846207087147,320717.0428110741,323421.7317158297,324516.734163505,1095.0024476753315,2798.9019436822273,2704.688904755574,30.45373234217086,25.097115363744855,31.270006469503265,26029.378058805138,0.0,0.007052698912965923,0.02449370211986461,0.027100365662018674,0.03888034118501899,0.05153539457619988
9,0.0,5,311322.27046792366,324584.1607214624,326594.7423090576,311994.0028313736,327901.70804865385,557.9626066932476,558.5642333978909,311322.27046792366,324584.1607214624,326594.7423090576,2010.5815875952248,671.7323634499335,13261.890253538731,29.89746357580399,25.249114723256017,31.119321780069967,26091.322505671247,0.0,0.0049837239500885215,0.021723850901435523,0.02785774888112293,0.030992359494814783,0.04355939817565796
10,0.0,5,324944.2962778452,326497.71540433617,328243.27663569804,326093.4031208104,326886.3132114792,570.0388550597628,571.0458853024076,324944.2962778452,326497.71540433617,328243.27663569804,1745.5612313618767,1149.1068429651787,1553.419126490946,29.644781699798084,24.722747766633045,30.89025639837504,25560.9645963312,0.0,0.006049102215378967,0.016350129706317117,0.02721129067711843,0.02770923855917268,0.04280458470658796
11,0.0,5,350081.9760093543,328326.1598370595,330367.29108463664,353529.2539490905,322883.80219320796,591.6772566267477,594.583260737376,350081.9760093543,328326.1598370595,330367.29108463664,2041.131247577141,3447.277939736203,21755.816172294784,29.685937962310483,24.72645378100686,30.97313185792574,26091.473317432436,0.0,0.004394022034527078,0.01379916395145593,0.03119144848778938,0.03174986264189701,0.04428482879421577
12,0.0,5,328426.7586654539,330309.6278361002,331854.87128839135,332510.2077256162,330780.63969527785,573.0852978967912,576.6369808862559,328426.7586654539,330309.6278361002,331854.87128839135,1545.243452291179,4083.4490601622965,1882.8691706462996,29.48413161379667,25.096091086942586,31.621265810004193,26664.199683562972,0.0,0.004377576974721801,0.018613361117397465,0.034575991032220046,0.03368315063385503,0.04779886498406916
13,0.0,5,331706.29962915403,331881.829507227,333925.22433178686,333691.01074618584,331925.73943761474,575.9394930278302,577.6599438650613,331706.29962915403,331881.829507227,333925.22433178686,2043.3948245598585,1984.7111170318094,175.5298780729645,29.563086251625926,24.963646776301438,31.028869533385972,26294.057748392333,0.0,0.0023438304657164267,0.02919559683018971,0.026864166112024104,0.033266194396569713,0.04565908437346624
14,0.0,5,319101.3879339474,333877.11184457975,335800.743329502,321138.57486051077,337573.35441859433,564.8905981992862,566.6908988686079,319101.3879339474,333877.11184457975,335800.743329502,1923.6314849222545,2037.1869265633868,14775.723910632369,28.969861983947492,25.014368837443104,30.8526307942668,26603.80302889326,0.0,0.00684265922116967,0.020223110795746662,0.026274240680722958,0.028373236945742588,0.042927337692601555
15,0.0,5,326345.6907322141,335742.70161976706,337129.83433247317,327861.4776395357,338093.42446225724,571.2667421898583,572.5918944933954,326345.6907322141,335742.70161976706,337129.83433247317,1387.1327127061086,1515.7869073215988,9397.010887552984,29.581858268978717,25.325726027113173,31.587890859091384,27001.940992891756,0.0,0.011184005007168806,0.023023062456966014,0.02634850103366616,0.03092104374055669,0.04579334477983375
16,0.0,5,332351.02115936636,337195.5622345758,337667.9020661907,332622.25884045096,338407.4554103049,576.4989342222294,576.7341318497206,332351.02115936636,337195.5622345758,337667.9020661907,472.33983161492506,271.23768108460354,4844.541075209447,29.280140492201788,24.949091480663526,30.917412715617825,26732.272417172288,0.0,0.003962506481246155,0.02125601912693577,0.02157128922067182,0.03750214813215636,0.04783931815010849
17,0.0,5,327304.4745261009,337732.1870432381,339092.2163465641,328666.8004490474,340340.74654181476,572.1053002080132,573.2946890117223,327304.4745261009,337732.1870432381,339092.2163465641,1360.0293033260386,1362.3259229465039,10427.712517137174,29.416141791574134,24.94638553466488,31.301102087997844,27112.53018194863,0.0,0.007209475049650971,0.020073955127008884,0.02253921131983527,0.024172779785007457,0.038989185408372116
18,0.0,5,332710.4685173576,338967.63649819605,340580.94791275694,332447.5375502573,340532.90739953535,576.8106002123726,576.582637225799,332710.4685173576,338967.63649819605,340580.94791275694,1613.3114145608852,262.93096710031386,6257.167980838451,29.78006058521153,25.041721462188303,31.4564698170354,26996.756425735006,0.0,0.005628092559370013,0.014115978824405824,0.025642397050969414,0.032789837991011296,0.0414895595872372
0,0.0,6,312953.69555488747,313801.8779907104,315081.6832785879,314538.10418502224,314014.0562940397,559.4226448356264,560.8369675627866,312953.69555488747,313801.8779907104,315081.6832785879,1279.8052878775052,1584.4086301347706,848.182435822906,29.594400659418433,25.566568600299693,31.45157505163435,25889.856692323174,0.0,0.008043843942796529,0.014804669628602603,0.18215014603879012,0.1808535373965878,0.185190806088725
1,0.0,6,309046.11686411855,315137.361705332,317003.07262443687,312873.78123087215,316661.125863827,555.9191639655163,559.3512145610056,309046.11686411855,315137.361705332,317003.07262443687,1865.7109191048658,3827.6643667535973,6091.2448412134545,30.029693472138174,25.559525033123013,31.72712932273455,26119.129705739222,0.0,0.01399441467906823,0.023111668996223654,0.039233321072605604,0.03142953589931857,0.05067311432761863
2,0.0,6,301145.42849447613,316839.75896298763,318513.7882959491,300446.6204486007,320765.7968883866,548.7671897029524,548.1301127000784,301145.42849447613,316839.75896298763,318513.7882959491,1674.0293329614797,698.8080458754557,15694.3304685115,30.003614650511178,24.982446735418858,31.131591672027096,25443.969285909643,0.0,0.004036456802732794,0.026453263933518913,0.03168551875963618,0.02653211189629313,0.0478714423893977
3,0.0,6,343235.7808044944,318698.41138714936,319793.8592539712,344087.0096703893,312560.23027038865,585.863278252268,586.5893023831829,343235.7808044944,318698.41138714936,319793.8592539712,1095.4478668218362,851.2288658948964,24537.369417345035,29.926517046630618,25.019482541160283,31.25881952094621,26070.18899066552,0.0,0.005858436094797219,0.019622041086645833,0.03669967412168782,0.03186892317512185,0.048919565430760044
4,0.0,6,327578.64426502446,319782.40588726895,321114.95211962186,328832.9339715481,317832.126605975,572.3448648018294,573.439564358397,327578.64426502446,319782.40588726895,321114.95211962186,1332.5462323529064,1254.2897065236466,7796.238377755508,29.782681858619906,24.982562275453702,31.153010441194468,25964.121375803574,0.0,0.004268259011271013,0.009877989505169969,0.027749093582615764,0.030056159124027426,0.03782162345795811
5,0.0,6,301034.1912892902,320965.3777836341,322410.6770290488,302173.9920810276,325951.2925527918,548.6658284322892,549.7035492709026,301034.1912892902,320965.3777836341,322410.6770290488,1445.2992454146734,1139.8007917373907,19931.186494343914,30.046223309964866,25.108201392296802,31.61840414253163,25905.468507276302,0.0,0.0034002585807533237,0.014881799037306957,0.02965445577369565,0.03046496998204938,0.04632076974475304
6,0.0,6,348050.99459338665,322478.6013639201,324980.07067263965,349964.17957428546,316081.50236925227,589.9584685326473,591.5777037501375,348050.99459338665,322478.6013639201,324980.07067263965,2501.469308719563,1913.1849808988045,25572.393229466572,29.946666022379304,25.40634468063327,31.610382941829478,26300.272833317864,0.0,0.006198604366031752,0.013522108118486897,0.03138683660839938,0.02956432523624949,0.04757279735713419
7,0.0,6,334424.61374624755,325068.0539356113,327017.70719548204,335458.7482700138,322727.4501907416,578.2945735057934,579.1880077056273,334424.61374624755,325068.0539356113,327017.70719548204,1949.6532598707709,1034.1345237662317,9356.559810636274,29.626392039404607,25.047360799203894,31.45849660669364,26077.11049196017,0.0,0.012150834692152583,0.03377850865035713,0.03164846904277706,0.03720519554637543,0.048141130244580346
8,0.0,6,326852.49607676396,326908.0183428608,328271.8676974667,328070.84127330204,326921.9075955969,571.7101504055739,572.7746863063189,326852.49607676396,326908.0183428608,328271.8676974667,1363.849354605889,1218.345196538081,55.52226609684294,29.847087326253476,25.065193574207502,31.567523108071782,26577.2439808823,0.0,0.0046781481716106936,0.022528398219097825,0.02855694891167819,0.027187813245217775,0.041101565659093425
9,0.0,6,320259.8130718639,328278.23259376246,330280.7771307492,322674.048523709,330284.09192034503,565.9150228363477,568.044055090544,320259.8130718639,328278.23259376246,330280.7771307492,2002.5445369867375,2414.235451845103,8018.419521898555,29.91617048636022,25.241977189072458,31.600351926096813,26459.99301191835,0.0,0.005313552842801646,0.014435253450993838,0.023486839341575572,0.03227740571883449,0.049560500550518916
10,0.0,6,330999.05252649484,330330.51152140944,332245.81263426854,332099.41997068713,330163.27167986816,575.3251711219445,576.2806781167378,330999.05252649484,330330.51152140944,332245.81263426854,1915.3011128591024,1100.3674441922922,668.541005085397,30.063549923561215,25.015278739866247,31.388863582379155,26709.797212772075,0.0,0.002842106597268832,0.016024595977562832,0.02111165314591014,0.02914386683912262,0.038911480950066926
11,0.0,6,346639.41898656084,332258.90901377826,333037.0896584977,346466.3752587967,328661.5317536907,588.7609183586839,588.6139441593248,346639.41898656084,332258.90901377826,333037.0896584977,778.180644719454,173.0437277641613,14380.509972782573,29.749346186592888,25.05377850888448,31.47570817751962,26822.85351357249,0.0,0.005496076654487921,0.009297908862740508,0.02575925302438666,0.03517328690524553,0.04674711615065086
12,0.0,6,332856.5463714057,332901.74484730547,334247.4587562202,333482.1808043356,332913.0515373812,576.9372118102677,577.4791604935504,332856.5463714057,332901.74484730547,334247.4587562202,1345.7139089147095,625.6344329299172,45.198475899756886,30.00932077518996,25.35656810434445,30.944786012754726,26798.935184742128,0.0,0.010219076925698992,0.013920574022766379,0.025450626725755616,0.02446577583568229,0.03547713731801761
13,0.0,6,355221.3174632089,334494.47334496427,335605.11757006886,356904.9790349278,329309.51969273126,596.0044609423733,597.4152484117959,355221.3174632089,334494.47334496427,335605.11757006886,1110.6442251045955,1683.6615717188688,20726.844118244655,30.032839969093114,24.847612302883796,31.3821596138212,26857.556953130756,0.0,0.00340883442547287,0.018613059984676668,0.03706601688482636,0.029929618017972486,0.04544758904983768
14,0.0,6,326795.8278872199,335561.50089717476,336886.0981394196,329236.1371476882,337754.2905002595,571.6605880128697,573.7910221916061,326795.8278872199,335561.50089717476,336886.0981394196,1324.5972422448685,2440.3092604682897,8765.673009954859,29.650957717166758,24.868761133821003,30.84150418663182,25872.84218607471,0.0,0.003420547641976089,0.017127217276830108,0.024057252847937284,0.02698831618774002,0.041925669479695976
15,0.0,6,356373.89597498736,336826.54058692174,337421.7988314867,356837.3300238276,331936.6436430048,596.9705989200702,597.3586276465986,356373.89597498736,336826.54058692174,337421.7988314867,595.2582445649896,463.4340488402522,19547.355388065625,29.71356849124413,24.568225189165847,31.452708795564753,26661.627581343273,0.0,0.008933106764385006,0.015183266927836392,0.027649301420372297,0.03052865833219124,0.04284035232933962
16,0.0,6,344054.4197128369,337323.1370503545,338689.56484026543,345101.31739858905,335639.2633054688,586.5615225301067,587.4532469895703,344054.4197128369,337323.1370503545,338689.56484026543,1366.4277899109293,1046.8976857521338,6731.282662482408,29.55064410255596,25.109962583171473,31.15861343094024,26334.73121467346,0.0,0.008165341457495265,0.01884131022883357,0.01982123044578127,0.028307761748689236,0.040191418361613655
17,0.0,6,348674.8254207401,338665.3362332112,339779.0416850207,350019.53612915013,336161.3979962184,590.4869392465341,591.6244891222389,348674.8254207401,338665.3362332112,339779.0416850207,1113.7054518095101,1344.7107084100135,10009.489187528903,29.622190172620996,24.62864835787046,31.068447345625867,26549.010064434136,0.0,0.003868719389381095,0.01628443659500077,0.016209993105906928,0.020230794488166403,0.029412143253333675
18,0.0,6,348893.97617183713,339833.29091716214,341604.0893968068,350193.39286388364,337566.7020995424,590.6724779197327,591.7714025397676,348893.97617183713,339833.29091716214,341604.0893968068,1770.7984796446399,1299.4166920465068,9060.685254674987,30.004322097489236,24.821479226686968,31.180642780861206,26793.638460242473,0.0,0.006787553618572157,0.023704066920826508,0.02212325962964742,0.03230987282879384,0.047230209266600306
0,0.0,7,326187.7872934664,313829.3292902042,315852.86159938236,328118.359881279,310737.78136354336,571.1285208194968,572.8161658693642,326187.7872934664,313829.3292902042,315852.86159938236,2023.5323091781465,1930.5725878126104,12358.458003262174,29.642697664586276,24.99202955873701,31.092805923385566,25348.31484155475,0.0,0.0033390954728426112,0.02824340558057821,0.18639557645775173,0.18604458007161637,0.1911573418344645
1,0.0,7,308147.10894479713,315813.5849542745,317690.1693203815,308840.89072322485,317731.403342753,555.1099971580381,555.7345505933789,308147.10894479713,315813.5849542745,317690.1693203815,1876.584366106952,693.781778427714,7666.476009477396,30.080279212013863,25.144199795063145,31.56513973561805,25823.641639573678,0.0,0.00375149404859137,0.011547656706943757,0.03384937924920239,0.03253953191087207,0.049923758049808725
2,0.0,7,331303.16289363685,317613.63895914546,319578.826348779,332750.9343994904,314189.1163103263,575.5894047788205,576.8456764157035,331303.16289363685,317613.63895914546,319578.826348779,1965.18738963356,1447.7715058535687,13689.523934491386,29.762478413034618,25.066014414317287,31.60225019111794,25931.092496778405,0.0,0.004671371258294466,0.01984470043332268,0.026699716470455638,0.029866972826781024,0.04603327333507666
3,0.0,7,326098.8601079938,319763.937571787,321526.0320649109,326698.51830645546,318179.2158672509,571.0506633460764,571.5754703505527,326098.8601079938,319763.937571787,321526.0320649109,1762.0944931239355,599.658198461635,6334.922536206839,29.57438320606558,24.963850697676214,31.154501944928505,25702.466170045263,0.0,0.004031121614676036,0.013235067245092106,0.022225834348423273,0.027467124331457534,0.04470522331779957
4,0.0,7,327046.05107195815,321547.9467208954,323777.87862649054,331180.2133834885,320172.56047913246,571.8794025596289,575.4825917293141,327046.05107195815,321547.9467208954,323777.87862649054,2229.93190559512,4134.162311530323,5498.104351062735,29.72305617871523,25.08538284872229,31.111435178245127,25742.69966274328,0.0,0.004545642572533172,0.020755887978164182,0.030825900535933873,0.03200165665103365,0.05192527877382515
5,0.0,7,309466.24740032415,323532.2082757597,324714.10323295323,311671.1230243182,327050.89905170177,556.2969057979059,558.2751320131663,309466.24740032415,323532.2082757597,324714.10323295323,1181.8949571935227,2204.8756239940412,14065.960875435558,29.68997186538383,24.8483741904478,31.301539411842658,26196.781905707692,0.0,0.005126755976647984,0.015041019623267227,0.02066640721766553,0.019794687573848186,0.03978067644684579
6,0.0,7,311145.92555732327,324841.3549244889,325713.03503573773,312594.2577517155,328267.3548553552,557.8045585662807,559.1012947147551,311145.92555732327,324841.3549244889,325713.03503573773,871.6801112488029,1448.3321943922201,13695.429367165663,29.704784594810093,24.923644413744384,31.082190236730092,25508.21289354963,0.0,0.0063168169603204476,0.018379395628143586,0.0257826867188322,0.032843064396971294,0.044149915174203566
7,0.0,7,358790.9831305803,325734.7508134231,326473.95259660925,359120.2457008032,317465.5212334584,598.9916386149145,599.2664229712884,358790.9831305803,325734.7508134231,326473.95259660925,739.201783186174,329.2625702228979,33056.232317157206,29.93751683163069,24.72880422382746,30.918754450882158,25583.96162443817,0.0,0.006022973421454987,0.014991312576331276,0.026775614480780634,0.025010601558369667,0.0383443077325392
8,0.0,7,330004.66533770546,326442.69231649314,327659.22735864524,330303.17174465535,325551.6418063369,574.4603252947112,574.7200812088049,330004.66533770546,326442.69231649314,327659.22735864524,1216.5350421520998,298.50640694989124,3561.973021212325,29.879303158249446,25.27626957626998,30.85426374854356,25856.502568405183,0.0,0.0031147529523137345,0.013580649811473753,0.02389684678565263,0.0291928899267003,0.038177513681377374
9,0.0,7,326653.78138474235,327689.11174696515,328925.45167718496,326763.22428562574,327948.10631035594,571.53633426471,571.6320707287388,326653.78138474235,327689.11174696515,328925.45167718496,1236.3399302198086,109.44290088338312,1035.3303622227977,29.833357719532025,25.001011639387972,31.145285834962124,26072.527257864578,0.0,0.01104239973812128,0.016169807744193493,0.02265124661616899,0.024507270992473525,0.03209639752140125
10,0.0,7,318612.3593732425,328896.9607269478,331201.82058583695,320387.3077885348,331469.720045561,564.4575797819022,566.0276563813245,318612.3593732425,328896.9607269478,331201.82058583695,2304.8598588891327,1774.9484152923105,10284.601353705337,29.61338306843181,24.910891794902817,31.373699929833386,26743.20422873263,0.0,0.005919138588513298,0.013430488171451793,0.022575642957079017,0.02434447326311837,0.03661477852546973
11,0.0,7,307007.29432400345,331138.477377051,331924.1671252427,307270.7922595274,337175.0483566854,554.0823894729045,554.3201171340685,307007.29432400345,331138.477377051,331924.1671252427,785.6897481916822,263.4979355239775,24131.18305304757,29.34972775153906,24.934081463827823,31.210838719578568,25860.563540303858,0.0,0.0019897661198604133,0.00750800455978185,0.026209103871052058,0.028311929704100493,0.052324088216007
12,0.0,7,340245.08701336465,331901.30946446926,333282.04376128427,340398.69162554166,329814.05973031983,583.3053120050979,583.4369645690455,340245.08701336465,331901.30946446926,333282.04376128427,1380.7342968150042,153.60461217700504,8343.777548895392,30.024045244164963,25.114843922485946,31.143391973346795,26461.779807775638,0.0,0.0017306972195308909,0.011164143608737312,0.023874521682178584,0.02605577325576642,0.04089310024865704
13,0.0,7,310144.5175691703,333158.1695593759,333800.51578619407,311350.8502641972,338915.18294053024,556.9062017693557,557.9882169582053,310144.5175691703,333158.1695593759,333800.51578619407,642.3462268181611,1206.3326950269402,23013.65199020563,29.72602454246869,24.81603508022113,31.45146983064951,26406.9753326455,0.0,0.006154167356199606,0.013808093738879784,0.0287969174807109,0.034382223653639195,0.04491930368226789
14,0.0,7,329891.8774261292,333902.29934508126,334847.4250384956,329402.14412673045,334905.5322375101,574.3621483229281,573.9356620098898,329891.8774261292,333902.29934508126,334847.4250384956,945.1256934143603,489.73329939873656,4010.421918952081,29.662594412946277,24.862733415370734,30.932015380927933,26236.950811294355,0.0,0.005477823126557385,0.01760200880969587,0.020429571661493555,0.028234398212319038,0.03890482466428349
15,0.0,7,339016.10164965794,334870.3183305856,336694.51069042354,340598.1494156422,333833.22391143726,582.2508923562573,583.6078729897689,339016.10164965794,334870.3183305856,336694.51069042354,1824.1923598379362,1582.0477659842581,4145.783319072332,29.91846098196407,25.09650034380646,31.627188776357066,27216.93741539904,0.0,0.004154615876419277,0.013268249279978828,0.021667693298373196,0.03263925868884094,0.04202407163919785
16,0.0,7,337966.0922240643,336639.08623209567,338753.65993574663,339776.62561388884,336307.127129912,581.3485118447146,582.9036160583402,337966.0922240643,336639.08623209567,338753.65993574663,2114.573703650967,1810.533389824559,1327.0059919686173,29.61017735305644,24.530936875848663,30.98702365089456,26496.209662404228,0.0,0.0046854855762349535,0.010089265314165555,0.026356892759611953,0.025790295705183746,0.035107085525172346
17,0.0,7,350368.3664852744,338844.60415112117,340220.57084746275,353418.87528335594,335961.8607261664,591.9192229394771,594.4904332984307,350368.3664852744,338844.60415112117,340220.57084746275,1375.9666963415802,3050.5087980815442,11523.76233415323,29.707129288450407,24.865968898820583,30.99620171510059,26773.889347783974,0.0,0.005589081416691746,0.016978240384659574,0.021281962857565135,0.023806570343123317,0.033020823377618254
18,0.0,7,337467.6101797516,340387.95873142633,342043.40664298437,340729.0657110978,341118.5027449007,580.9196245434919,583.720023394005,337467.6101797516,340387.95873142633,342043.40664298437,1655.4479115580325,3261.455531346204,2920.348551674746,29.472261256485996,25.036704440874118,31.877304653673956,27797.72838826868,0.0,0.004369260761403464,0.014816518963579349,0.022079140653357025,0.023913843898524176,0.03695369161524315
0,0.0,8,328108.085403215,313807.51842545695,315571.9339037757,329505.40078159724,310230.13942085195,572.807197408705,574.0256098656203,328108.085403215,313807.51842545695,315571.9339037757,1764.415478318755,1397.31537838222,14300.566977758077,29.53875035899664,24.87110913858872,31.18826082544143,25390.95905939202,0.0,0.010131607942903525,0.0243971750645277,0.18579637535326557,0.18580472512435334,0.1927911616073597
1,0.0,8,319482.23159834405,315562.2212671528,316930.60287565214,320730.36428606394,314581.6054161555,565.227592743263,566.330613940359,319482.23159834405,315562.2212671528,316930.60287565214,1368.3816084993305,1248.132687719888,3920.010331191239,29.573141165391334,24.65513147356741,31.63655791412399,25970.977434034598,0.0,0.007343479351756054,0.028348137805609564,0.03538732305500038,0.04071799020945027,0.05328745786414232
2,0.0,8,322681.589310457,316912.8184988055,318706.10914032365,325412.2507096147,315469.7232973301,568.0506925534524,570.4491657541579,322681.589310457,316912.8184988055,318706.10914032365,1793.290641518135,2730.661399157718,5768.770811651484,30.01130894791646,24.93415820966646,31.643119695417063,25860.83249667468,0.0,0.005786972989862814,0.02181100043678492,0.02773773273078913,0.031052927318751568,0.044155933653279904
3,0.0,8,297229.423128451,318847.6492790495,320378.2603826727,300153.5585682014,324255.5878921295,545.1875118970087,547.8627187245007,297229.423128451,318847.6492790495,320378.2603826727,1530.6111036232323,2924.135439750389,21618.226150598493,30.013678408610925,25.08115115374919,31.005011538771832,25987.738882919053,0.0,0.0034271653955769378,0.008042399294983297,0.030708027087637157,0.033203655943018634,0.04240445270120133
4,0.0,8,318833.08398167236,320177.935455082,322018.26434535236,321679.2331400592,320514.35871947213,564.6530651485674,567.1677292830219,318833.08398167236,320177.935455082,322018.26434535236,1840.328890270379,2846.149158386863,1344.8514734096243,30.22555620651662,25.495518057524137,31.636248730259563,25739.491051386485,0.0,0.004453672779000115,0.01678329347485252,0.029840445230782862,0.04145792440437822,0.047143882915990275
5,0.0,8,339893.7721717089,322107.20445792755,324279.22862268385,343464.9945314254,317657.77989999007,583.004092757254,586.0588660974471,339893.7721717089,322107.20445792755,324279.22862268385,2172.0241647562943,3571.222359716543,17786.567713781318,29.548929086379108,24.969763275956876,31.502058170224963,25937.963439995892,0.0,0.00462043417837264,0.014751205485740021,0.02813295355876153,0.0288742999153911,0.04284830079912043
6,0.0,8,322448.41381195374,324268.29955998214,325185.1839797443,323285.5299154874,324723.5557100286,567.8454136575849,568.582034464234,322448.41381195374,324268.29955998214,325185.1839797443,916.8844197621802,837.1161035336554,1819.885748028406,29.687400585819198,25.01103922281985,31.54176695861061,26393.743220963668,0.0,0.006075015334607228,0.011328958429328333,0.02199724840088742,0.02628340052020373,0.031238237785145093
7,0.0,8,303862.3909212189,325077.49154085584,327761.2903177964,307012.8399815997,330384.5857039971,551.2371458104207,554.0873938122033,303862.3909212189,325077.49154085584,327761.2903177964,2683.798776940559,3150.449060380808,21215.10061963694,29.931275093010992,24.994026758104432,31.463675967092204,26295.09995379712,0.0,0.01057507344425331,0.022481703134793314,0.030098376187919555,0.029985959927156018,0.0461307023019356
8,0.0,8,308820.69913022115,327858.1883928497,328670.4916523802,310315.32860075345,332620.53903911734,555.7163837158494,557.0595377522527,308820.69913022115,327858.1883928497,328670.4916523802,812.3032595305122,1494.6294705322944,19037.489262628544,29.348548482553873,24.78446858846723,30.965501243379855,25732.78990185959,0.0,0.006979355878346858,0.015136680065514496,0.0304588783348148,0.027050273962996797,0.04289906569210675
9,0.0,8,324811.9222081475,328652.73832722375,330593.4783414911,326433.20105960325,329613.5432356098,569.922733542142,571.3433302836423,324811.9222081475,328652.73832722375,330593.4783414911,1940.7400142673287,1621.278851455776,3840.8161190762767,29.990441258002573,25.125073871365263,31.480044554507685,26549.213931769733,0.0,0.008414552790200312,0.01574443968477074,0.025184568902716198,0.02402746357775976,0.031751731012951895
10,0.0,8,330505.0887325731,330643.5693074298,331806.25370052777,330167.37657581846,330678.2111158146,574.8957198767208,574.6019287957694,330505.0887325731,330643.5693074298,331806.25370052777,1162.6843930979958,337.71215675462736,138.48057485668687,29.580649395676993,24.88576648370306,31.179570165661545,26047.103957832962,0.0,0.0029671081239434085,0.016948971834978736,0.024471351758674025,0.02676984531815004,0.04045477630794531
11,0.0,8,327561.6531467048,331796.3515992249,333192.5246559691,330427.0732775787,332855.6887121128,572.330021182451,574.8278640406871,327561.6531467048,331796.3515992249,333192.5246559691,1396.1730567442137,2865.420130873914,4234.698452520126,29.638693666403903,24.753621782117552,30.98763634291838,26152.149109779206,0.0,0.0014735805937604108,0.015198200382112698,0.021215640843983592,0.031208965010798277,0.04509083521745493
12,0.0,8,342168.63306679996,333164.7151424174,334693.63994056283,344401.22587287356,330912.3270383674,584.9518211500841,586.8570744848132,342168.63306679996,333164.7151424174,334693.63994056283,1528.9247981454246,2232.592806073604,9003.91792438255,29.78594298259473,24.970948483119237,30.81241203803192,25970.078977422465,0.0,0.002967493228946549,0.026568403247838428,0.025807997600059886,0.039108260286881885,0.051809027816774426
13,0.0,8,331495.46835476736,334603.4512596502,335522.4355485305,332676.93093330046,335380.93321598746,575.756431448896,576.7815279057578,331495.46835476736,334603.4512596502,335522.4355485305,918.9842888803105,1181.462578533101,3107.9829048828105,29.6638304794755,24.89274204590203,31.0566057025488,26244.587243184505,0.0,0.0020047286377818416,0.028965545169247344,0.030650075894596545,0.03654428993371625,0.048826104472793556
14,0.0,8,341976.89401386864,335561.09141363297,337187.07996616996,344466.26265756675,333956.13703976304,584.7879051535425,586.9124829628066,341976.89401386864,335561.09141363297,337187.07996616996,1625.98855253699,2489.368643698108,6415.802600235678,29.65008810916693,24.97323341312704,31.379908036112976,26794.157560800086,0.0,0.00406001897229579,0.01695343397420743,0.028640531773701614,0.025716137846710715,0.0382528426162389
15,0.0,8,340252.13810283487,337187.4866563808,338137.50835673226,341969.1558561599,336420.8443436649,583.3113560550959,584.7812889073657,340252.13810283487,337187.4866563808,338137.50835673226,950.0217003514408,1717.0177533250535,3064.6514464540523,29.885465149659385,24.691412973305056,31.343084749431654,26203.77589504647,0.0,0.009598216177206458,0.02095492466380001,0.02625370632643805,0.026151367075880262,0.03676066735383918
16,0.0,8,341116.2194544023,338161.21920606977,339706.80930361943,343600.66789577843,337422.006847327,584.0515554763999,586.174605297584,341116.2194544023,338161.21920606977,339706.80930361943,1545.5900975496625,2484.448441376153,2955.000248332508,30.03292368561903,24.92826669217708,31.049136891447304,26230.999824464812,0.0,0.005456112460664529,0.018952671306502872,0.02054254502612593,0.028144079508768176,0.03821465324653066
17,0.0,8,342696.7886265453,339657.65102178924,341316.54651637573,343205.6334053037,338897.39116102504,585.4030992628458,585.837548647493,342696.7886265453,339657.65102178924,341316.54651637573,1658.895494586497,508.8447787584155,3039.137604756048,30.13335670401757,25.104910111939926,31.267590710337522,26874.031366667336,0.0,0.0054982534142600905,0.017600980860132214,0.0293205530262255,0.03152322284721324,0.03757678976703048
18,0.0,8,352064.17941443645,341296.94115932775,342718.2216102926,354854.0468203642,338603.447108965,593.3499636929596,595.6962706114284,352064.17941443645,341296.94115932775,342718.2216102926,1421.2804509648704,2789.86740592774,10767.238255108707,29.48098798478,25.03706208782624,31.260662024482713,26917.46561897247,0.0,0.006264714220521278,0.015618871600696888,0.018046063135847376,0.019281925033842365,0.03313198370093104
0,0.0,9,319057.64064629044,313759.36532737775,314718.58307935024,322082.6865816463,312433.9676060165,564.8518749604098,567.5232916644446,319057.64064629044,313759.36532737775,314718.58307935024,959.2177519724937,3025.0459353558836,5298.275318912696,29.801826156356057,25.196031879114827,31.696813719430676,25903.149102953303,0.0,0.005413339616209176,0.015660693883946857,0.1845036144049175,0.18746237822213108,0.1933088736384432
1,0.0,9,316080.06604111294,314649.35023037327,316440.9930352639,316988.64045664587,314291.4474485565,562.2099839393755,563.0174424088883,316080.06604111294,314649.35023037327,316440.9930352639,1791.6428048906382,908.5744155329303,1430.715810739668,30.163262178152173,24.970248355263625,31.563817384728942,25528.12283686388,0.0,0.005680652256528686,0.018369270600437842,0.035940707926827554,0.03425193497712072,0.06095174765022083
2,0.0,9,339912.37583414145,316497.21375395136,318773.49728734256,341194.09148040187,310639.7600358312,583.0200475405125,584.1182170420658,339912.37583414145,316497.21375395136,318773.49728734256,2276.2835333911935,1281.715646260418,23415.162080190086,29.99428756792018,25.110259316772314,31.508085785347056,26055.741291068578,0.0,0.003889065164196029,0.014454074051017533,0.02849277131523784,0.026604741474437033,0.04527984928557445
3,0.0,9,314323.9758857846,318832.02984004817,320729.4552502778,317119.7180719056,319959.7485936257,560.6460343976265,563.1338367314697,314323.9758857846,318832.02984004817,320729.4552502778,1897.4254102296545,2795.7421861210023,4508.053954263567,30.276344571855507,24.96067734343555,31.61781362740524,25877.415117377685,0.0,0.0048548392809259645,0.03262535202086944,0.029645266156803463,0.04693463678776377,0.053020690567497905
4,0.0,9,316593.6815985802,320714.93837923364,322751.87473966304,317937.15622572,321745.89732670947,562.6665811993638,563.8591634670133,316593.6815985802,320714.93837923364,322751.87473966304,2036.9363604293903,1343.4746271398035,4121.256780653435,29.789515683150903,24.922011245412094,31.628852384105265,26056.703392672553,0.0,0.008278212009116619,0.03745132706236398,0.026080630684493466,0.04489941675690065,0.05237875476558944
5,0.0,9,319072.3153111338,322741.1223046954,323694.49061641644,320253.7133937615,323658.89802163927,564.864864645637,565.9096335933516,319072.3153111338,322741.1223046954,323694.49061641644,953.3683117210167,1181.398082627682,3668.806993561622,29.865040552424794,24.57212163366111,30.77089486725169,25359.266965071292,0.0,0.005066637605873551,0.01371642026854658,0.030689018728387977,0.029201441360653255,0.04574389972327173
6,0.0,9,332158.1609160687,323726.259528179,324976.1050916683,332223.3633806078,321616.9650476978,576.3316414323169,576.3882054489038,332158.1609160687,323726.259528179,324976.1050916683,1249.8455634893035,65.20246453909203,8431.901387889695,30.213147349596117,24.95251244492454,31.767382180590733,26205.607460711937,0.0,0.0038382305794408553,0.009197890071982944,0.029850268548230828,0.025839159242914283,0.041899948584663796
7,0.0,9,317821.99756849615,324917.15802255046,326232.68281920353,317697.6054392451,326692.0581423929,563.7570377108353,563.646702677524,317821.99756849615,324917.15802255046,326232.68281920353,1315.5247966530733,124.39212925103493,7095.160454054305,29.840210477545416,25.215594910149964,31.532273916595997,26432.46703150936,0.0,0.004405501016524946,0.015929723750846857,0.021765882440012405,0.03281743273167536,0.042703278786397354
8,0.0,9,349984.04525628086,326174.4053782535,328454.3569434674,352574.8691073985,320218.2704963753,591.5944939367513,593.7801521669435,349984.04525628086,326174.4053782535,328454.3569434674,2279.951565213909,2590.8238511176314,23809.639878027374,29.817624797064507,25.456426410583806,31.54861655956236,26406.959346688116,0.0,0.009190141401815791,0.014840543255372362,0.03339599399521622,0.03713532969835316,0.05032867298440663
9,0.0,9,329308.14313434006,328599.53878767125,331249.95001667587,332678.6469452543,328422.2768430024,573.853764590196,576.7830154791785,329308.14313434006,328599.53878767125,331249.95001667587,2650.411229004618,3370.5038109142333,708.6043466688134,29.774983733040674,25.14824583751162,31.05680959695322,26613.9191268569,0.0,0.002823635738528779,0.016657036197959264,0.01988940715363297,0.021980967437947842,0.04261916708198882
10,0.0,9,328310.62238591036,331197.57248772035,331876.0271196011,327920.7713122657,331919.7616636895,572.9839634631238,572.6436687087929,328310.62238591036,331197.57248772035,331876.0271196011,678.4546318807406,389.85107364464784,2886.9501018099836,29.60291079494608,25.068627051555573,31.21299931942794,26452.36941434714,0.0,0.0035982802462330298,0.008167166790519311,0.02291418023019404,0.019509365733774896,0.035358282508585574
11,0.0,9,341979.4742061853,331752.3379937688,332855.34082115116,342739.3951014946,329193.95395064395,584.7901112417902,585.4394888470496,341979.4742061853,331752.3379937688,332855.34082115116,1103.0028273823555,759.9208953093039,10227.136212416517,29.929221865392552,24.94822288356023,31.55472409624386,26711.55224342859,0.0,0.003949273044337402,0.011152971406824665,0.027046108659036013,0.03566603430567073,0.04512694535431424
12,0.0,9,318541.42041420727,332871.40415266517,334563.0553624175,321309.5344474927,336456.14194956666,564.3947381170445,566.8417190428847,318541.42041420727,332871.40415266517,334563.0553624175,1691.6512097523082,2768.114033285412,14329.9837384579,29.87357307424548,25.077364267662993,31.165987340386245,26479.478835818198,0.0,0.010198900085253345,0.014078088743185774,0.02655331991476928,0.035368779794672206,0.048519775136974475
13,0.0,9,346959.64996240346,334754.7729076216,335657.8023336468,347125.87336275895,331701.6442451378,589.0328089015105,589.1738905983182,346959.64996240346,334754.7729076216,335657.8023336468,903.0294260252267,166.22340035549132,12204.877054781886,30.05563023221225,25.14047630992041,31.412854453999763,26599.312899342196,0.0,0.00453891071859375,0.01770831429322979,0.02373276414487294,0.0214180281303486,0.03597158212672111
14,0.0,9,326231.0695138694,335629.8037306842,336778.40580125555,326167.49027682806,337980.95767509716,571.1664114020268,571.1107513230933,326231.0695138694,335629.8037306842,336778.40580125555,1148.6020705713308,63.579237041354645,9398.734216814802,29.199611766052165,25.045180778203065,31.301184963472835,26717.878362848398,0.0,0.004025453289466494,0.011181328942034026,0.024182842371546043,0.02625922886918763,0.040178285746023314
15,0.0,9,330333.65960143425,336725.9930132513,338413.8964347126,332705.5394892729,338325.0764183664,574.7466046889135,576.8063275392121,330333.65960143425,336725.9930132513,338413.8964347126,1687.9034214612911,2371.8798878386733,6392.333411817031,29.47935639837395,24.625007326581855,30.793131915508205,26570.704734467407,0.0,0.0049340130204994295,0.015397953005710972,0.023184707127795346,0.02863869651094717,0.037801250300669526
16,0.0,9,342962.07165385125,338371.8078810676,339625.6864772372,343953.7705788028,337223.52381149924,585.6296369326361,586.4757203659865,342962.07165385125,338371.8078810676,339625.6864772372,1253.878596169583,991.6989249515464,4590.263772783626,29.937200836849055,25.074917382372877,31.266703782481304,26733.041947184232,0.0,0.006320928733023494,0.012745659445001712,0.017895860075123546,0.022540480802825717,0.03093826600104026
17,0.0,9,326970.86504796246,339581.4236461773,340429.3149610199,329940.35369534115,342736.0361615943,571.81366287276,574.4043468632016,326970.86504796246,339581.4236461773,340429.3149610199,847.8913148426218,2969.48864737869,12610.558598214819,29.933864282345745,25.226249370621336,31.41993611990615,26821.824187658443,0.0,0.00916283591294383,0.017667632233085557,0.02493306642531699,0.03200383181133217,0.04589068120550803
18,0.0,9,380516.86499921407,340468.80358206294,341945.00872584956,381447.47638431826,330450.5228865022,616.8604907101881,617.6143427611751,380516.86499921407,340468.80358206294,341945.00872584956,1476.2051437866176,930.6113851041882,40048.061417151126,29.72883364578872,25.168857644936118,31.1000922288492,26653.11214262382,0.0,0.0032719339384890637,0.015746086620511357,0.0243210607153583,0.025718264760151634,0.03515979082626036
0,0.05,0,315490.42253039224,313890.7598645813,321014.4855070706,325780.2971334397,313490.59393801185,561.6853412101764,570.7716681243382,315490.42253039224,313890.7598645813,321014.4855070706,7123.725642489328,10289.874603047443,1599.6626658109599,89.66581395742199,60.803536352194136,41.15986243553118,34426.809221730255,0.0,0.087257809664438,0.09763541705767238,0.2455758783147656,0.2466763842376013,0.25329696309057126
1,0.05,0,320772.95235659427,319362.2478334528,324181.5245116662,325399.88950255775,319009.35100421275,566.3682126996484,570.438331024974,320772.95235659427,319362.2478334528,324181.5245116662,4819.276678213384,4626.937145963486,1410.7045231414377,86.01973955898731,61.4220111840788,39.65551802455058,33760.47354218546,0.0,0.07820047542308142,0.08847090985555613,0.08679358818061818,0.09387367489938797,0.10404065185783022
2,0.05,0,297069.2005967967,323431.30576999206,326140.3542110135,299786.53264379135,330025.956297517,545.0405494977384,547.5276546840272,297069.2005967967,323431.30576999206,326140.3542110135,2709.048441021412,2717.3320469946484,26362.105173195363,79.80345276226294,59.5591444143237,38.43460869181387,32957.65031273957,0.0,0.0733629525776563,0.08157913437635432,0.07948667806494483,0.08544719794778766,0.09515736542233381
3,0.05,0,321945.21059650066,325747.31704930385,330356.64120014367,325288.91379428364,326698.43848516623,567.4021594922782,570.341050420083,321945.21059650066,325747.31704930385,330356.64120014367,4609.3241508398205,3343.7031977829756,3802.1064528031857,79.21741522151099,58.84843111788509,36.55984051377293,32326.45772195625,0.0,0.07249284151996317,0.0888228974153943,0.07825565715815451,0.0913834650905539,0.10508306346308417
4,0.05,0,341525.1501383856,329786.4865278078,334296.7676514409,345935.3781430162,326849.98416339705,584.4015316016768,588.1627140026952,341525.1501383856,329786.4865278078,334296.7676514409,4510.281123633147,4410.228004630597,11738.663610577816,80.07425588160888,58.55395753922068,36.32017514660729,32684.48030878449,0.0,0.077277212470866,0.08203449372696776,0.08256251368391565,0.09744722492009786,0.10934721043920159
5,0.05,0,341401.7329388249,333532.43024760653,339442.79432379757,346031.85793311737,331563.87345735956,584.2959292506024,588.2447262263534,341401.7329388249,333532.43024760653,339442.79432379757,5910.364076191036,4630.124994292448,7869.302691218385,79.68026218638269,58.937160843349645,35.65534741938191,32694.809286270633,0.0,0.054589635824649485,0.06945674129958962,0.061910991608344484,0.07609109772959288,0.10255946741847694
6,0.05,0,347864.44522723084,339029.39897128777,345171.49568433536,354813.582683338,336819.25520356983,589.800343529258,595.6623059111076,347864.44522723084,339029.39897128777,345171.49568433536,6142.096713047591,6949.137456107186,8835.046255943074,78.71041529710116,59.30047661261385,35.51314568737561,32407.92504101862,0.0,0.04245589423040986,0.05605579539636119,0.046907535094139106,0.06315683093088535,0.08561300582968401
7,0.05,0,340326.22496852913,344471.2365037153,348539.9449508726,344987.4509117214,345508.13785615,583.3748580188635,587.3563236330408,340326.22496852913,344471.2365037153,348539.9449508726,4068.708447157347,4661.225943192258,4145.011535186146,78.0165335411229,58.923421534964156,35.60908869929453,32052.505290543715,0.0,0.04706210140878147,0.05805898158658849,0.05673546015837878,0.07426561261457501,0.09529541388295237
8,0.05,0,352668.69499265216,347667.01660548843,350638.2884494601,355720.14288612065,346415.8145183365,593.8591541709635,596.422788704557,352668.69499265216,347667.01660548843,350638.2884494601,2971.2718439716846,3051.4478934684885,5001.678387163731,74.8104667073136,58.22126880619957,35.916706351698146,32512.888938043194,0.0,0.04186598300645408,0.052948398391139906,0.05892131603099564,0.06613713971273283,0.08276400044713253
9,0.05,0,358370.23120956484,350077.47230630147,353743.8781604446,363714.32407037966,348002.9852152004,598.6403187303415,603.0873270682941,358370.23120956484,350077.47230630147,353743.8781604446,3666.405854143144,5344.092860814824,8292.75890326337,70.11890807637617,57.07461178081755,35.23701599150785,32266.61597860028,0.0,0.02630362595172211,0.05256347706090162,0.06195827217911786,0.07484416949054971,0.0893152649352618
10,0.05,0,389133.2193867738,353270.19247592194,355993.206681238,393550.17942104884,344298.8251369901,623.8054339189214,627.3357788465829,389133.2193867738,353270.19247592194,355993.206681238,2723.0142053160816,4416.96003427502,35863.026910851884,64.26599089802546,55.424389839759016,34.334166838540604,32138.021820749273,0.0,0.02979953801001997,0.05270421535969274,0.05868373085898895,0.066537421795899,0.0852460344097242
11,0.05,0,341702.61134767265,355379.61078753916,356340.3442257234,342726.99903953186,358801.0003533006,584.5533434577828,585.4289017801665,341702.61134767265,355379.61078753916,356340.3442257234,960.733438184252,1024.387691859214,13676.999439866515,60.2954017570768,54.02178034301546,33.342150049388344,31757.13254646415,0.0,0.0267113669653816,0.04208201560345788,0.05310090416948601,0.05587883268138997,0.07269296833478431
12,0.05,0,359701.67335841386,355907.4440881068,355909.62437691435,361758.4990072025,354958.29318021855,599.751342940067,601.4636306604103,359701.67335841386,355907.4440881068,355909.62437691435,2.1802888075471856,2056.825648788654,3794.229270307056,56.8620016894913,52.56751843654883,32.69042160226803,31862.047765799005,0.0,0.022324721737786407,0.037581490659765564,0.04773079076690092,0.05998692485902865,0.07332847301221365
13,0.05,0,360321.10149830295,355535.5179124247,354922.8220670049,358583.41374146356,354338.3733326657,600.2675249405909,598.8183478664156,360321.10149830295,355535.5179124247,354922.8220670049,612.6958454197738,1737.687756839383,4785.583585878252,54.877404904495585,51.87572342300315,31.359737273799162,31016.340742040637,0.0,0.021257415407950044,0.03407502287018239,0.052540226939935236,0.0701235243739683,0.08075740098552514
14,0.05,0,381211.6548620059,355060.507451024,354051.6229761654,382128.5693045052,348518.629367457,617.4233999955022,618.1654869891275,381211.6548620059,355060.507451024,354051.6229761654,1008.8844748586416,916.9144424992846,26151.14741098188,53.85687549268474,49.985911909209065,30.50919656382933,30670.667041723562,0.0,0.020138453191910554,0.026024593526702337,0.04222137071630572,0.06547810217082112,0.07807868578688903
15,0.05,0,315836.6285047735,353191.84034731943,351964.36492436833,312982.9188322307,362536.4873648774,561.9934416919591,559.4487633664326,315836.6285047735,353191.84034731943,351964.36492436833,1227.4754229511018,2853.7096725428128,37355.21184254595,52.55877531291303,49.15135341055562,29.93299163960442,29933.9045786002,0.0,0.02045482168907035,0.036023531751621714,0.04428197621670247,0.05305037575939513,0.07439534502747751
16,0.05,0,345717.5136718472,352125.0853293618,352427.2600128104,347861.7810858663,353727.98067985714,587.9774771807566,589.7980850137327,345717.5136718472,352125.0853293618,352427.2600128104,302.17468344862573,2144.267414019152,6407.571657514607,52.030348205920085,48.12789897229418,28.98277630282364,30261.909419489355,0.0,0.020286028158475328,0.026822012476102747,0.03744555401118105,0.045910856617320195,0.05975530045170955
17,0.05,0,406063.97568695864,351896.6211873251,352170.7986337145,407184.7655198184,338346.30832047376,637.2314930125148,638.1103082695173,406063.97568695864,351896.6211873251,352170.7986337145,274.1774463893962,1120.7898328597657,54167.35449963354,51.35274259114734,46.96198752334971,27.958203501246075,29278.073747407263,0.0,0.01844275159802864,0.03353662893550469,0.03990247822249576,0.05234490115961551,0.06696931246901276
18,0.05,0,379117.7487509825,351886.5163095659,352563.07999237196,381964.9484096489,345074.4479938862,615.725384202229,618.0331288933053,379117.7487509825,351886.5163095659,352563.07999237196,676.5636828060378,2847.199658666388,27231.232441416592,51.05139709636762,46.25580555039886,26.625392715582947,28510.938111079693,0.0,0.020260771090750987,0.059439674526340164,0.04060063662220284,0.06181472706611157,0.07390498679222798
0,0.05,1,296216.5899807804,313817.86304489267,319309.5229637022,300008.1888305856,318220.9349518882,544.2578341014306,547.7300327995404,296216.5899807804,313817.86304489267,319309.5229637022,5491.659918809542,3791.5988498052466,17601.27306411229,90.26979683005099,62.06232835328864,40.40919185929648,33871.376284728954,0.0,0.09559559659284947,0.10168915084096376,0.25334985227863455,0.25104967504148074,0.25885703737508775
1,0.05,1,328268.4091620493,318191.5190219842,322586.707727256,333181.2802814675,315670.7200022777,572.9471259741595,577.2185723635956,328268.4091620493,318191.5190219842,322586.707727256,4395.188705271808,4912.8711194181815,10076.890140065108,86.08075672783667,61.56503453029708,39.62806525734206,33246.9361128893,0.0,0.08316217363904638,0.08929751869074974,0.08878181605653211,0.09543714735246396,0.10165471320111316
2,0.05,1,325276.702732889,321819.28034010716,325192.35496439715,327960.0038512736,320954.38384353986,570.3303452674502,572.6779233140331,325276.702732889,321819.28034010716,325192.35496439715,3373.0746242899913,2683.3011183846393,3457.422392781824,79.26129760552178,58.767594365846485,38.32282800892179,33163.9813953345,0.0,0.07253353661086172,0.08023531055029277,0.07798133423756283,0.08559273255738122,0.09328495535921119
3,0.05,1,309254.74856499286,324302.98532884446,327890.6818734976,312300.6995272629,328067.3987495889,556.106778024682,558.8387061820815,309254.74856499286,324302.98532884446,327890.6818734976,3587.696544653154,3045.950962270028,15048.2367638516,78.18462311824379,57.65161570280026,36.57895916004482,32826.793382235046,0.0,0.06119434236162247,0.086271206607326,0.06872587183784676,0.07781347536559985,0.0959194434603206
4,0.05,1,333075.0177762625,327675.65483045415,331992.41036273685,337678.9166036747,326324.96938765893,577.1265179977978,581.1014684232649,333075.0177762625,327675.65483045415,331992.41036273685,4316.755532282696,4603.898827412224,5399.362945808331,78.69501978295598,58.424862714638294,35.50239936415211,31702.437998080743,0.0,0.05941747408814506,0.06562793699124186,0.0639850400995632,0.07342311574215002,0.07983493865683212
5,0.05,1,328129.71316875255,331153.6904022118,335746.4808359059,334789.76202197175,331910.1577983791,572.8260758456729,578.6101986847206,328129.71316875255,331153.6904022118,335746.4808359059,4592.790433694085,6660.048853219196,3023.9772334592417,79.57235171781828,58.34314014458945,35.6989668250623,32097.595492029286,0.0,0.06534325128033731,0.07506659908443282,0.06981743335955451,0.08491295945229692,0.11057346616831316
6,0.05,1,337650.2664520121,334745.8769190035,339480.9782676384,342059.67788863333,334019.32515691326,581.0768163091797,584.8586819810691,337650.2664520121,334745.8769190035,339480.9782676384,4735.101348634926,4409.411436621216,2904.3895330086234,79.54497501387333,59.942486320027534,34.92600435696191,31435.04459864242,0.0,0.04395725966846689,0.052634155384308795,0.05170648691629295,0.07130653365127565,0.0859374769557254
7,0.05,1,347899.6421555225,338567.8953162149,342155.32150453085,350213.05681919627,336233.4986960565,589.8301807770797,591.7880167924966,347899.6421555225,338567.8953162149,342155.32150453085,3587.4261883159634,2313.414663673786,9331.746839307598,77.76707593855701,59.402457183787796,35.39600003690227,32079.02083126009,0.0,0.04306149849222158,0.061151877825566824,0.05368714630794596,0.06459050575844542,0.0870188228317872
8,0.05,1,346788.5319467915,341785.28467844246,345723.92471079243,349581.7198983384,340533.69012554974,588.8875376052642,591.2543614201408,346788.5319467915,341785.28467844246,345723.92471079243,3938.6400323499693,2793.187951546861,5003.247268349049,74.46528025881686,58.56781652698745,35.2285074374101,32023.86354066439,0.0,0.04022474771333413,0.04876713792022642,0.05496552786520694,0.08989399108297835,0.10072317235646934
9,0.05,1,341435.11189656885,345399.17405342485,348316.09821054974,344637.44309334666,346390.80975255073,584.3244919533741,587.05829616261,341435.11189656885,345399.17405342485,348316.09821054974,2916.924157124886,3202.3311967778136,3964.062156856002,69.41175738385053,56.87145841900591,35.069391285153635,32398.16243475735,0.0,0.0310078865974185,0.04203472453807228,0.058606813370549335,0.08230977444281007,0.0938151834827569
10,0.05,1,360343.6819659673,347557.08327218995,349316.86558524787,363333.0754986367,344358.43319219147,600.2863333159995,602.7711634597633,360343.6819659673,347557.08327218995,349316.86558524787,1759.78231305792,2989.3935326694045,12786.598693777341,64.88508426705985,55.18931439942455,33.75901973946966,31271.632522242333,0.0,0.02282754893832599,0.041508630114953246,0.059703215566020436,0.0748468566678674,0.08428863320790705
11,0.05,1,347766.1564960746,348594.2266671064,349882.297936917,352575.9455270533,348801.3737577634,589.7170139109729,593.7810585788783,347766.1564960746,348594.2266671064,349882.297936917,1288.0712698106072,4809.789030978747,828.0701710318099,60.243130308041565,54.024008062579185,32.56336448575145,31100.943424315195,0.0,0.02844566042071028,0.03579622435605572,0.06207200276312048,0.06553495098315133,0.07408132045166015
12,0.05,1,342521.8104031752,349485.7175142651,349306.712659709,341874.62353597296,351227.78376436414,585.2536291243098,584.7004562474473,342521.8104031752,349485.7175142651,349306.712659709,179.00485455611488,647.1868672022247,6963.907111089909,57.1954892394288,52.788449451496625,31.924254244953335,31109.887264268495,0.0,0.02672452453595342,0.032817451977471504,0.05502462842735332,0.06636961621855124,0.08705866219364548
13,0.05,1,349226.30767497915,349462.2475824248,349533.8429576807,351352.98572088394,349521.2694710365,590.9537271859609,592.7503569976858,349226.30767497915,349462.2475824248,349533.8429576807,71.5953752559144,2126.6780459047877,235.93990744563052,55.49387546018743,51.428347820238635,31.09587181077179,30873.416016763098,0.0,0.02818899908815433,0.050926398559371,0.05145770943728751,0.05686790349451365,0.08975519945253749
14,0.05,1,345224.1491582996,348847.2584257596,348380.41195003845,342980.0478444654,349753.6025619719,587.5577836760394,585.6449844781952,345224.1491582996,348847.2584257596,348380.41195003845,466.8464757211623,2244.101313834195,3623.1092674600077,53.42070673558829,49.43109561993533,30.11693417686639,30942.8880049807,0.0,0.026044105119447415,0.029176261453666353,0.048434239734213146,0.0777534162172549,0.10149355552257458
15,0.05,1,360373.5804082557,348260.09258674097,347370.2983651891,356477.986243876,345229.82553001354,600.3112362835262,597.0577746281142,360373.5804082557,348260.09258674097,347370.2983651891,889.794221551856,3895.5941643796978,12113.487821514718,52.88378481348201,48.85684392028605,29.71385865593753,29782.18495451293,0.0,0.018896860747581862,0.04800995779931592,0.038155511213743776,0.0723285321180826,0.09509864406824528
16,0.05,1,371491.7880094955,347184.8707843787,347200.09166063776,371144.4426479228,341104.3387688967,609.5012616963934,609.2162527772242,371491.7880094955,347184.8707843787,347200.09166063776,15.220876259030774,347.3453615726903,24306.917225116747,52.09299798427295,47.494740410222896,28.895285972266386,29572.643133528883,0.0,0.01972012427939257,0.03899679600191712,0.04093068996998258,0.062431543499349935,0.07609874977973008
17,0.05,1,358636.2159060053,346375.33058225655,345635.24894171534,359607.41918839247,343308.1910902863,598.862434876329,599.672760085359,358636.2159060053,346375.33058225655,345635.24894171534,740.0816405412043,971.2032823871705,12260.88532374875,51.935229479340876,47.18444294309218,27.583272671107938,28286.139273459496,0.0,0.019400960736116312,0.046938544149917785,0.04527126324797953,0.06771329331595285,0.07852553519873956
18,0.05,1,357365.4182870034,345301.32940446027,345476.3485588329,359743.69405773835,342283.4198107202,597.8004836791314,599.7863736846131,357365.4182870034,345301.32940446027,345476.3485588329,175.01915437262505,2378.2757707349374,12064.088882543147,51.509435403292755,46.545626015400146,27.01646885143765,28859.069196227345,0.0,0.01791708121004934,0.05083477791163895,0.0378686094117498,0.05826754573100466,0.07761006567715882
0,0.05,2,291083.520720738,313697.0141578238,319331.01618887536,296931.6521840908,319353.92529767053,539.5215665019684,544.9143530721968,291083.520720738,313697.0141578238,319331.01618887536,5634.002031051554,5848.131463352824,22613.493437085825,89.76733652325795,62.31950853198978,40.61095277048088,33790.26354794124,0.0,0.0942500588006056,0.10173833121850569,0.25079125532578406,0.25262027772925466,0.25763635409271773
1,0.05,2,319623.15008579055,318533.9995539136,323419.2009571637,323125.22907740006,318261.54152818286,565.3522354123936,568.4410515413186,319623.15008579055,318533.9995539136,323419.2009571637,4885.201403250103,3502.078991609509,1089.1505318769487,85.88866216138705,61.5538211275242,39.10238155246851,33169.63904631026,0.0,0.0841887196391593,0.0888579628073724,0.0913846263418875,0.09330403038800633,0.10034976694870056
2,0.05,2,312284.299339104,322372.8549665638,325082.21820575814,315080.00939148414,324896.57218313264,558.8240325353805,561.3198815216545,312284.299339104,322372.8549665638,325082.21820575814,2709.3632391943247,2795.7100523801637,10088.555627459835,79.19065151756841,59.05634655245986,38.33713860889704,33126.71700996262,0.0,0.08258705133651931,0.08932739333672164,0.08643307624869533,0.10286769776835232,0.10898906931899112
3,0.05,2,341112.4122725029,324512.4343468457,328556.1714842175,347405.1276872649,320359.84287263954,584.0482961814912,589.4108309891029,341112.4122725029,324512.4343468457,328556.1714842175,4043.7371373717906,6292.715414761973,16599.97792565718,78.32395737234336,57.797297475400036,36.58890010678749,32463.587085514144,0.0,0.07247140312784849,0.08163877181298676,0.08268784579835513,0.09611783392494437,0.10545295372479252
4,0.05,2,318640.07128155103,327847.33564716973,333024.98629774636,320994.04770790547,330150.592174176,564.4821266271865,566.5633660129337,318640.07128155103,327847.33564716973,333024.98629774636,5177.65065057663,2353.976426354435,9207.2643656187,79.4331415971042,58.640475689449374,35.61711520575563,32137.476550988606,0.0,0.0659762871880375,0.07787021800603912,0.07538478269773756,0.07523024242552019,0.1051531957735689
5,0.05,2,318148.4639100099,332171.79575201095,336370.39037056785,320594.7347344307,335679.82260047144,564.0465086409187,566.2108571322442,318148.4639100099,332171.79575201095,336370.39037056785,4198.594618556905,2446.2708244207897,14023.331842001062,79.90479639655034,59.430665571393234,35.69537325154426,32662.285908863112,0.0,0.06149757557560816,0.06534662961101927,0.06739209090139144,0.074939120578177,0.09782335169632789
6,0.05,2,330933.4572290816,335894.6761204619,341108.20246173034,336236.1950901938,337135.7570039595,575.2681611466792,579.8587716765124,330933.4572290816,335894.6761204619,341108.20246173034,5213.5263412684435,5302.737861112226,4961.218891380297,79.14456966378653,59.25260867035637,35.672921416808045,32590.505604905527,0.0,0.04530881348737169,0.04800990400907889,0.05081331003127144,0.05451759791212881,0.07370161023089276
7,0.05,2,356242.1989759992,340523.0508280156,345425.762735794,360945.35917799064,336590.80460013286,596.8602843011078,600.7872828031487,356242.1989759992,340523.0508280156,345425.762735794,4902.711907778401,4703.160201991443,15719.148147983593,77.71901235165744,58.517562839692694,36.029589148166586,32317.56533587846,0.0,0.04748618453878227,0.0567631605005386,0.053736013315570826,0.07842887223924112,0.08459032334560777
8,0.05,2,326858.1384591349,344549.7973745106,347772.60932275973,329851.1463954874,348975.4798847869,571.7150850372368,574.3266896074806,326858.1384591349,344549.7973745106,347772.60932275973,3222.8119482491165,2993.0079363525147,17691.65891537571,74.23182079891136,57.84456869241381,35.54719738262471,32588.636541404936,0.0,0.038460637304921705,0.05800212164373921,0.052530824045352933,0.07420409764985889,0.08971049838565595
9,0.05,2,353585.30039555824,347456.905153829,351435.0044181262,358921.1151281688,345923.8475831899,594.6303897342939,599.1002546554031,353585.30039555824,347456.905153829,351435.0044181262,3978.0992642971687,5335.814732610539,6128.395241729217,70.41120147012606,56.772322536713396,35.22783998280337,32508.86571706407,0.0,0.026755512042082777,0.03271478561754109,0.06097525850960904,0.07036885356782062,0.08511527276177536
10,0.05,2,331886.32933518244,350338.61950062506,352707.6945612936,333580.4855861549,354954.5788207976,576.0957640316255,577.5642696584986,331886.32933518244,350338.61950062506,352707.6945612936,2369.075060668518,1694.1562509724754,18452.290165442624,65.4618453961874,56.26488256621978,34.387665063748194,32833.99257741852,0.0,0.02883174665169083,0.05855025934933748,0.06724401874392641,0.08471852043950323,0.09911437232776303
11,0.05,2,335629.135561331,352484.5117524638,353167.944708544,337633.04909793386,356700.9927489628,579.3350805547088,581.0620010790018,335629.135561331,352484.5117524638,353167.944708544,683.4329560801852,2003.913536602864,16855.37619113282,61.42070433006314,55.49007390947488,33.7296268442232,32037.209365394363,0.0,0.03540489310166807,0.0652992172444659,0.05679424272427526,0.07584431768699257,0.08923232356064156
12,0.05,2,339186.03967282263,352928.10209061357,352760.64198151126,338837.4527120277,356365.7675796699,582.396806029036,582.0974598055103,339186.03967282263,352928.10209061357,352760.64198151126,167.4601091023069,348.586960794928,13742.062417790934,57.44519053111443,53.04975372788127,32.69457815739313,31568.84568099981,0.0,0.025157845028865172,0.03541329467942628,0.05614873119505468,0.06677388016459927,0.08217420642114413
13,0.05,2,325797.37911955913,352635.72512437333,352043.19300306984,323653.938182859,359349.5103655651,570.7866318683008,568.9059132957391,325797.37911955913,352635.72512437333,352043.19300306984,592.5321213034913,2143.44093670015,26838.3460048142,55.17297145033778,50.97800619039352,31.941058280058247,32235.635060766144,0.0,0.02790197587951749,0.03602948556871049,0.05065275802959277,0.07468138884062411,0.09053758962875541
14,0.05,2,380843.3272636718,351953.02043168613,351314.1343676777,379831.11322498857,344725.92396354704,617.1250499401817,616.3043998098574,380843.3272636718,351953.02043168613,351314.1343676777,638.8860640084604,1012.214038683218,28890.306831985654,53.38545634222384,50.18613702289758,30.925392156581704,30822.304676584907,0.0,0.026721342591526694,0.05185483587488298,0.04800307528376432,0.06872735495779023,0.08011900268997149
15,0.05,2,331392.12625814887,350794.33277530037,349961.90914024814,329524.88901929103,355647.9197935928,575.6666798227502,574.0425846740736,331392.12625814887,350794.33277530037,349961.90914024814,832.423635052226,1867.237238857837,19402.2065171515,52.28706597883042,48.64161050350576,29.464550900526692,30240.08419186751,0.0,0.021416716479133194,0.037644530822216235,0.04129179288869007,0.07010563160230075,0.08518170957956649
16,0.05,2,363787.2258179313,349808.8784075053,349032.3831831506,364020.39578549814,346312.10470455297,603.147764497168,603.3410277658052,363787.2258179313,349808.8784075053,349032.3831831506,776.4952243546722,233.16996756684966,13978.34741042601,52.35584166362515,48.04237622010464,29.005134106332374,30030.19947069582,0.0,0.013659614929211441,0.028283997503616883,0.038849297087556744,0.04590073856088759,0.05141813360065208
17,0.05,2,327819.383945302,348321.9943804068,347894.74011230055,327117.2119931352,353450.85453149135,572.555136161839,571.9416158954822,327819.383945302,348321.9943804068,347894.74011230055,427.25426810624776,702.1719521667692,20502.610435104812,51.57366249523681,46.64606630819791,27.881294337222336,29074.170496586492,0.0,0.01494947452999267,0.020735136441355856,0.03845050193682785,0.05206409205583877,0.05882619209038963
18,0.05,2,357727.7598714516,347831.9248734573,348253.96135987464,360807.09942324844,345356.41796454106,598.1034692019865,600.6722063016138,357727.7598714516,347831.9248734573,348253.96135987464,422.03648641734617,3079.3395517968456,9895.834997994301,51.25967674590575,46.249477744553204,27.03488734791559,28956.08989045371,0.0,0.015347890989243475,0.057316073722980726,0.0392045794109197,0.050885483481940524,0.08120250978642539
0,0.05,3,331140.863545921,313826.3212131977,319873.91280187346,336382.66650901426,309494.97684679844,575.4484021577616,579.9850571428666,331140.863545921,313826.3212131977,319873.91280187346,6047.591588675743,5241.802963093272,17314.54233272327,88.59911160669353,61.54561945302233,40.34738936656861,33609.90532350991,0.0,0.09579734512749102,0.10422988808740125,0.24409912271944,0.24538513494391528,0.2524938137989998
1,0.05,3,337652.5387374217,318676.63641972776,323002.04167476075,342706.5185699421,313929.6921446976,581.0787715425695,585.411409668399,337652.5387374217,318676.63641972776,323002.04167476075,4325.405255032994,5053.979832520417,18975.902317693923,85.89945877129772,60.88860641798753,39.530331330816686,33119.567962085064,0.0,0.08517409045434497,0.09301511093402202,0.09190068014978714,0.09938806860738401,0.10691770804891264
2,0.05,3,308578.9605505277,321599.608504339,324514.52248866664,310048.16567040945,324856.80751531286,555.4988393782004,556.8196886519095,308578.9605505277,321599.608504339,324514.52248866664,2914.9139843276353,1469.2051198817207,13020.647953811276,79.42706771034908,59.544087850275396,38.33459920424799,32633.50618704904,0.0,0.06822058737157455,0.08314690982767081,0.07565723874602374,0.0819105133573159,0.10013850387450231
3,0.05,3,313478.8435048162,324093.2702243202,328097.26077552215,315592.43225542136,326748.53748409596,559.8918141077044,561.7761406961151,313478.8435048162,324093.2702243202,328097.26077552215,4003.990551201976,2113.5887506051804,10614.426719504001,78.08691497197523,58.34895137541946,36.36965975491069,31915.322427552186,0.0,0.07583064170386883,0.08789131594530845,0.08015060089174038,0.10390580018648733,0.11813296112656181
4,0.05,3,338542.21129586507,327789.86922744795,332566.49327733327,343707.4339681667,325100.1015542004,581.8438031773347,586.2656684201853,338542.21129586507,327789.86922744795,332566.49327733327,4776.624049885315,5165.222672301636,10752.342068417114,80.04316097977609,58.92366119229905,35.301615398907074,32253.309793034558,0.0,0.06396738030657059,0.07211644363284002,0.07177349071021559,0.07552193493734366,0.09004348875365563
5,0.05,3,355423.1659759257,332029.0512889524,337439.83482426393,361083.649774763,326176.86271190754,596.1737716269693,600.9023629299214,355423.1659759257,332029.0512889524,337439.83482426393,5410.783535311522,5660.483798837289,23394.114686973277,79.80698902458957,59.07507594492138,34.919029050037516,31596.080330844747,0.0,0.06109368571901505,0.07456035872561727,0.06879971051562851,0.07329943298219103,0.09240801512521235
6,0.05,3,338582.05992090114,336441.4382785686,340899.2971594136,342590.56898105453,335905.94797724043,581.8780455738996,585.3123687237905,338582.05992090114,336441.4382785686,340899.2971594136,4457.858880844957,4008.5090601533884,2140.621642332524,79.0376495956127,59.31174279633405,35.44014549649359,32132.543680394854,0.0,0.053666453454931776,0.06872468120889326,0.058403975142936645,0.07687226978282402,0.08574979554238922
7,0.05,3,342325.8243337915,340585.7973966787,344376.4551342619,347924.89728167985,340150.5184429172,585.0861682981332,589.8515891999274,342325.8243337915,340585.7973966787,344376.4551342619,3790.657737583213,5599.072947888344,1740.0269371127943,77.79195486820183,58.51500553525711,36.20619399920187,32764.02493051722,0.0,0.03977538619137126,0.055531925322179994,0.047990528344185,0.06441174070315683,0.08291578685382728
8,0.05,3,340653.49399584066,343858.0698053989,347208.9958298547,343478.36282068765,344659.7150994357,583.6552869595552,586.070271230923,340653.49399584066,343858.0698053989,347208.9958298547,3350.92602445581,2824.8688248469844,3204.575809558213,74.54070170597407,57.74496745652296,35.32633981121287,32098.18185513237,0.0,0.035962832177985994,0.0541420484656506,0.05675121666632226,0.06824658376056486,0.0871813223040433
9,0.05,3,343273.3926728252,346902.7930721366,350620.3090841902,347093.3055643943,347810.7109755314,585.8953769000275,589.1462514218301,343273.3926728252,346902.7930721366,350620.3090841902,3717.5160120535875,3819.9128915690817,3629.4003993113874,70.12909899283036,57.11461688378252,34.776958269776195,32540.91136961905,0.0,0.028812651005544074,0.05125162143892,0.056873780002081015,0.06980539725952954,0.09277343658439019
10,0.05,3,321050.9443941452,349958.81005804654,352883.03378782247,324403.5301080302,357190.29898116586,566.6135758999649,569.5643335989624,321050.9443941452,349958.81005804654,352883.03378782247,2924.2237297759275,3352.585713884968,28907.86566390132,65.56380452690728,56.02735779450456,33.603477499916096,31877.807827334866,0.0,0.02484119647230235,0.05339166553658539,0.06391525338465016,0.0834031972099507,0.08923993090717171
11,0.05,3,375938.508315396,352649.596164555,352290.1052935308,376760.07499985764,346823.7246800126,613.138245679876,613.8078485974725,375938.508315396,352649.596164555,352290.1052935308,359.4908710242016,821.5666844616644,23288.912150840973,60.42504927127126,54.04698102373976,33.22849828204623,31528.990003820712,0.0,0.032176129660083666,0.041150651796588805,0.06421386266273198,0.07713918259530637,0.08141391876134335
12,0.05,3,336449.55764944805,352017.0558049568,351718.9431548051,336364.19124207913,355911.3658097532,580.042720538279,579.9691295595646,336449.55764944805,352017.0558049568,351718.9431548051,298.11265015171375,85.36640736891422,15567.498155508772,57.386366202304956,52.935966775232046,32.27881838432272,31670.23274908175,0.0,0.03510004712265021,0.04936829436363966,0.04960921214127218,0.06846675278694798,0.08625555723740909
13,0.05,3,318440.6728471131,351797.2332317031,351575.11547692027,315767.4791492728,360141.59181351773,564.3054783068415,561.9319168273615,318440.6728471131,351797.2332317031,351575.11547692027,222.11775478284108,2673.1936978403246,33356.560384590004,55.49108361190655,51.862017351276094,31.577354368832818,31739.22248953684,0.0,0.022792471921100618,0.034071850711934484,0.05136182072471072,0.06787101384560373,0.07780737174721905
14,0.05,3,351851.46219002985,351468.18313910067,349806.5769573962,348536.5026088647,351372.30341406376,593.1706855450882,590.3698015725946,351851.46219002985,351468.18313910067,349806.5769573962,1661.6061817044974,3314.959581165167,383.2790509291808,53.82221267629749,50.018794416989486,30.793029037726537,30937.6774668094,0.0,0.023769703381976166,0.029084492754411703,0.041117396090110475,0.0453294035425539,0.05834873393222263
15,0.05,3,320858.96259749436,349590.2542142251,347861.05207034724,316725.34535057156,356777.5720013266,566.444138991211,562.7835688349221,320858.96259749436,349590.2542142251,347861.05207034724,1729.202143877861,4133.617246922804,28731.29161673074,52.93330329542549,49.17432119846616,29.96901266206957,30793.81286433562,0.0,0.023196149626026924,0.03864400891163371,0.04522836929868634,0.055765528188964415,0.08704512122203478
16,0.05,3,384420.0907871181,347844.6136416057,347431.3292512379,384944.12915849016,338695.02228433505,620.0162020359776,620.4386586589283,384420.0907871181,347844.6136416057,347431.3292512379,413.28439036780037,524.0383713720366,36575.477145512414,52.42088477896851,48.217284923158424,29.16011032329871,29564.539674550157,0.0,0.019743417713642346,0.04740741572079118,0.03722354015386929,0.07175814060183451,0.08730675964740862
17,0.05,3,353737.6571824452,346864.9916728389,346518.09128547524,353535.19631400955,345145.75009745394,594.7584864316316,594.5882578003113,353737.6571824452,346864.9916728389,346518.09128547524,346.90038736368297,202.460868435679,6872.665509606304,52.45036681806522,47.291052727770925,27.97300508821829,28926.78214358395,0.0,0.020904905416345394,0.030239304432841747,0.03989265882901495,0.05392684945519412,0.06245860459357145
18,0.05,3,348490.6027118668,346128.5868827753,346791.3674524602,350524.9136339224,345537.7133986205,590.3309264403033,592.0514450906462,348490.6027118668,346128.5868827753,346791.3674524602,662.7805696849246,2034.3109220556216,2362.015829091484,51.448798409842105,46.12163427516971,27.47822104966706,29363.861581574296,0.0,0.017173594329251377,0.03971014108422163,0.0369765686544814,0.04362253357449274,0.06344850851234529
0,0.05,4,322121.9780172656,313827.3205183835,319394.92794182524,329509.76652085176,311752.3584813508,567.5579071929715,574.0294125921178,322121.9780172656,313827.3205183835,319394.92794182524,5567.607423441717,7387.78850358614,8294.657498882094,89.60285183781929,61.24891364723083,41.00900736714717,34120.38678500058,0.0,0.09592372000058239,0.11137698824606422,0.24714814156226522,0.245843586521169,0.25615915930675703
1,0.05,4,321921.19114033954,317907.6059354501,323109.2860525583,329678.9754025106,316903.58172665496,567.3809929318567,574.1767806194453,321921.19114033954,317907.6059354501,323109.2860525583,5201.680117108161,7757.784262171073,4013.5852048894158,86.01713728693207,60.919751023922885,40.18257694240599,34336.87818120939,0.0,0.08473059362750002,0.08858523821472801,0.09335238216728843,0.09465539842446234,0.10716586176134152
2,0.05,4,331693.4517627527,321708.6698687724,324342.7717813027,334708.92785753444,319210.91232051287,575.9283390863421,578.5403424632844,331693.4517627527,321708.6698687724,324342.7717813027,2634.1019125303137,3015.476094781712,9984.78189398034,78.96085279730694,58.937175944076735,38.155026223058286,32695.025395318386,0.0,0.07561005006769243,0.07993397599759375,0.07932209111856829,0.08119995271703485,0.09166316715494575
3,0.05,4,322603.0318922619,323658.817781895,327935.0486613676,323585.43830570875,323922.9294273148,567.9815418587666,568.8457069414419,322603.0318922619,323658.817781895,327935.0486613676,4276.230879472627,982.406413446879,1055.7858896331163,78.68261345167052,58.14907846920451,36.06734716237461,32233.470029504042,0.0,0.07719388690203738,0.09028334494425284,0.08479606354410084,0.09908886653412723,0.10946774734360265
4,0.05,4,346087.7574337479,327665.5163324505,331456.83727894933,351055.5392811324,323057.0739793569,588.2922381212826,592.499400236939,346087.7574337479,327665.5163324505,331456.83727894933,3791.320946498832,4967.7818473845255,18422.241101297375,78.5873318451484,58.01032700287136,35.11221376340194,31681.804322584067,0.0,0.059465463703102045,0.06737442334670952,0.06495983573679415,0.06506313054050494,0.08998819312526092
5,0.05,4,316448.8720014656,330733.84875861194,335012.0739988439,320848.91012018535,334307.3277690433,562.53788494773,566.4352656042748,316448.8720014656,330733.84875861194,335012.0739988439,4278.225240231957,4400.038118719764,14284.97675714636,79.16570693449393,59.059801095358004,35.255385818917816,31750.19892316135,0.0,0.05477124218570743,0.06349796884156907,0.06191835272687265,0.06565398710423134,0.08864878313721618
6,0.05,4,351341.28088114306,334514.9961954795,339085.55337692925,356548.3256651887,330305.79262658465,592.7404835854752,597.1166767602365,351341.28088114306,334514.9961954795,339085.55337692925,4570.557181449723,5207.044784045662,16826.28468566353,78.90430903634143,59.43343626409524,35.4531173234207,32110.433231136074,0.0,0.061308299667020366,0.06862849693194589,0.06846631979069207,0.0778544985428673,0.09665724513373786
7,0.05,4,320836.25990506273,338472.5837147358,343072.24098918313,326018.70498970326,342884.42379165493,566.4240989797863,570.9804768901502,320836.25990506273,338472.5837147358,343072.24098918313,4599.657274447323,5182.445084640523,17636.32380967308,77.28259702740932,59.07205415710963,35.18457071249846,31820.34459766981,0.0,0.03650751462588011,0.04961298768012052,0.043113370674478395,0.0681704384029509,0.08819609795103353
8,0.05,4,330276.50878098875,342466.59190202464,345799.33802721533,332905.8210965312,345516.0197666267,574.6968842624682,576.979913945478,330276.50878098875,342466.59190202464,345799.33802721533,3332.7461251906934,2629.3123155424255,12190.083121035888,74.17426857721527,57.39292848054017,35.701183012787645,32307.80886716418,0.0,0.030340439015503574,0.0539570039592962,0.052396253277975036,0.07181620416132624,0.08793539982677893
9,0.05,4,349757.50641943543,345472.1356147768,347991.3798472961,353038.6877403152,344400.12248638994,591.4029983179282,594.1705880808265,349757.50641943543,345472.1356147768,347991.3798472961,2519.244232519297,3281.181320879783,4285.370804658625,70.2233792708615,56.276645153406044,35.38367949728663,32253.97817263921,0.0,0.03398050733360353,0.050660067401072796,0.06352506814180782,0.0761637697256141,0.08883537408552475
10,0.05,4,330201.08240699203,347351.92566603457,349635.8786122165,330554.5209167974,351642.31965402095,574.6312577705742,574.9387105742641,330201.08240699203,347351.92566603457,349635.8786122165,2283.952946181933,353.4385098053608,17150.843259042536,65.10547925489611,55.439403790301895,34.01220638656617,31782.65005770309,0.0,0.023278532765902412,0.034586197595330756,0.06693694057516648,0.08494900922787134,0.09323968913322228
11,0.05,4,369644.2161560937,349237.619248748,349414.36158110376,368307.1647031486,344132.777500493,607.9837301738376,606.8831557253411,369644.2161560937,349237.619248748,349414.36158110376,176.74233235575957,1337.051452945103,20406.596907345694,60.90715664238826,53.961448283934224,33.095336975972195,31547.09714845928,0.0,0.02728694923275846,0.04408266358198776,0.05308676054209326,0.06446592031321803,0.08429771897905111
12,0.05,4,357106.2663357057,348845.06679969275,348572.56385417836,355499.02828545263,346778.47448772704,597.5836898173391,596.237392558914,357106.2663357057,348845.06679969275,348572.56385417836,272.50294551439583,1607.2380502530723,8261.199536012951,57.53833219992459,52.92142777790929,32.372853171662136,31278.942614972002,0.0,0.029838939145708475,0.057083035338002894,0.05210147289722063,0.08146860711267755,0.09968537266412711
13,0.05,4,335328.8396755405,348519.88699656166,347406.13889969443,332296.1304802861,351819.71250756184,579.0758496738924,576.4513253348335,335328.8396755405,348519.88699656166,347406.13889969443,1113.7480968672317,3032.709195254429,13191.04732102115,55.087783384395486,51.083484566032496,31.51278303340694,31020.018997846237,0.0,0.02435804768594607,0.03719444672224475,0.0580870412042355,0.07472993252198379,0.10102655088213731
14,0.05,4,345509.3359526683,347482.18452207977,346775.99919626594,346819.81057184516,347975.70530782576,587.8004218718019,588.914094390553,345509.3359526683,347482.18452207977,346775.99919626594,706.185325813829,1310.474619176879,1972.8485694114934,54.13113971786154,50.186946438810594,31.149591981305157,31009.325572180103,0.0,0.022609315230467004,0.05244173260018596,0.04300568957879344,0.08279199563519195,0.09606477830154164
15,0.05,4,337157.05875043484,346203.28717578424,345295.4035607931,332973.5915964081,348466.2595243658,580.6522700811862,577.0386396043233,337157.05875043484,346203.28717578424,345295.4035607931,907.8836149911513,4183.46715402673,9046.2284253494,52.88082765941096,48.575254980212655,30.242810898385034,30217.57247488063,0.0,0.023320920073658886,0.05040899187604454,0.04126791955814001,0.06357872199767654,0.07841497315982797
16,0.05,4,351990.40917249216,345227.84966035036,345246.58007973444,353215.905358481,343536.15180992556,593.2877962443624,594.3196996217448,351990.40917249216,345227.84966035036,345246.58007973444,18.73041938408278,1225.496185988828,6762.559512141801,52.14761363396982,48.09394636927565,29.20671419557736,29867.609709066706,0.0,0.023790298837557736,0.046457466356983466,0.039486998537609036,0.06634269072712888,0.07997998869659469
17,0.05,4,342115.44747078867,344510.24620200467,344371.0917541384,340937.2055956929,345109.32054042997,584.9063578649053,583.8982836039963,342115.44747078867,344510.24620200467,344371.0917541384,139.1544478662545,1178.2418750957586,2394.7987312159967,51.483407882315284,47.064926261769884,28.05003194030607,29094.520634379445,0.0,0.01841167908063118,0.039310456937122665,0.041163871070418266,0.06617243109103803,0.0776410643070031
18,0.05,4,355488.22821685596,344059.7662545026,343747.11357113026,355146.7661836465,341200.8628318174,596.228335637326,595.9419151088858,355488.22821685596,344059.7662545026,343747.11357113026,312.6526833723183,341.46203320944915,11428.46196235338,51.57217238349969,47.095616403696916,27.305158084642667,28963.0540040069,0.0,0.02185028258276627,0.05265823761962305,0.04494440871890944,0.0630900113848419,0.08304831351742276
0,0.05,5,315293.5416472969,313831.4973999408,319614.0018245227,324074.88475477294,313465.7576077752,561.5100548051628,569.2757545818836,315293.5416472969,313831.4973999408,319614.0018245227,5782.504424581886,8781.343107476016,1462.044247356127,89.37655096630063,61.28798217286748,40.84675010935026,34086.59458169257,0.0,0.08701030543290722,0.09609148981641616,0.24280943261618063,0.243659533322842,0.24985623185523165
1,0.05,5,294224.0729889703,318053.071825482,321992.51460030954,295468.1771274624,324014.0494756043,542.424255531563,543.5698456752935,294224.0729889703,318053.071825482,321992.51460030954,3939.442774827534,1244.1041384920827,23828.998836511688,85.7964305317522,61.09338767953561,39.79267659388816,33638.47766167149,0.0,0.07553181947526076,0.08988934387619885,0.08360985379210267,0.09201563553119199,0.09795242687263522
2,0.05,5,328582.86921623006,321276.26439331175,323925.33914745174,331506.90189427225,319448.47010172124,573.2214835613107,575.7663605094277,328582.86921623006,321276.26439331175,323925.33914745174,2649.0747541399905,2924.032678042189,7306.604822918307,79.07248662558004,58.57176187378388,38.39649155533571,32812.36680443997,0.0,0.08700961819476453,0.09564927461552761,0.09196946427158595,0.09777420333354493,0.10594159708208396
3,0.05,5,278958.63492596743,323435.8624043952,327163.29035283136,280516.9726595254,334562.1275386264,528.1653480927799,529.6385301878305,278958.63492596743,323435.8624043952,327163.29035283136,3727.427948436176,1558.3377335579717,44477.227478427754,77.84302397125306,58.65620721841003,35.76532020253016,31907.205419419777,0.0,0.07668125328037717,0.08191637034747709,0.08091427451058533,0.08578904388794441,0.09295117211821648
4,0.05,5,321406.8421378855,326894.37300402165,331660.6706795888,326486.7026888028,328267.1142203782,566.9275457568502,571.390149275259,321406.8421378855,326894.37300402165,331660.6706795888,4766.297675567155,5079.860550917278,5487.530866136134,79.05821747265283,58.21850179121052,36.084148026138166,32167.992400644904,0.0,0.07313802241980841,0.0832534965153971,0.07890625452712567,0.0895826912359469,0.09826686364917384
5,0.05,5,326443.65357111435,331019.0789404791,335031.6340801395,328687.52301692835,332163.6510877905,571.3524775225136,573.3127619519108,326443.65357111435,331019.0789404791,335031.6340801395,4012.555139660428,2243.8694458139944,4575.425369364733,79.77014899193284,58.95050270845666,35.732868143222916,32391.61363943399,0.0,0.06003459013245793,0.07864408344241251,0.06585983674724284,0.08644454020113845,0.11494649701586455
6,0.05,5,327058.6283199535,334499.67212989915,339209.5409476729,331805.5029730702,336361.09720062866,571.8903988702324,576.0256096503612,327058.6283199535,334499.67212989915,339209.5409476729,4709.868817773764,4746.8746531166835,7441.043809945637,78.67828763425494,59.31852133891582,35.25303487042033,32223.9723224412,0.0,0.04635795300696208,0.06519505270418492,0.0532434893004217,0.06375917939729561,0.09050947007334716
7,0.05,5,346163.36691463966,338562.87838843034,342710.9114263152,350796.21389107127,336661.5671942175,588.3564964497627,592.2805195944496,346163.36691463966,338562.87838843034,342710.9114263152,4148.033037884859,4632.8469764316105,7600.488526209316,77.3113680469605,58.5581070687253,35.99278616920152,32145.30845592865,0.0,0.042936100408765526,0.05687556567743434,0.051867301757879056,0.08036183482195822,0.09876652565373857
8,0.05,5,341799.8652014716,341993.4890069133,345199.3752772711,346586.283791769,342041.9252498578,584.6365240057036,588.7157920353156,341799.8652014716,341993.4890069133,345199.3752772711,3205.8862703577615,4786.418590297399,193.623805441719,73.98313417103121,58.16254857378251,34.963366256387,31733.238499304938,0.0,0.03109283226448672,0.04135020310046688,0.04810020459033943,0.06731941552704762,0.07516152394880077
9,0.05,5,327947.8835082078,344901.5275586201,348233.0386964061,329375.6828463019,349142.5908935088,572.6673410525589,573.9126090671836,327947.8835082078,344901.5275586201,348233.0386964061,3331.5111377860303,1427.7993380940752,16953.644050412287,69.78189947634003,57.090948631720735,34.74299013157922,32186.461811085202,0.0,0.03269118907022329,0.054681282812731456,0.06459714399496745,0.07945165360782389,0.08921700903223542
10,0.05,5,348582.36864252266,347775.9543320992,350081.3644846438,349750.39437518886,347574.22459455725,590.4086454672921,591.3969854295749,348582.36864252266,347775.9543320992,350081.3644846438,2305.4101525446167,1168.0257326661958,806.4143104234827,64.98212238215284,55.473315703677706,33.439642308614346,31074.235103772946,0.0,0.029343686948491137,0.04102666202192243,0.06893028331316306,0.07696678139450525,0.09027078714222828
11,0.05,5,373235.18500308,349792.7236970501,351435.01326563564,376728.42824803904,343928.44090162736,610.9297709254968,613.782069018018,373235.18500308,349792.7236970501,351435.01326563564,1642.2895685855183,3493.2432449590415,23442.461306029873,61.18363846089289,54.88662171029552,33.216070209110136,31481.397356551017,0.0,0.025376059742184563,0.050628989977227784,0.05719083749893675,0.08941523549390044,0.1000194940026226
12,0.05,5,350070.0987866331,350774.1357247279,350992.0472438624,352392.8393166431,350950.2551027025,591.6672196316381,593.6268519167938,350070.0987866331,350774.1357247279,350992.0472438624,217.9115191345336,2322.7405300099635,704.0369380947668,57.13329953595825,53.54229383144084,32.90532027998148,31649.391003918317,0.0,0.029246038279784503,0.04655808720781367,0.05837064122142219,0.07325598467112239,0.09535975857306957
13,0.05,5,353896.1685076921,350747.88266592176,351147.3198589012,354651.38064869767,349960.3186701472,594.8917283907149,595.5261376704617,353896.1685076921,350747.88266592176,351147.3198589012,399.43719297944335,755.2121410055552,3148.2858417703537,55.00141816187121,51.33060917589463,31.35879421533337,30952.82198686585,0.0,0.022493565525331587,0.042732649667187435,0.048508068727249616,0.09066609184745601,0.097888380866795
14,0.05,5,328421.4269998002,350893.20663906325,350694.4065149723,327587.97382740566,356514.66715896025,573.0806461570659,572.353015041771,328421.4269998002,350893.20663906325,350694.4065149723,198.8001240909798,833.4531723945402,22471.779639263055,54.19253217921002,50.62520993577014,30.87558739119233,31139.397663906337,0.0,0.022656669210884963,0.03618939544257915,0.04291664585696355,0.05576602338293216,0.08318664335866235
15,0.05,5,338787.921852388,350473.118176468,349454.1928323487,337852.8007893026,353396.245354535,582.0549130901551,581.251065194123,338787.921852388,350473.118176468,349454.1928323487,1018.9253441193141,935.1210630853893,11685.196324079996,53.08651053794303,49.42534371933068,29.817606069989928,30905.320617176396,0.0,0.02301190296687393,0.04002218420132102,0.04327630757676123,0.06287435627178603,0.08590170874769314
16,0.05,5,345713.9563643369,349208.311316202,347435.96813195053,343587.59598158364,350082.4467304748,587.9744521357513,586.1634550034518,345713.9563643369,349208.311316202,347435.96813195053,1772.3431842514547,2126.3603827532497,3494.354951865098,51.95414067257973,47.84501088410149,28.667185295513534,29087.08651286204,0.0,0.023183899021043924,0.041362199194841326,0.046148926314357845,0.066808165690535,0.08580869651197166
17,0.05,5,335036.6375775419,347342.6423675016,346560.97284986166,333344.9267342879,350421.0687847648,578.8234943206278,577.3603092820703,335036.6375775419,347342.6423675016,346560.97284986166,781.6695176399662,1691.7108432539972,12306.004789959756,52.17299046707562,47.383788610378105,27.90662492347827,29393.821544041242,0.0,0.020189613815971178,0.03591722273042024,0.03513008952978759,0.05350883482491931,0.0772631683171792
18,0.05,5,342566.0603211146,346453.1999982879,346958.0234549027,342182.01265812555,347425.59304331284,585.2914319560082,584.9632575283046,342566.0603211146,346453.1999982879,346958.0234549027,504.8234566148021,384.0476629890618,3887.1396771732834,51.83741389579391,46.4298930915552,27.90220245051794,29543.159644207237,0.0,0.01837572872507098,0.02835334688893173,0.038005734240787244,0.04647406260492274,0.05499644492467786
0,0.05,6,312953.69555488747,313801.8779907104,319489.9634217835,318671.0465724527,314014.0562940397,559.4226448356264,564.5095628706857,312953.69555488747,313801.8779907104,319489.9634217835,5688.085431073152,5717.351017565234,848.182435822906,89.35491811875752,61.68507457827935,40.91749504499585,34515.038693487746,0.0,0.09208922583028592,0.09733496353450649,0.2429277939520426,0.24141894032349942,0.2481621446153923
1,0.05,6,312607.2132002445,318505.96286473615,323196.22744190274,318570.983547464,319981.5731140357,559.1128805529743,564.4209276306682,312607.2132002445,318505.96286473615,323196.22744190274,4690.264577166585,5963.770347219484,5898.749664491625,86.33400064237205,62.42646728457534,39.567026995290036,33802.39323334449,0.0,0.07728073718622389,0.0950241044677347,0.08690859092202823,0.09375124368085094,0.1096230474148668
2,0.05,6,305226.1706227531,322354.3746235471,325371.9067529894,305000.30882555293,326639.10525515996,552.472778173507,552.2683304568105,305226.1706227531,322354.3746235471,325371.9067529894,3017.5321294423193,225.86179720016662,17128.20400079398,78.35836203383695,58.838705345697655,37.55507657937142,32625.906391120494,0.0,0.08023473525029809,0.09665426752917117,0.08886072919942585,0.09824831428404124,0.11115410474518005
3,0.05,6,350988.813252987,325086.3002235946,328787.57866784296,355563.65927411604,318606.61963316926,592.4430886194783,596.2915891358153,350988.813252987,325086.3002235946,328787.57866784296,3701.278444248368,4574.846021129051,25902.5130293924,77.96528905400746,58.11075654790143,35.9205074168333,32237.054971990165,0.0,0.07682286608011593,0.08869264485853613,0.08154611930812676,0.09243540225593559,0.10222302758421807
4,0.05,6,334657.2028440276,327984.7899950024,332323.160283485,338203.56675944396,326315.64291340177,578.4956377052705,581.5527205330949,334657.2028440276,327984.7899950024,332323.160283485,4338.370288482634,3546.363915416354,6672.412849025219,79.26494536801106,58.30022387609323,35.614237488322125,32118.662907595968,0.0,0.06051839269053988,0.08848530560376433,0.06662865577107503,0.09576055555018315,0.10576135081193501
5,0.05,6,311939.0798134094,331575.70367194887,336142.3480230165,315587.895334816,336487.9316991398,558.5150667738601,561.7721026669232,311939.0798134094,331575.70367194887,336142.3480230165,4566.644351067604,3648.815521406592,19636.623858539446,79.85429531735235,59.426855575710114,35.28354290571267,31633.114411490795,0.0,0.048336413192149055,0.05468712656398659,0.05339713049432431,0.058847648923156706,0.09329445501292272
6,0.05,6,367889.07367312076,335760.78301795776,341513.4829751937,374747.5458528611,327723.6840258417,606.5386003158585,612.1662730442287,367889.07367312076,335760.78301795776,341513.4829751937,5752.699957235949,6858.472179740318,32128.290655163,79.08014566194792,58.60199425167727,35.93269910007474,32766.962566926675,0.0,0.05081961333067619,0.07023765946091277,0.05535131359601832,0.08158569679559587,0.10861795232574946
7,0.05,6,353642.3470805315,340879.6961109105,345553.3014640233,356449.4930235492,337687.0367084662,594.6783559879505,597.0339127918523,353642.3470805315,340879.6961109105,345553.3014640233,4673.605353112798,2807.1459430177347,12762.650969620969,77.88267361878377,59.396380749612135,35.5446445774168,32308.723778954423,0.0,0.03827133858512704,0.05689339237550025,0.05048200685160517,0.08121880925641264,0.1068179101551704
8,0.05,6,349933.0153633861,345138.66225344106,348575.89630817366,353670.1653814204,343939.3239207123,591.5513632503826,594.7017448952209,349933.0153633861,345138.66225344106,348575.89630817366,3437.234054732602,3737.1500180343282,4794.353109945019,73.91945039490209,57.75728902706111,35.361411478149485,32498.908360498757,0.0,0.044341988199475366,0.05585092104989291,0.06229027347623755,0.07771070228491342,0.09322611508477813
9,0.05,6,340933.1350268665,348101.1875578319,350918.3909242793,343346.3870368354,349894.3221005437,583.8947979104339,585.9576665910563,340933.1350268665,348101.1875578319,350918.3909242793,2817.2033664474147,2413.2520099689136,7168.05253096536,70.62772023188961,56.963315482905614,35.186863801445774,32451.293902625064,0.0,0.029243603981432165,0.0545288125463481,0.05909266296033329,0.06667746630889161,0.08162112442694278
10,0.05,6,353722.25759309693,350824.669543262,352655.6311318786,353118.57074852625,350099.819216027,594.7455402044617,594.2378065627652,353722.25759309693,350824.669543262,352655.6311318786,1830.9615886165993,603.6868445706787,2897.5880498349434,65.13825938603297,55.565788197521066,34.1655993261707,32217.18420535122,0.0,0.03239703448215536,0.04658210012240415,0.062383723253186245,0.06885922876242824,0.08037870869490661
11,0.05,6,364176.43613867654,352604.0410703952,352707.1136265802,362890.102058861,349709.13185353327,603.470327471597,602.4036039557375,364176.43613867654,352604.0410703952,352707.1136265802,103.07255618501222,1286.3340798155405,11572.39506828133,60.28080514226942,54.67263789555318,33.51082905750501,32070.454842635958,0.0,0.02597337157477203,0.05915463700291838,0.05670333263386363,0.07582543916410235,0.08981996095537195
12,0.05,6,353793.31202723953,352160.3807829623,351988.58630452846,350915.2294598489,351751.8925070551,594.8052723599881,592.380983371216,353793.31202723953,352160.3807829623,351988.58630452846,171.79447843384696,2878.0825673906365,1632.9312442772207,57.35226443551456,52.808012480980125,32.09293021412059,31872.88836934881,0.0,0.029228843849107164,0.034202764362276324,0.05680364203818602,0.07409983999064182,0.0881489418196619
13,0.05,6,368331.3737316399,352248.11305665656,352018.8251670109,369136.0385042187,348224.7817332369,606.9031007760958,607.5656660018064,368331.3737316399,352248.11305665656,352018.8251670109,229.28788964566775,804.6647725788062,16083.260674983321,55.66832009673008,50.75410456821111,31.7897749959689,32030.627882290395,0.0,0.019726731654431794,0.053387551548487976,0.05825851063381024,0.08305971932842875,0.10638633505012396
14,0.05,6,342398.4659585404,351210.8531071149,349951.8904280617,341961.941975621,353415.328553074,585.148242720202,584.7751208589683,342398.4659585404,351210.8531071149,349951.8904280617,1258.962679053191,436.52398291940335,8812.387148574519,53.393912027588996,49.52187609465892,29.938683615142406,30346.295110432966,0.0,0.01818376261664332,0.033059586808630415,0.041007513594726853,0.05387324252983239,0.07518671188520297
15,0.05,6,368009.0987770597,349688.0446386688,348615.48503161606,367579.1440773194,345104.9148565526,606.637534922675,606.2830560697861,368009.0987770597,349688.0446386688,348615.48503161606,1072.5596070527681,429.95469974027947,18321.05413839087,52.74518733943274,48.85380948309989,29.935799209379,30270.11294085061,0.0,0.020257808059510635,0.028890662562156867,0.04259066728719931,0.060573508130777304,0.07207272883131241
16,0.05,6,357092.3560917661,347752.1346649352,346856.367060791,355541.6643743615,345415.6180720844,597.5720509626987,596.2731457766328,357092.3560917661,347752.1346649352,346856.367060791,895.7676041441737,1550.6917174045811,9340.221426830918,51.835448733881556,48.190800796633816,28.802134144566036,29448.595659725146,0.0,0.023007309452226295,0.042936703027958524,0.04621903484209457,0.06593976252156476,0.09759718383449661
17,0.05,6,366921.38896981906,346615.08892532927,346267.7353438772,367971.8412120714,341535.33708378684,605.7403643227179,606.6068258864809,366921.38896981906,346615.08892532927,346267.7353438772,347.3535814520437,1050.4522422523587,20306.30004448979,52.41432651491671,47.567752982530465,28.056959946690654,29378.20127292755,0.0,0.02239131263381253,0.03614553616032349,0.039456222811308055,0.06751059041337085,0.08309577025198216
18,0.05,6,356877.38258379424,345816.16499479604,346108.51993202115,355657.25193099637,343049.13011920033,597.3921514246687,596.3700629064108,356877.38258379424,345816.16499479604,346108.51993202115,292.35493722511455,1220.130652797874,11061.217588998203,51.428939974257155,46.23687138975673,27.05472480533088,29154.823615754325,0.0,0.019463367430939384,0.04904923936363906,0.03947049448358041,0.057663192730656246,0.08051155232164621
0,0.05,7,326187.7872934664,313829.3292902042,320612.4869070651,333876.75389563444,310737.78136354336,571.1285208194968,577.8206935508925,326187.7872934664,313829.3292902042,320612.4869070651,6783.1576168608735,7688.966602168046,12358.458003262174,89.82524000876354,61.597915242337514,40.92268051330763,34166.325003965954,0.0,0.09108877974545648,0.1031643828096313,0.24632211636175533,0.24616581816270458,0.25379241336031877
1,0.05,7,311201.5056288639,319167.8836116854,323607.52821377566,313087.6934888217,321160.7244118312,557.8543767228718,559.5423965070222,311201.5056288639,319167.8836116854,323607.52821377566,4439.644602090237,1886.187859957805,7966.377982821548,85.44837711192558,61.887586293668186,38.96649952325951,33066.954736844345,0.0,0.08428882371224765,0.09571909620963692,0.09346668238168317,0.09761696337462948,0.1067556009539239
2,0.05,7,336614.70221430657,323028.25368118373,326377.66838760517,338070.80041520996,319629.51600839535,580.1850585927791,581.4385611698024,336614.70221430657,323028.25368118373,326377.66838760517,3349.414706421434,1456.0982009033905,13586.448533122835,78.97998827139045,59.364253020953115,38.14536403635097,32870.183239584374,0.0,0.08117168747224701,0.08772366862348567,0.08848589034348743,0.0959958215106989,0.10266907501581368
3,0.05,7,330733.8796317241,326271.5231828278,330881.84088952775,334457.94479825697,325155.23595476383,575.0946701472063,578.323391190653,330733.8796317241,326271.5231828278,330881.84088952775,4610.317706699949,3724.065166532877,4462.3564488962875,78.71872802819895,57.668744061045636,36.298928601159155,32530.131045920367,0.0,0.06984066313778131,0.07538626847980377,0.07550309666254479,0.08352614616915638,0.08961040090070109
4,0.05,7,335581.58052507805,329952.1899346557,335395.13743607356,343161.8654703988,328543.9615939039,579.2940363279067,585.8001924465361,335581.58052507805,329952.1899346557,335395.13743607356,5442.94750141789,7580.2849453207455,5629.390590422379,79.01027484556768,57.945529709824676,35.450526005651206,32122.89527102191,0.0,0.06677679776111678,0.07187402208743833,0.07131091077963671,0.09547558025710882,0.11002384382216791
5,0.05,7,318683.8101171351,334535.853756775,339191.5708750189,323196.92311477667,338501.3446484809,564.5208677428453,568.5041100245245,318683.8101171351,334535.853756775,339191.5708750189,4655.71711824392,4513.112997641554,15852.043639639858,79.1014615165686,58.4143934135359,35.569125512167936,32428.75522061204,0.0,0.059990418378177555,0.06387555105852492,0.06198508106898361,0.07682106258036236,0.08515744846396714
6,0.05,7,325915.4010669117,338717.92019086424,342230.79624922137,328333.75557135174,341920.5528690871,570.8900078534496,573.0041496981952,325915.4010669117,338717.92019086424,342230.79624922137,3512.8760583571275,2418.354504440038,12802.519123952545,79.28878352913529,59.12783291003221,34.96121570266168,31614.946608101,0.0,0.04833562652242997,0.058325140605228414,0.05497850306982574,0.08083273988976847,0.09653878684283027
7,0.05,7,374376.66174374864,342076.10407742194,346017.0042803584,378547.34930678154,333995.9113821065,611.8632704646918,615.2620167918556,374376.66174374864,342076.10407742194,346017.0042803584,3940.9002029364347,4170.687563032901,32300.5576663267,77.93629555327449,59.03740305927012,35.36649990575213,31953.28525999347,0.0,0.0396869691493449,0.0651074669330457,0.04984040574627213,0.06543267942864438,0.09759976082782743
8,0.05,7,347373.0022995584,345303.2128211534,348986.37112231203,350546.4879028496,344785.44164218445,589.3835782404853,592.0696647379002,347373.0022995584,345303.2128211534,348986.37112231203,3683.1583011586335,3173.4856032912503,2069.7894784049713,74.99868085342855,58.19451081976777,35.60531220207852,32758.562361013843,0.0,0.03613774011176835,0.049949515951249,0.05550004004853853,0.06130092413437706,0.0808123203121021
9,0.05,7,346836.7602413485,348359.63054556435,351339.95297720016,349110.9251801261,348740.5863679112,588.9284848276134,590.8560951535713,346836.7602413485,348359.63054556435,351339.95297720016,2980.32243163581,2274.164938777627,1522.870304215874,70.75689569320248,56.3525975775351,35.210466983737156,32515.47413659892,0.0,0.03470835462202514,0.045466598268933775,0.06207662119836819,0.06597909769832389,0.07950097647940832
10,0.05,7,335793.61602141627,350669.06526161684,353316.90008879156,337880.00547419855,354390.2547696082,579.4770194075139,581.2744665596439,335793.61602141627,350669.06526161684,353316.90008879156,2647.8348271747236,2086.389452782285,14875.44924020057,64.76481771891099,55.33197044939673,34.103248550680846,32588.110597126913,0.0,0.02988387112901688,0.041412337333126444,0.06470244018043132,0.07511607021142051,0.10180988011230799
11,0.05,7,324083.69211555435,352850.2978840386,352668.21553429984,322981.3682551121,360046.44973382045,569.2834901132777,568.3144976640241,324083.69211555435,352850.2978840386,352668.21553429984,182.08234973874642,1102.3238604422659,28766.605768484238,60.092134813651064,54.337540449581,32.44450378385297,30752.494384581925,0.0,0.024095123908097153,0.04801333996014106,0.049660507217089214,0.08214858121485503,0.10190557097893159
12,0.05,7,361712.1478244155,352431.51393640175,352232.0058372616,359327.29531631456,350109.9035504609,601.4250974347641,599.439150636922,361712.1478244155,352431.51393640175,352232.0058372616,199.5080991401337,2384.852508100914,9280.63388801372,57.328631787347945,53.56335573242933,32.08159101383185,31326.535042039362,0.0,0.02648470739008611,0.053101156086697146,0.05561134762778544,0.06826588664109694,0.08340813693639325
13,0.05,7,325115.5141631939,351938.9713549207,350347.1954217453,322875.5481807881,358649.032063552,570.1890161720005,568.2213901119775,325115.5141631939,351938.9713549207,350347.1954217453,1591.775933175406,2239.96598240576,26823.457191726833,54.898962096327004,51.9834847545383,31.679946418051642,31150.84455071517,0.0,0.023505480022899084,0.032214547783499886,0.05289355017685727,0.06551249761980579,0.07750212042686508
14,0.05,7,345066.5219153809,350307.8983244593,349303.5440209082,343100.9653810602,351619.06241678045,587.4236307090317,585.7482098829328,345066.5219153809,350307.8983244593,349303.5440209082,1004.3543035511393,1965.5565343206981,5241.376409078424,53.341847524321636,50.028374965125586,30.90807886896887,30890.23956976877,0.0,0.019915400059080372,0.03103210344815355,0.04758757658458946,0.06562381589973941,0.07368397878548678
15,0.05,7,357075.0785358522,348788.10345841676,348320.9190726015,354937.08955384,346715.06322862656,597.5575943253103,595.7659687778751,357075.0785358522,348788.10345841676,348320.9190726015,467.1843858152861,2137.9889820122044,8286.975077435432,53.356094996770324,49.11618978189653,30.515152994404097,31279.389964023696,0.0,0.024439165358754792,0.04858561086592666,0.04109066946395722,0.06856308733818096,0.08971532495962738
16,0.05,7,336487.4205105801,348144.9875053037,348528.26995595027,335453.82550552033,351061.20302854566,580.0753576136294,579.1837579780016,336487.4205105801,348144.9875053037,348528.26995595027,383.2824506465695,1033.5950050597894,11657.566994723573,52.08583024172735,47.60295213870916,29.117066620798944,29985.828820105966,0.0,0.022206208957426726,0.037045799986289527,0.035915560011386446,0.07019752194234571,0.0807602393143486
17,0.05,7,358438.9938763005,348301.6125726554,347928.96741322085,360079.3516072791,345765.68129848,598.697748347445,600.0661226958902,358438.9938763005,348301.6125726554,347928.96741322085,372.64515943452716,1640.357730978576,10137.381303645147,51.62862832565253,46.934435205884625,28.286045880722533,29636.57519637598,0.0,0.017221803676210345,0.02594069599010484,0.0325425077860345,0.05949853251927744,0.07080413666713077
18,0.05,7,355271.3461557183,347720.1479960353,347924.87368860276,356758.30947886483,345831.1671047128,596.0464295302156,597.2924823558931,355271.3461557183,347720.1479960353,347924.87368860276,204.72569256747374,1486.9633231465123,7551.19815968303,51.22574020342261,46.9250178582065,27.322146086857003,28906.71156457775,0.0,0.02048894426058745,0.031561034539197244,0.03906565174926751,0.07179889402015424,0.07802666383920007
0,0.05,8,328108.085403215,313807.51842545695,320339.6605781978,335132.8415553471,310230.13942085195,572.807197408705,578.9065913904825,328108.085403215,313807.51842545695,320339.6605781978,6532.142152740853,7024.75615213206,14300.566977758077,89.51361098110543,61.262503737526764,41.01059427513396,34310.026089485815,0.0,0.0930936454117515,0.09934699508119209,0.24878131422618846,0.248562639357818,0.2546329064584902
1,0.05,8,322825.7589665381,318940.8095724764,323319.11552063806,327164.1802886331,317968.96444088937,568.1775769656333,571.9826748150971,322825.7589665381,318940.8095724764,323319.11552063806,4378.3059481616365,4338.421322094975,3884.949394061696,86.27109000692272,61.28867883417957,39.858441892678655,34048.9633193932,0.0,0.08649973914386275,0.09129821731130891,0.0956836160239117,0.10491214713843497,0.11375027306102088
2,0.05,8,328928.2978633871,322333.0296329704,325725.78624641406,333479.2433265135,320683.1807749548,573.522709108704,577.4766171253287,328928.2978633871,322333.0296329704,325725.78624641406,3392.756613443664,4550.945463126409,6595.268230416696,78.75618139776395,58.38721405531027,38.411131723546944,32506.42079045803,0.0,0.07368332891176145,0.08297703622712388,0.08016543081082192,0.09507025333377908,0.10548534099608817
3,0.05,8,301584.26311828004,325244.192815933,329383.7124373213,306889.3247005331,331162.8767312252,549.1668809371884,553.9759242968354,301584.26311828004,325244.192815933,329383.7124373213,4139.519621388288,5305.061582253082,23659.929697652988,78.39502417438791,57.79700469753553,36.154793232982534,32261.97219975701,0.0,0.07924757157958996,0.09136905667618374,0.0835546310669283,0.1078890099158709,0.11843717835408646
4,0.05,8,327150.1890901673,328536.10571836156,333358.0046378324,332125.35971091577,328882.8016959089,571.9704442453012,576.3031838458953,327150.1890901673,328536.10571836156,333358.0046378324,4821.898919470841,4975.170620748482,1385.9166281942744,79.27251973746071,58.650455243683865,35.578232252933944,31708.07592980526,0.0,0.06467179005181317,0.07300299126826004,0.0694335770680404,0.09206398271301905,0.10504243161276809
5,0.05,8,350314.8128207146,333026.5402052875,339127.6343698031,359557.4009035658,328701.7673779928,591.8739839025826,599.6310539853367,350314.8128207146,333026.5402052875,339127.6343698031,6101.094164515613,9242.588082851202,17288.272615427093,79.40484219057883,58.86417530192515,35.51976617433155,32213.588103827744,0.0,0.05817962712937426,0.0683959825479644,0.06234970180771049,0.07782987251980522,0.09829024446588673
6,0.05,8,339929.8748784492,338027.39087946434,341882.12275882193,343631.258458501,337551.4722445493,583.0350545880146,586.2006981047541,339929.8748784492,338027.39087946434,341882.12275882193,3854.731879357598,3701.383580051828,1902.4839989848551,78.45833066208654,59.35132733935666,34.91638996540833,31619.922451043283,0.0,0.05533720282081429,0.06591053729197552,0.06147860256726941,0.07900964124529744,0.09189195841170959
7,0.05,8,318122.5862794166,341390.7974908967,346853.69953843195,324086.3281971239,347211.49050202896,564.0235689041873,569.2858053711896,318122.5862794166,341390.7974908967,346853.69953843195,5462.90204753523,5963.741917707317,23268.211211480142,76.9242673585806,58.391070291419574,35.36278536991783,32679.440486395797,0.0,0.03901437323194415,0.056402186617772104,0.04932684027045505,0.05587355596256719,0.09105164555790451
8,0.05,8,321661.6438358522,346350.79841813934,349790.75541280623,325849.75507219444,352526.9495722503,567.152222807821,570.8325105249301,321661.6438358522,346350.79841813934,349790.75541280623,3439.9569946668926,4188.111236342229,24689.154582287127,74.3089978235149,57.396665129213304,35.27722033763844,32127.519588160547,0.0,0.02471970237970528,0.05431442380566909,0.042171337927995746,0.08587053470934886,0.10450397817588751
9,0.05,8,342792.1903939484,348880.040651968,352176.51493167295,346064.9643974857,350402.9556335971,585.4845774176707,588.2728655968127,342792.1903939484,348880.040651968,352176.51493167295,3296.4742797049694,3272.7740035373135,6087.850258019578,69.88675640738336,57.13331713538988,34.99618725274275,32559.221679038426,0.0,0.0361056654330688,0.053073548155933535,0.06737696647287005,0.08139105106103059,0.10044877767254975
10,0.05,8,354300.495831868,351761.7175601125,352912.2365263156,352362.10952815105,351126.6258115929,595.2314640808801,593.6009682675316,354300.495831868,351761.7175601125,352912.2365263156,1150.518966203148,1938.3863037169212,2538.7782717554946,65.08287182758285,55.8361538315664,33.57410153918412,31416.13318358699,0.0,0.029816669309642288,0.045116799962341615,0.06322077251966322,0.08144077279770986,0.090448200172919
11,0.05,8,348532.03097514564,352919.17740732105,353992.0194066694,351343.37962739717,354016.65036493173,590.366014414063,592.7422539581578,348532.03097514564,352919.17740732105,353992.0194066694,1072.8419993483694,2811.3486522515304,4387.146432175417,60.45986612111573,54.42657725956448,32.699416421672964,31615.14766725773,0.0,0.02489696116205424,0.03939692421839937,0.06126564163606304,0.07021370876753832,0.08793026152674914
12,0.05,8,361266.65301793796,353741.9587137365,353677.29755907424,362381.1167456764,351859.60793269484,601.0546173335149,601.9809936747807,361266.65301793796,353741.9587137365,353677.29755907424,64.66115466225892,1114.4637277384172,7524.694304201461,56.923291241905375,52.84638783134523,32.24894906850685,31256.218156251936,0.0,0.024529079763737333,0.03036977546680126,0.05240714889714982,0.06147917393828207,0.0723233437935877
13,0.05,8,350749.1930122763,353370.7548270955,352234.3873648128,349694.48560138856,354026.55541249854,592.2408234935147,591.3497151444216,350749.1930122763,353370.7548270955,352234.3873648128,1136.3674622827093,1054.7074108877569,2621.5618148191716,54.96212569714564,51.470632688133605,31.702031557817975,31319.90788555825,0.0,0.019354856033587744,0.029509829842586717,0.046392353547877414,0.06623018038379051,0.08855981159976399
14,0.05,8,362297.06762235524,351834.8606568304,351235.0620330965,362649.8754390878,349217.6721496536,601.911179180413,602.2041808548723,362297.06762235524,351834.8606568304,351235.0620330965,599.798623733921,352.8078167325584,10462.20696552482,53.69044693220245,50.656594721277294,30.513420958636413,30767.2747180527,0.0,0.02380990581193767,0.04301794614971304,0.04379761583566707,0.06566040822626361,0.10025931919516057
15,0.05,8,356582.42376344034,350824.98641372274,349462.22030282766,357426.2868885578,349384.72635080066,597.1452283686443,597.8513919767669,356582.42376344034,350824.98641372274,349462.22030282766,1362.7661108950851,843.8631251174374,5757.437349717598,53.05992036290527,49.140073968573844,30.127545529798056,30388.07507371565,0.0,0.019414711154772536,0.03795241284423686,0.04189298604415437,0.06055168528238115,0.06950145819063082
16,0.05,8,346261.21805861266,349004.62357236387,348760.243020302,348809.9835546896,349690.9041444051,588.4396469125892,590.6013744944128,346261.21805861266,349004.62357236387,348760.243020302,244.38055206189165,2548.765496076958,2743.405513751204,52.43097816566434,48.18451872810404,29.192148556581703,29706.803407719453,0.0,0.01919342540547269,0.03361356749352697,0.03406033900828262,0.06351977581500026,0.07762080369570588
17,0.05,8,356003.08804031846,348178.64421333885,348416.60726127046,355295.88087487326,346221.30915712164,596.6599433851064,596.0670103896653,356003.08804031846,348178.64421333885,348416.60726127046,237.96304793161107,707.2071654452011,7824.443826979608,51.9127075745785,46.81298637366865,27.797644324529486,28889.770407124062,0.0,0.025246985060533928,0.04111498358887272,0.04629718658385028,0.06034780169521121,0.08977598953705068
18,0.05,8,355295.10972292756,347880.9895929354,347770.29565499915,355314.5178713941,346026.2996542843,596.066363522492,596.0826434911472,355295.10972292756,347880.9895929354,347770.29565499915,110.69393793627387,19.40814846655121,7414.120129992138,51.483637732661684,46.52321370067105,26.987869017677635,28699.31614354029,0.0,0.02128199933530454,0.03900873394752448,0.04007699880489571,0.06163657692128184,0.06928112584058381
0,0.05,9,319057.64064629044,313759.36532737775,319209.3121408195,326235.66881283064,312433.9676060165,564.8518749604098,571.170437621583,319057.64064629044,313759.36532737775,319209.3121408195,5449.946813441755,7178.0281665402,5298.275318912696,89.8018496971694,61.42747294380982,41.50967529540511,34710.3079171895,0.0,0.08883320018394027,0.09629811333692152,0.2486468571797637,0.25012680721839786,0.25678563704372653
1,0.05,9,319538.4125594467,318025.82072532264,322556.81112706976,322445.4031843981,317647.4361285197,565.277288204158,567.8427627296116,319538.4125594467,318025.82072532264,322556.81112706976,4530.990401747113,2906.9906249513733,1512.5918341240613,85.86950290909442,61.56854672527949,39.55075116368884,33303.28816274472,0.0,0.08487889291194974,0.09080129638583607,0.09273903068849354,0.09725830991715925,0.10733782635223152
2,0.05,9,345145.74188534834,321926.01423332054,325590.18096091086,347153.9023802791,316117.4496970889,587.4910568556328,589.1976768286506,345145.74188534834,321926.01423332054,325590.18096091086,3664.1667275903164,2008.1604949307512,23219.727652027796,79.57210898472958,58.788936394374446,38.52637413269527,33306.75058205113,0.0,0.06417946792431978,0.07468269704485885,0.06958317820954546,0.08195365137934874,0.09767604883246327
3,0.05,9,320180.23392987065,325157.4099930929,329525.01875927334,325593.4807072662,326402.48266597965,565.8447083165757,570.6079921515875,320180.23392987065,325157.4099930929,329525.01875927334,4367.608766180463,5413.246777395543,4977.176063222229,78.45029786344155,58.07262630374427,36.27959910052996,32028.674989697334,0.0,0.07260234746806675,0.08003869492920297,0.07949822018660715,0.08943036907080729,0.10231784394686358
4,0.05,9,324370.02744960645,328853.2629251131,333841.14240707783,328740.23214320873,329974.7731762607,569.5349220632625,573.3587290198072,324370.02744960645,328853.2629251131,333841.14240707783,4987.879481964745,4370.204693602282,4483.2354755066335,78.3835721973129,58.4025921076387,35.46777857530662,32062.645424036265,0.0,0.07051706580425336,0.08335298469297209,0.07517377308192356,0.08559522127249383,0.09775251489827103
5,0.05,9,332633.4567380498,333160.4252058476,337500.40964295814,337906.4112881266,333292.2497646725,576.7438397920257,581.2971798384425,332633.4567380498,333160.4252058476,337500.40964295814,4339.984437110543,5272.9545500768,526.968467797793,80.1565665148626,59.46344155506439,34.87223233201556,31390.395260856974,0.0,0.06454196757164499,0.08051571795445411,0.07039752963876952,0.10336247831930435,0.11575942945129299
6,0.05,9,348716.8314669479,336784.72836863407,340753.90355507703,350590.83687326906,333799.8358695408,590.5225071637387,592.1071160468088,348716.8314669479,336784.72836863407,340753.90355507703,3969.175186442968,1874.0054063211428,11932.103098313848,79.33598034084339,59.501842472457504,36.08284140959476,32604.75633749977,0.0,0.0503829775035556,0.05655515805564857,0.05698665282004932,0.06589826909995809,0.09166950773385678
7,0.05,9,331871.89235779864,340428.2802918568,344777.5806301781,335116.7678555165,342568.71588424715,576.0832338801388,578.8927084145356,331871.89235779864,340428.2802918568,344777.5806301781,4349.300338321307,3244.875497717876,8556.387934058148,77.65710138772826,58.73489779244434,35.97678415093576,32700.115596480417,0.0,0.04304431173981743,0.05269084919756429,0.053688085102530085,0.07128191309434782,0.08564232381198138
8,0.05,9,368412.77840768,344016.37125732924,348603.81191955745,373167.11343589,337913.4527602375,606.9701626996833,610.8740569347253,368412.77840768,344016.37125732924,348603.81191955745,4587.440662228211,4754.335028210015,24396.407150350744,74.80686835533234,58.002600825755984,35.77139318036226,32510.756460954388,0.0,0.040869123153781765,0.05359539336767939,0.054895585098491025,0.07154919598275854,0.08076840592968375
9,0.05,9,356028.17238595977,348277.951966189,352125.6793554808,361554.91102679225,346339.18437369633,596.6809636530729,601.2943630425885,356028.17238595977,348277.951966189,352125.6793554808,3847.727389291802,5526.738640832482,7750.220419770747,69.68609389018069,57.15831202079028,34.59072525394661,32687.356148297727,0.0,0.03068076229778549,0.045847257278512576,0.06434151467385905,0.07481757969522178,0.08615231865889818
10,0.05,9,348792.17233927746,351800.10962329974,352825.8458450985,348334.4728005496,352552.5645227289,590.5862954211497,590.1986723134419,348792.17233927746,351800.10962329974,352825.8458450985,1025.7362217987538,457.699538727873,3007.9372840222786,64.14354680961688,55.25685284493573,33.512890275359354,31765.010201567264,0.0,0.028243627497913742,0.04335602805821146,0.05905575789992116,0.06547587424746515,0.08055674343685877
11,0.05,9,363758.6270013413,352479.1875582711,353173.7692038864,363836.36092938366,349657.56307931774,603.1240560625495,603.1884953556257,363758.6270013413,352479.1875582711,353173.7692038864,694.5816456152825,77.73392804234754,11279.439443070209,60.31783881560636,54.12557568450176,33.36773460192902,32058.466246952343,0.0,0.021429955591793677,0.04478954394436472,0.0549810919116756,0.06818461224849207,0.0742027825084259
12,0.05,9,341749.8967856788,352851.426405465,353404.62083187595,343249.12068166607,355628.5455953958,584.5937878439,585.874662945639,341749.8967856788,352851.426405465,353404.62083187595,553.1944264109479,1499.223895987263,11101.52961978619,57.934005390141884,52.76846277134556,32.33051183518131,31817.518597560247,0.0,0.02807118092981609,0.03627321896121961,0.049597546992262195,0.05471878605098578,0.06856267435008107
13,0.05,9,367562.22590992955,353287.00675926823,352083.02293328627,364670.6507018094,349715.9686769923,606.269103542255,603.8796657462556,367562.22590992955,353287.00675926823,352083.02293328627,1203.9838259819662,2891.5752081201645,14275.219150661316,55.279510384975005,52.329065400455484,31.76405185664135,31490.68134976915,0.0,0.029690130849599292,0.04712587389477374,0.051267377611779706,0.07955861895068954,0.09049142042166547
14,0.05,9,344053.0798144958,351897.64813927206,351075.40109226736,342315.103538875,353860.0174683266,586.5603803654793,585.0770065033106,344053.0798144958,351897.64813927206,351075.40109226736,822.2470470046974,1737.9762756208074,7844.56832477625,53.7015928136544,49.90783837587938,30.826417934816817,31356.78651763399,0.0,0.022481604812619876,0.030189356362753075,0.04479398934641061,0.07340616997404728,0.08641166597633204
15,0.05,9,345040.4290186478,350695.2229326393,350142.66169608315,345431.4980098109,352109.8060785204,587.4014206815028,587.7342069420589,345040.4290186478,350695.2229326393,350142.66169608315,552.5612365561537,391.06899116310524,5654.7939139914815,52.568368373532536,48.33450744269352,29.697042653435766,30635.24610594131,0.0,0.024260047654695895,0.040737153439298686,0.04562718591163755,0.06095380956461526,0.08064005245401716
16,0.05,9,359522.1312201138,349745.25815372623,348989.8700560491,357833.28339182935,347299.51033877727,599.6016437770278,598.1916778022153,359522.1312201138,349745.25815372623,348989.8700560491,755.388097677147,1688.8478282844299,9776.873066387547,52.3420389053542,47.731255565275376,28.874608269467625,29761.284072195227,0.0,0.02164319768215772,0.045824497756487295,0.041673665496480654,0.06965186386480626,0.10193049257084473
17,0.05,9,335483.5234495842,348546.2645351516,348043.2320801023,335281.1921448843,351813.9934143479,579.2093951668811,579.0347072023268,335483.5234495842,348546.2645351516,348043.2320801023,503.03245504928054,202.331304699881,13062.741085567395,51.86700576544986,47.33404263561421,27.99167351209746,29328.995352353304,0.0,0.020885193260787277,0.05737492404071062,0.04128839086605109,0.05427796807990301,0.08747388471196571
18,0.05,9,389777.38603942195,347713.10107643995,347920.09898154903,389224.9000230969,337190.4490652059,624.3215405857961,623.8789145524129,389777.38603942195,347713.10107643995,347920.09898154903,206.9979051090777,552.4860163250705,42064.284962982,51.648705614859715,46.715342726439715,27.17261993304732,28791.551462417785,0.0,0.0171801255870899,0.03462463526126134,0.03681721010378216,0.06317118163859914,0.06797656237465853
0,0.1,0,315490.42253039224,313890.7598645813,326462.21720575786,332504.91402183875,313490.59393801185,561.6853412101764,576.6323907151234,315490.42253039224,313890.7598645813,326462.21720575786,12571.457341176574,17014.491491446504,1599.6626658109599,170.78697201522272,115.34947682104907,61.384709066167105,52614.56312905655,0.0,0.17706417412541275,0.18929792531429288,0.30316047248149147,0.3013208327868376,0.3097648478964764
1,0.1,0,322933.3224545066,321540.9778028938,328256.04871436715,328360.1037977865,321192.67381385615,568.2722256581845,573.0271405420397,322933.3224545066,321540.9778028938,328256.04871436715,6715.070911473362,5426.78134327993,1392.3446516128024,152.55632268519395,110.5417051704662,55.59446107659984,49238.33234220828,0.0,0.14108448748703867,0.14954467891988085,0.14874879561611568,0.15871201331437207,0.16636361664150612
2,0.1,0,299615.13046569313,326298.72354300634,334970.9600471699,307173.02014157444,332973.7963419149,547.3711085412648,554.2319190930584,299615.13046569313,326298.72354300634,334970.9600471699,8672.236504163535,7557.889675881306,26683.593077313213,154.51412853970348,111.52824753897724,50.885849217140795,46812.75627349691,0.0,0.12916660370283134,0.13938688838356134,0.13385380892826473,0.1506866007932897,0.16424312653283094
3,0.1,0,328452.30216486024,333003.0874084397,342832.52460268,336972.2363555046,334141.49566946656,573.1075834124516,580.4930975950572,328452.30216486024,333003.0874084397,342832.52460268,9829.43719424028,8519.934190644359,4550.7852435794775,153.42163785191985,112.58645085015195,50.67242698527028,46030.37017452526,0.0,0.09748697287514804,0.10433090377552,0.10145580955625699,0.10590014033567116,0.1382101343819985
4,0.1,0,353153.15248449944,340513.2701573773,346951.7255919833,359565.93751807,337351.32212216634,594.2669034066254,599.6381721655736,353153.15248449944,340513.2701573773,346951.7255919833,6438.455434606003,6412.785033570544,12639.882327122148,141.9377872130864,109.53114196701247,50.6528885218688,46084.00732718929,0.0,0.066979409801892,0.08299693766829638,0.11546478856630374,0.130725555133186,0.1489998754708609
5,0.1,0,353042.2701358318,345189.9423586876,349402.9684231197,355342.14999693807,343225.63195260905,594.1736026918663,596.1058211399534,353042.2701358318,345189.9423586876,349402.9684231197,4213.02606443211,2299.879861106281,7852.327777144208,121.34615702173419,104.14222415064879,48.46265694027612,45419.81856834624,0.0,0.05412216729392189,0.06564285364166447,0.11555027402380762,0.12219072607019646,0.1367362005920121
6,0.1,0,357031.62122478994,348522.4972181669,349250.7526775385,357836.46359834436,346393.8850018668,597.5212307732587,598.1943359798255,357031.62122478994,348522.4972181669,349250.7526775385,728.255459371605,804.8423735544202,8509.124006623053,107.22224676307353,99.28521965523599,46.786967606800474,44037.79548072724,0.0,0.04291634096227427,0.05730108437537612,0.09152713848415556,0.10741152926463891,0.12337599173099371
7,0.1,0,340989.04758305085,348045.71715615067,345974.46195950016,339788.01365446986,349810.9885340271,583.9426749117167,582.9133843500849,340989.04758305085,348045.71715615067,345974.46195950016,2071.2551966505125,1201.0339285809896,7056.669573099818,102.44403122211395,93.87977693484544,45.33751352541371,43269.02851736337,0.0,0.04339218109531752,0.05735095770151073,0.07742419977133415,0.0959567388626185,0.10751275799474717
8,0.1,0,348483.93216319336,344346.12066087604,342819.27473813837,347174.968226987,343311.0204430717,590.3252765748671,589.215553279941,348483.93216319336,344346.12066087604,342819.27473813837,1526.8459227376734,1308.9639362063608,4137.811502317316,100.06051581302358,90.25498135493494,41.99416660551115,41368.033884192344,0.0,0.040207511538108594,0.050071966917043575,0.08016298971074756,0.08723376016283207,0.10284477012123502
9,0.1,0,352471.01858512906,341497.13565749215,343062.97709525895,356817.9918281838,338751.9481103565,593.6926970960053,597.3424410069854,352471.01858512906,341497.13565749215,343062.97709525895,1565.8414377667941,4346.973243054759,10973.882927636907,98.9110226385608,87.3462327217603,38.19865624054491,39332.957030380436,0.0,0.033862269414956125,0.03827634122242887,0.06122016285709836,0.061468509549704564,0.07961029297174722
10,0.1,0,382314.1221975019,341823.08065906994,345286.54577557783,389388.6397943443,331693.9856309172,618.3155522849978,624.010127958148,382314.1221975019,341823.08065906994,345286.54577557783,3463.4651165078976,7074.51759684243,40491.04153843195,97.77881289710875,84.52248497204037,35.06916458062464,38158.70490235186,0.0,0.026958698584838604,0.0373158768138484,0.05945706989129745,0.06883430721040029,0.08176962612237
11,0.1,0,323082.33979981905,343715.3789600945,347133.56427676603,327398.6819402038,348876.8666974662,568.4033249373363,572.1876282655925,323082.33979981905,343715.3789600945,347133.56427676603,3418.185316671559,4316.342140384775,20633.039160275424,97.17699610881711,83.61981528100955,33.104730341966416,36857.219517027675,0.0,0.0335758469021096,0.04157902579903351,0.08077638773642458,0.0899003814027618,0.10357326099942205
12,0.1,0,355942.53825753194,345949.91543143516,349984.00384181546,362643.61957527994,343450.1964234676,596.6092006142144,602.1989866939996,355942.53825753194,345949.91543143516,349984.00384181546,4034.0884103802964,6701.081317748001,9992.622826096776,96.17905229745503,82.5803953387142,32.598363652084075,36528.4677526965,0.0,0.03782014376376633,0.047839767169951336,0.0951756613476412,0.10315742542931534,0.1111525516786367
13,0.1,0,355795.479549521,348698.75204016996,352823.18769210204,357501.1056637722,346923.4599113445,596.4859424575914,597.9139617568503,355795.479549521,348698.75204016996,352823.18769210204,4124.435651932086,1705.6261142512085,7096.72750935104,95.6779753902925,82.27037484454766,30.65500745409026,35099.4260676209,0.0,0.027102925444985312,0.038044131615397755,0.08965704923543151,0.09583066071479299,0.11343341093808493
14,0.1,0,379745.6445584404,352722.1749042698,357410.0281273573,387370.6314650053,345962.0797889665,616.2350562556794,622.3910599173203,379745.6445584404,352722.1749042698,357410.0281273573,4687.853223087499,7624.986906564853,27023.46965417062,95.285269601687,81.73003391110257,30.120066870096665,34996.47053832849,0.0,0.027965959767685275,0.03966050192042965,0.08340738991957339,0.08751009600486612,0.09811396210410543
15,0.1,0,318044.58367580635,355752.1542754953,361178.0774674673,320328.57926477777,365184.9461073011,563.9544163102248,565.9757762173023,318044.58367580635,355752.1542754953,361178.0774674673,5425.9231919719605,2283.9955889714183,37707.570599688974,94.15232709897903,81.38435018858321,29.331673476199686,34169.68213074956,0.0,0.02870294130891187,0.04451051151272595,0.07630871822107801,0.08764417494984328,0.10451418210639478
16,0.1,0,351327.8157280405,360985.50767933094,368064.0337960165,360220.46187218075,363401.4415701496,592.7291250883835,600.1836901084373,351327.8157280405,360985.50767933094,368064.0337960165,7078.526116685534,8892.64614414022,9657.691951290413,93.76384850531191,81.16329253181424,28.71648764831114,34922.02205195853,0.0,0.022020570723728705,0.045866030381913864,0.06163472798779892,0.0705888118120338,0.08503878707952742
17,0.1,0,425484.95998574374,367073.33257465117,374680.11015757575,434084.6749627723,352461.28748229553,652.2920818051862,658.8510263806016,425484.95998574374,367073.33257465117,374680.11015757575,7606.77758292458,8599.714977028547,58411.62741109257,92.68413026972097,80.77618423459096,28.058366750170432,34254.261312948314,0.0,0.02157928593566692,0.03676473234085285,0.06018079101317949,0.06308176511789557,0.09284648537918042
18,0.1,0,404721.9079596729,373757.4916863959,381457.70045049407,414603.93661076436,366011.54337272723,636.1775758070013,643.8974581490164,404721.9079596729,373757.4916863959,381457.70045049407,7700.208764098177,9882.028651091445,30964.41627327702,92.21458681252096,80.91255075393882,27.178415014781155,33589.4820514974,0.0,0.022308596168279758,0.05755494696609262,0.07289361433109504,0.08550658826240753,0.1109233718326008
0,0.1,1,296216.5899807804,313817.86304489267,324231.1418910254,304054.2386341086,318220.9349518882,544.2578341014306,551.4111339410083,296216.5899807804,313817.86304489267,324231.1418910254,10413.278846132744,7837.648653328244,17601.27306411229,171.3819712475209,116.54280670465546,60.34240175719713,52026.45757268638,0.0,0.18446268955665288,0.19244272970388052,0.30856892565074484,0.3065754009549204,0.314070285435115
1,0.1,1,330559.8308047665,320380.4045787024,326943.2426473513,337435.0934117689,317833.95549618104,574.943328341817,580.8916365483058,330559.8308047665,320380.4045787024,326943.2426473513,6562.838068648882,6875.262607002398,10179.426226064097,152.32717930719687,110.33029206162249,55.52104171248452,48479.3313018063,0.0,0.14314568483842377,0.15635864871315722,0.15092410485727217,0.15298051604555685,0.16405760601926614
2,0.1,1,327482.75817529956,324759.5094486676,334712.48047168093,337093.0649895577,324078.2712268458,572.2610926625185,580.5971624022612,327482.75817529956,324759.5094486676,334712.48047168093,9952.97102301335,9610.306814258161,2723.2487266319804,154.17677816232774,110.61399908354491,51.25069454871058,47193.146680537604,0.0,0.1261188687897183,0.13121481775621235,0.13009503536352449,0.13409377092794983,0.14264337003245928
3,0.1,1,315859.38830334763,331671.1723561291,340194.9312936156,322695.40914175595,335626.59205268684,562.013690494589,568.0628566820366,315859.38830334763,331671.1723561291,340194.9312936156,8523.758937486506,6836.0208384083235,15811.78405278147,152.46949010929276,111.8074621086199,50.522505666910675,46385.031427605616,0.0,0.09941860493416682,0.10692694568516119,0.10641485665149868,0.11613162921433137,0.13418425037629822
4,0.1,1,343625.21681092726,338528.81093763094,344785.59203697514,351075.45574320777,337253.91215925163,586.1955448576246,592.5162071565703,343625.21681092726,338528.81093763094,344785.59203697514,6256.781099344196,7450.23893228051,5096.405873296317,140.52493667316668,109.1177250871135,49.781615664052666,44783.62177396862,0.0,0.0675956866173899,0.08581753934403291,0.1109608905333891,0.12598885184952344,0.13931608418303063
5,0.1,1,336765.3542671006,342839.80695648416,346102.4122144898,342716.6901587108,344359.3704499642,580.3148751041116,585.4200971599034,336765.3542671006,342839.80695648416,346102.4122144898,3262.605258005671,5951.335891610186,6074.452689383528,121.56595752336133,103.63964184710704,48.0776093943394,44257.83381599863,0.0,0.05406111925350649,0.06382564653377584,0.11785871271679822,0.1241318724269831,0.13265220760788904
6,0.1,1,344987.99502735166,344343.9571804259,343966.0272365968,343859.9293939396,344182.8469618347,587.3567868232661,586.3957105862386,344987.99502735166,344343.9571804259,343966.0272365968,377.92994382907636,1128.065633412043,644.0378469257848,108.25813647436698,99.14148979966345,46.327709743319744,43520.26010048449,0.0,0.048622998915499156,0.06467132092330065,0.09912955935270207,0.10793806164965074,0.11990904360747118
7,0.1,1,353470.7985295954,342296.66870566754,339359.884564162,348611.05673872627,339501.3881067218,594.5341020745534,590.4329400861086,353470.7985295954,342296.66870566754,339359.884564162,2936.7841415055445,4859.741790869157,11174.129823927884,102.04276228064403,94.5373517396346,44.919602934616876,42857.14440500245,0.0,0.0456848755032899,0.0569412991639156,0.07652256263662445,0.0843311375823941,0.11282197937412713
8,0.1,1,344910.4645676428,338350.2177060831,337552.90616260597,343471.47039959906,336709.1296692192,587.29078365631,586.0643910011928,344910.4645676428,338350.2177060831,337552.90616260597,797.3115434771171,1438.9941680437187,6560.246861559688,99.93899323494604,90.12638220743713,41.42962539605066,41788.4879555724,0.0,0.03599311733594656,0.07223148681316376,0.06675772537488327,0.09302427984404774,0.12519994892888964
9,0.1,1,328091.68495207536,336556.48469823913,337602.9125959039,330349.1237772543,338674.0089150908,572.7928813734292,574.7600575694646,328091.68495207536,336556.48469823913,337602.9125959039,1046.4278976647765,2257.4388251789496,8464.799746163771,98.72495854167815,86.97489680587611,38.5339133354429,40102.97356529222,0.0,0.043594530339437124,0.06969377053616702,0.07822500103278553,0.10596688778378612,0.11432322399086636
10,0.1,1,344655.250671292,335934.0239926148,338393.66709324805,349094.5968384376,333752.3529257806,587.0734627551241,590.8422774636541,344655.250671292,335934.0239926148,338393.66709324805,2459.6431006332277,4439.346167145588,8721.226678677194,97.79645476863615,84.68078402510962,34.702296034827654,37092.85746598422,0.0,0.03611344703510032,0.04963878519599734,0.059760431945315245,0.06815927677642654,0.07622779564027209
11,0.1,1,337823.1451218231,336657.03390281077,340193.8038069994,346247.8030199271,336365.32366513857,581.2255544294513,588.4282479792478,337823.1451218231,336657.03390281077,340193.8038069994,3536.769904188637,8424.657898103993,1166.111219012353,96.58319499206321,83.21263362568486,32.09453916125028,36103.36460796095,0.0,0.029762930713972072,0.04516975136654059,0.07590713443385536,0.09476261281071734,0.10981104421653566
12,0.1,1,339196.2348202549,339022.9485083642,342689.26512866927,341667.93131921004,338979.59982051793,582.405558713389,584.5236790064283,339196.2348202549,339022.9485083642,342689.26512866927,3666.316620305064,2471.6964989551343,173.2863118906971,96.30188123860266,82.71254898425714,31.346571171758566,35615.722833972985,0.0,0.029848852535185495,0.036566342427085265,0.0913182923968194,0.09527817229235393,0.11092902027200695
13,0.1,1,349156.39633513615,342360.00826464104,347730.0774633909,356902.8443048704,340659.8479823004,590.8945729443926,597.4134617707157,349156.39633513615,342360.00826464104,347730.0774633909,5370.069198749843,7746.447969734261,6796.388070495101,96.02340570419234,82.21587373228057,31.243427989377132,35626.45211262794,0.0,0.026315775740320905,0.04322170412017058,0.09821126749825006,0.10435234131313248,0.1287783277131113
14,0.1,1,345336.16986119305,346144.82107618294,350885.97357613087,347224.9673878839,346347.1103898202,587.653103336648,589.2579803344914,345336.16986119305,346144.82107618294,350885.97357613087,4741.15249994793,1888.797526690876,808.6512149898917,94.83708788242328,81.12970577214271,29.865829321884615,35051.703804225144,0.0,0.02353643176274834,0.06229513495682447,0.07648146290740489,0.09552416704688342,0.11658386715214823
15,0.1,1,358742.6453382532,350522.7708314047,356304.0407371925,361873.58409264433,348466.51624184736,598.9512879510763,601.5592939126153,358742.6453382532,350522.7708314047,356304.0407371925,5781.269905787776,3130.938754391158,8219.874506848457,94.45550434131793,81.07633920268596,29.112538752135336,33947.663568335425,0.0,0.02649498658765215,0.03976519910221051,0.07426074587054701,0.08517862352675959,0.10465323662001905
16,0.1,1,380507.47007391736,355582.45565545314,362617.3546143698,388844.00742673443,349347.30264307454,616.8528755496868,623.5735781980619,380507.47007391736,355582.45565545314,362617.3546143698,7034.8989589166595,8336.537352817075,24925.014418464212,93.29348893087861,80.61348618512028,28.43023072184205,33524.01405059896,0.0,0.018515140942112585,0.03134215234212487,0.05736411443553831,0.06580086005079426,0.08851638507439347
17,0.1,1,375445.1654675496,361146.18724563334,367271.42736925127,383653.85566282197,357569.20567854255,612.7358039706425,619.3979784135737,375445.1654675496,361146.18724563334,367271.42736925127,6125.2401236179285,8208.690195272386,14298.978221916244,93.07119853153188,81.12545316870793,27.61833047921901,33034.129642916254,0.0,0.027794417722800592,0.06100979746440567,0.06645463570248755,0.07385712268069254,0.09265569022044878
18,0.1,1,381984.87769350264,366448.43142440467,373497.8597990454,390820.76189257577,362561.8892491407,618.0492518347568,625.1565898977437,381984.87769350264,366448.43142440467,373497.8597990454,7049.42837464076,8835.88419907313,15536.44626909797,92.3873278244535,81.08075148694594,27.720992941381454,34003.37425478193,0.0,0.019551065355897915,0.04410029060789176,0.06821357001463554,0.08134071934121193,0.08991310669759295
0,0.1,2,291083.520720738,313697.0141578238,324123.7351265913,300468.48852522793,319353.92529767053,539.5215665019684,548.1500602255079,291083.520720738,313697.0141578238,324123.7351265913,10426.720968767477,9384.967804489948,22613.493437085825,170.8914890011993,116.84451161757408,60.24738564716157,51449.88863876277,0.0,0.17851580409495343,0.18869905404734136,0.303882846271052,0.30352667350815077,0.3101185858097274
1,0.1,2,321728.9897380489,320721.3249229522,327958.4381676595,327744.8463271089,320469.2510744948,567.2115916816659,572.4900403737247,321728.9897380489,320721.3249229522,327958.4381676595,7237.113244707289,6015.856589059986,1007.6648150967085,152.28380584501394,110.23258235099327,55.68678681552898,49146.63900775496,0.0,0.1409260497914927,0.15286174381822548,0.14850185751108608,0.1539154469378434,0.16421050725342135
2,0.1,2,315662.2175710031,325288.7140543412,334188.94602239976,324459.03749215556,327696.84419777954,561.8382485831693,569.6130594466348,315662.2175710031,325288.7140543412,334188.94602239976,8900.231968058564,8796.819921152492,9626.496483338124,154.15008693867554,110.97914009720057,50.8293808120097,46919.07132147956,0.0,0.1345564967243033,0.14048775487004375,0.14262651444955085,0.14572573203825995,0.17208619410760484
3,0.1,2,350494.1713298559,331935.5434365544,341185.3935399124,362730.77537241764,327292.98304835206,592.0254819936857,602.2713469628268,350494.1713298559,331935.5434365544,341185.3935399124,9249.85010335804,12236.604042561725,18558.627893301542,152.5960235247671,111.75413022171219,50.55316296785317,46314.01462313468,0.0,0.09085709137065164,0.10242316163072192,0.09567971732843007,0.1247162201930231,0.1405548229661964
4,0.1,2,330292.17646772735,338713.79139331786,345896.91168709117,335423.8233786449,340820.5126489529,574.7105153620624,579.1578570464575,330292.17646772735,338713.79139331786,345896.91168709117,7183.120293773303,5131.646910917538,8421.614925590518,141.15057749074694,109.30988536965214,49.9999337747826,45432.20108106377,0.0,0.06705761594416948,0.07837332987417842,0.11361173097319041,0.12486889371672222,0.14173262719827123
5,0.1,2,326250.21060346486,343916.56896851305,346451.21961737366,326106.8365849612,348335.92238304875,571.1831672970281,571.057647339532,326250.21060346486,343916.56896851305,346451.21961737366,2534.65064886061,143.37401850364404,17666.35836504819,122.46051005462337,105.1529025832226,48.296260080362536,44816.05868469328,0.0,0.05759125526169233,0.06722116646948728,0.11735316199793873,0.12862418799792824,0.14104540566062096
6,0.1,2,339265.8499633443,345569.35682601406,345120.44172149216,339300.88339254877,347146.2196973234,582.4653208246344,582.4953934517841,339265.8499633443,345569.35682601406,345120.44172149216,448.91510452190414,35.03342920448631,6303.506862669776,107.67949681362559,99.32697335135543,47.488384699627304,44481.217424052316,0.0,0.0439048765927439,0.04709933434811595,0.09420068788115998,0.10203908262551283,0.11439536109910815
7,0.1,2,359641.2918937334,344129.3526352569,343095.55500744213,358922.9504090226,340248.94104666106,599.7010020783135,599.1017863510529,359641.2918937334,344129.3526352569,343095.55500744213,1033.7976278147544,718.3414847107488,15511.939258476486,102.23612453796922,93.43783771612726,45.15097098030012,43310.29386440963,0.0,0.04684570951077332,0.05787251481661993,0.07815427790005403,0.09611976562827158,0.10938380853975828
8,0.1,2,324967.5670891891,341373.8504027857,339800.14404860616,323511.9264140953,345477.98792131525,570.0592662953468,568.7810883055935,324967.5670891891,341373.8504027857,339800.14404860616,1573.706354179536,1455.640675093804,16406.28331359662,99.73793670245583,89.4983120545817,41.54210792142739,41792.388844248635,0.0,0.03686195345679253,0.0695889436104189,0.06679061835173614,0.08230469939307267,0.09970246979093575
9,0.1,2,344463.36514384975,338801.7949118716,340694.0303996063,349394.38962660095,337385.5166263689,586.9100145199857,591.0959225257783,344463.36514384975,338801.7949118716,340694.0303996063,1892.235487734666,4931.024482751207,5661.570231978141,99.293895756502,86.70386278566234,38.270701418408365,39929.902280609065,0.0,0.03482203230921826,0.048792633720144946,0.06702896735002763,0.08007492929567493,0.09644504307694837
10,0.1,2,320940.7424793496,338561.10062928754,340989.0647109638,320793.4001245977,342968.9467935164,566.5163214589228,566.3862640677277,320940.7424793496,338561.10062928754,340989.0647109638,2427.9640816762694,147.34235475189053,17620.358149937936,98.18652866777902,85.49549151627613,35.0685374200862,38786.614014200655,0.0,0.036936424225961904,0.0563906168432443,0.07227875475703673,0.09580017369984886,0.11481265492414065
11,0.1,2,320012.4006055608,340171.8333091693,343016.20592038915,324162.2376328674,345214.84533874854,565.6963855334068,569.3524722286428,320012.4006055608,340171.8333091693,343016.20592038915,2844.3726112198783,4149.83702730661,20159.432703608472,98.1575490912696,84.8763895476399,33.04979990449891,36545.16348873778,0.0,0.029130836705519792,0.05703205922436255,0.07423764115405282,0.09895157840802243,0.11050657702423994
12,0.1,2,331655.71605261095,342017.23138122965,345808.5770048949,333437.69659912476,344609.23122642084,575.8955773858755,577.4406433557693,331655.71605261095,342017.23138122965,345808.5770048949,3791.3456236652564,1781.9805465138052,10361.515328618698,97.29133313037909,83.03249727237692,31.879624091626056,36174.31550446887,0.0,0.028266022912993287,0.04885363731443468,0.09988488333113357,0.10419353028562392,0.12165388750274596
13,0.1,2,317177.22892703715,345108.8290230835,349815.34012643265,320008.2897848818,352096.09882182855,563.1848976375672,565.6927521056654,317177.22892703715,345108.8290230835,349815.34012643265,4706.511103349156,2831.0608578446554,27931.600096046343,96.51898207081292,81.58083553796573,30.96792082407461,36269.53417413309,0.0,0.03286821603080792,0.055394540377244415,0.09799921903266805,0.1124966765715736,0.12113705998358021
14,0.1,2,378599.84282611765,349307.517350241,354855.8630599619,382884.13609020965,341979.8533270985,615.304674796249,618.7763215332417,378599.84282611765,349307.517350241,354855.8630599619,5548.345709720859,4284.293264092004,29292.325475876627,94.98468331418373,81.5156495218892,30.217936999126387,35003.32309607908,0.0,0.026850262596160794,0.04853769491413398,0.08456713110549176,0.09642117681792212,0.1110043811353207
15,0.1,2,328062.91473029886,353629.22937724885,359578.3955602086,332656.46931280533,360024.8077753203,572.7677668394922,576.7637898765884,328062.91473029886,353629.22937724885,359578.3955602086,5949.166182959743,4593.554582506476,25566.31464694999,94.12229013551563,80.69621757208134,28.73924921638559,34368.31530257947,0.0,0.02395011034570402,0.056640314595611675,0.06425551927600177,0.07716748372125945,0.08928801158210967
16,0.1,2,374518.1458034912,358904.8813005052,365371.64451376285,382426.92019428173,354999.12254889775,611.9788769259044,618.4067594991841,374518.1458034912,358904.8813005052,365371.64451376285,6466.763213257655,7908.774390790553,15613.264502985985,93.40733322090972,81.10335777511244,28.533194120019154,34388.54779407012,0.0,0.020468576444388917,0.03967407111306506,0.05730774694244795,0.07416523669961722,0.08504192861727534
17,0.1,2,338865.03501864645,364052.7206009035,370910.0764372873,344515.0707611975,370353.5824979668,582.1211514956715,586.9540618832086,338865.03501864645,364052.7206009035,370910.0764372873,6857.355836383824,5650.03574255103,25187.68558225705,92.5429229604894,80.38929895001833,27.60801146212311,33538.50635483291,0.0,0.025748172435619714,0.044261115102059136,0.06228091795901108,0.06978041099549055,0.08227003038299903
18,0.1,2,385802.3141496517,370509.4587687094,378252.8700041965,399205.8080328981,366683.85242419643,621.1298689884843,631.8273561922578,385802.3141496517,370509.4587687094,378252.8700041965,7743.411235487089,13403.49388324644,15292.855380942288,92.09329651534962,80.8200250221086,27.716372338466698,34386.6866538416,0.0,0.020036298204827895,0.04712433028996917,0.0632910568113603,0.08524016032897391,0.10975194616279271
0,0.1,3,331140.863545921,313826.3212131977,325078.2285248549,342379.38658462994,309494.97684679844,575.4484021577616,585.1319394671855,331140.863545921,313826.3212131977,325078.2285248549,11251.907311657153,11238.523038708954,17314.54233272327,169.80453582069146,115.84882671372242,60.14977298286471,51633.237054286496,0.0,0.17779245837112856,0.18846817085423645,0.29990043122221305,0.298735944623948,0.3077894040984036
1,0.1,3,339773.5935926976,320940.0044179202,327456.96585584315,348280.85990840336,316228.6606928781,582.9010152613371,590.1532512054843,339773.5935926976,320940.0044179202,327456.96585584315,6516.961437922961,8507.266315705783,18833.589174777386,152.12991081199132,110.23450475436434,55.3460529377359,48288.60731773868,0.0,0.14827047055803538,0.16394828262691444,0.15406022623556226,0.16671804132898954,0.17703781840522592
2,0.1,3,311656.0730473041,324353.2736463123,333541.0235383474,319375.02179355087,327529.5602166838,558.2616528540216,565.132747054664,311656.0730473041,324353.2736463123,333541.0235383474,9187.749892035092,7718.948746246751,12697.200599008182,154.28068165548757,111.53694462910462,50.68431436062124,46063.580391204116,0.0,0.13255403513093755,0.13710133280264347,0.13883843049067487,0.14923268311880553,0.16356119417420698
3,0.1,3,320871.5555852716,331334.66954013734,340124.07704670954,326416.2619134765,333952.0849365438,566.4552547070878,571.3285061271462,320871.5555852716,331334.66954013734,340124.07704670954,8789.407506572199,5544.706328204891,10463.113954865723,152.30385016205332,112.2442129990392,50.123681134950665,45402.32204698176,0.0,0.09389996915190613,0.09970754666030093,0.10125551455320221,0.10566508696644906,0.13046885285239074
4,0.1,3,351943.69404730946,338502.94847095455,345429.3522278337,359437.44276026054,335140.6593319383,593.2484252379517,599.5310190142463,351943.69404730946,338502.94847095455,345429.3522278337,6926.403756879154,7493.748712951085,13440.745576354908,142.063434676519,109.77748425473763,49.568648269894425,45408.46450174176,0.0,0.05882513789298744,0.06867957203984468,0.10817023067484076,0.12269421228874988,0.13184666190258176
5,0.1,3,366608.4703108041,343890.6655041601,347844.3949171308,370100.7027469642,338207.6602028735,605.4820148532937,608.3590245463316,366608.4703108041,343890.6655041601,347844.3949171308,3953.729412970715,3492.2324361600913,22717.80480664398,122.1990170310928,104.48023392355837,47.145709216178105,43691.04643548052,0.0,0.05097184792337238,0.07155984297914213,0.11581841557849583,0.1179255285628094,0.1445571438706023
6,0.1,3,351066.9374267447,346224.1569781596,345295.7664700331,349409.06199338526,345012.7042345289,592.5090188568818,591.1083335509535,351066.9374267447,346224.1569781596,345295.7664700331,928.3905081265257,1657.8754333594698,4842.780448585108,108.29014982632447,99.60817707077135,46.939979339280946,43836.759062558645,0.0,0.05111758588593627,0.07665874205303069,0.1020647258665112,0.10332337321937357,0.13050676477340023
7,0.1,3,351268.43281294854,344588.3657527439,342181.5155743263,349989.7653687273,342917.3039208811,592.6790301781805,591.5993284045608,351268.43281294854,344588.3657527439,342181.5155743263,2406.8501784176333,1278.6674442212097,6680.06706020463,102.51940707024087,94.03570621555731,45.16897403492142,43634.41709517053,0.0,0.043594630033244326,0.05990980459098479,0.0753298682087621,0.08663527997782983,0.10371442124304353
8,0.1,3,338734.0202123662,341159.5254317417,339623.46557944914,336011.6777711708,341766.2811961005,582.0086083662046,579.6651427946748,338734.0202123662,341159.5254317417,339623.46557944914,1536.0598522925866,2722.3424411953893,2425.50521937554,100.52823816444253,89.98928127658347,41.829654723682665,41130.77731490994,0.0,0.04290797007590092,0.06271186058281558,0.06954042406215716,0.08184120612511847,0.1068899124366699
9,0.1,3,334318.0802855945,338868.5004634305,340803.55015964125,337665.3424699356,340006.81740090845,578.2024561393652,581.0897886471037,334318.0802855945,338868.5004634305,340803.55015964125,1935.0496962107718,3347.262184341089,4550.420177835971,99.52150737313968,87.31465371855982,38.616473725213325,40184.64812489113,0.0,0.03395709243671946,0.05304136547058594,0.07042994788982343,0.08065193413122104,0.08728275722346479
10,0.1,3,309948.66622636426,339216.3222438706,342152.01276725373,312819.4545522023,346537.8150429933,556.7303352848345,559.3026502281232,309948.66622636426,339216.3222438706,342152.01276725373,2935.6905233831494,2870.788325838046,29267.65601750632,98.58911646329614,85.66451764489987,35.25252197631656,38144.31039100021,0.0,0.0414520173548836,0.05964224222773177,0.06551099901819107,0.0897080436742756,0.10236674733004393
11,0.1,3,363476.27583324333,341212.2872503561,343057.42112492456,365967.46455214923,335642.8070025406,602.889936749025,604.952448174358,363476.27583324333,341212.2872503561,343057.42112492456,1845.133874568448,2491.1887189059053,22263.98858288722,96.97504627759798,83.33633192991186,33.25380850804421,36650.42388434555,0.0,0.03393366097147547,0.04301430559664578,0.07731471996843339,0.08053716246763463,0.08973885982515191
12,0.1,3,330526.04864403023,341989.59026767535,344876.72552794055,331845.7004455135,344857.26909374056,574.9139489036861,576.0605006815807,330526.04864403023,341989.59026767535,344876.72552794055,2887.135260265204,1319.65180148324,11463.541623645113,96.5147699919247,83.23560351626044,31.28369922628375,35659.81212890031,0.0,0.03407671812643275,0.03847928353758968,0.09594079696078144,0.10542976588072857,0.11427775998008204
13,0.1,3,306999.43256948865,344558.7664561493,349183.31521649676,308406.0374966312,353954.475918723,554.075295036233,555.3431709282389,306999.43256948865,344558.7664561493,349183.31521649676,4624.548760347476,1406.6049271425582,37559.333886660635,95.81115486664542,81.96283789516855,30.719234185415175,35990.53512521326,0.0,0.033926175162970265,0.06335614932645658,0.1017381697933472,0.11595956041140024,0.13170212772646117
14,0.1,3,346498.54407698644,348814.858254884,353045.05688189744,348327.43275572726,349394.29917642,588.6412694307004,590.1927081519453,346498.54407698644,348814.858254884,353045.05688189744,4230.198627013422,1828.8886787408264,2316.314177897584,95.05905122074692,81.43637166115043,29.95989307780027,34788.54186748555,0.0,0.0206598027501975,0.04171053362743981,0.07180174796228517,0.08558545501489626,0.09630543471886048
15,0.1,3,327260.91406027507,352458.92441755935,357206.80572925083,328841.0540627838,358762.3691236446,572.0672286193949,573.4466444777437,327260.91406027507,352458.92441755935,357206.80572925083,4747.881311691483,1580.140002508706,25198.010357284278,94.2163481254662,81.04502148735499,29.199238362437324,34782.61985695933,0.0,0.023305240006670815,0.03617183531535897,0.0643403531576949,0.08725548639366304,0.093253708237739
16,0.1,3,391210.8822999337,356833.5032862834,363755.0514918961,399469.4273181356,348233.7803446647,625.4685302234907,632.0359383121624,391210.8822999337,356833.5032862834,363755.0514918961,6921.548205612693,8258.545018201927,34377.379013650294,93.42418837100388,80.68201448666393,28.161672346762618,33642.88535260314,0.0,0.021878856778053585,0.03474016205523375,0.05930052941502206,0.07953084576498744,0.08582494505115675
17,0.1,3,365963.01470448443,362462.31562445115,369140.09274761827,372752.75791485567,361586.5931856256,604.9487703140527,610.5348130244955,365963.01470448443,362462.31562445115,369140.09274761827,6677.777123167121,6789.743210371234,3500.699080033286,93.0607192054088,80.84230898492733,27.68403443770919,33501.267310748946,0.0,0.01764243508737682,0.05186550338975516,0.05555870416718764,0.07666108092578532,0.09062898639741251
18,0.1,3,371051.35494947253,368334.46765347885,375658.1760470948,379254.01374760043,367654.82078453415,609.1398484334057,615.8360282961695,371051.35494947253,368334.46765347885,375658.1760470948,7323.7083936159615,8202.6587981279,2716.8872959936853,92.00475736601106,80.51717785405631,27.688473835449606,34601.23126031091,0.0,0.021137162838307588,0.05050932930664076,0.07183661599053164,0.08617104027961298,0.09501630117408534
0,0.1,4,322121.9780172656,313827.3205183835,324614.47961849376,336316.462347526,311752.3584813508,567.5579071929715,579.92798031094,322121.9780172656,313827.3205183835,324614.47961849376,10787.159100110235,14194.48433026037,8294.657498882094,170.2483265891897,115.31344682946303,60.76530898591239,52154.93296685135,0.0,0.17667504578249765,0.1898171024925932,0.30377538289838674,0.3020567815508356,0.3101798589157886
1,0.1,4,323954.1695355428,319963.10554516275,327856.9348687585,336247.33722148126,318964.715163339,569.1697194471459,579.8683792219414,323954.1695355428,319963.10554516275,327856.9348687585,7893.829323595739,12293.167685938475,3991.063990380033,152.62968993470056,109.49868659460338,56.421610363685936,50061.31203524848,0.0,0.15242448170347284,0.15902073189997928,0.15842976470646325,0.16104235511575998,0.17397580411472724
2,0.1,4,335122.3461116832,324594.6277856053,333647.99674738897,344963.01158226695,321961.051189329,578.8975264342414,587.335518747391,335122.3461116832,324594.6277856053,333647.99674738897,9053.36896178365,9840.665470583772,10527.718326077855,153.96420392205926,111.00945945893278,50.986376375113174,46731.93218559123,0.0,0.1260117102584399,0.13040025030729563,0.1324428547776463,0.13946456533255724,0.15461470315950557
3,0.1,4,328898.8932345934,330990.7508840197,340005.91973256523,332788.77603257983,331514.0425582112,573.4970734315855,576.8784759657616,328898.8932345934,330990.7508840197,340005.91973256523,9015.168848545523,3889.8827979864436,2091.857649426325,152.99109155081985,112.40191181795439,49.80224607521655,45970.004183590616,0.0,0.09557275372670512,0.10472424172734916,0.09917791366546716,0.10955684280811402,0.12220092371013415
4,0.1,4,357178.5110948186,338463.5615215705,344286.2172842309,364324.0674288578,333781.8962575493,597.644134159132,603.5926336767686,357178.5110948186,338463.5615215705,344286.2172842309,5822.6557626604335,7145.556334039196,18714.9495732481,140.6430815030588,108.5993839355522,49.570208749495215,44866.34321042052,0.0,0.0596965008435673,0.0733502574248585,0.10623297568478031,0.1262730446233401,0.13811325936375596
5,0.1,4,327802.7327403386,342438.3544744205,344785.412025858,328697.6814944543,346099.54958593444,572.5405948405219,573.3216213387162,327802.7327403386,342438.3544744205,344785.412025858,2347.057551437523,894.9487541156705,14635.621734081884,121.13015322013001,104.4710853915933,47.68613155634107,43920.49525825324,0.0,0.05318707437049133,0.06927663838870352,0.120182526017679,0.1254467975893419,0.1369105561723536
6,0.1,4,357433.80043200013,343995.63323307666,344201.9781352773,356975.0835978465,340633.98909179395,597.8576757322767,597.4739187595108,357433.80043200013,343995.63323307666,344201.9781352773,206.34490220062435,458.71683415363077,13438.167198923475,108.75625374406029,99.87224761706608,46.14843142908464,43248.30608221639,0.0,0.04787444126708551,0.06413711430202954,0.09788437258441182,0.10634582355016726,0.12079658888601308
7,0.1,4,322435.82725609036,342852.1650924785,340829.8446369527,319579.5570487847,347959.4435969193,567.834330818497,565.3136802243376,322435.82725609036,342852.1650924785,340829.8446369527,2022.3204555258271,2856.2702073056716,20416.33783638815,101.564824590596,94.43624140592371,44.220420544702655,42708.01985542168,0.0,0.04414620923610238,0.05987477641961066,0.07822861673738948,0.08086601902700398,0.10120899888663527
8,0.1,4,325189.01523701317,339540.7300005102,338000.2455355153,323195.64531365567,343130.90395339363,570.2534657825529,568.5029861959,325189.01523701317,339540.7300005102,338000.2455355153,1540.4844649948645,1993.3699233575026,14351.714763497002,100.01940659671114,90.11320033344573,41.5791197152151,41428.02991027971,0.0,0.04140391134425948,0.060332365724550065,0.06929589404249717,0.07200501554302435,0.10256392826140269
9,0.1,4,342649.77820844034,336963.76582011697,336812.87967209984,342197.6285324344,335541.37317166117,585.3629457084214,584.9766051154819,342649.77820844034,336963.76582011697,336812.87967209984,150.88614801713265,452.1496760059381,5686.0123883233755,99.14585722791934,87.15998755264661,39.116666338267855,39629.9471696405,0.0,0.03190199128217984,0.05581871762307215,0.06539551770280264,0.07715696237572413,0.09154331415895726
10,0.1,4,314530.7638648812,335303.3809481483,337541.9031669122,314446.933425122,340499.78500261396,560.8304234480162,560.7556806891233,314530.7638648812,335303.3809481483,337541.9031669122,2238.5222187638865,83.83043975918554,20772.617083267134,98.24697723465867,85.08096690919234,35.543779415295816,37844.402210965534,0.0,0.043425925634405796,0.06636308500708278,0.06436630217060327,0.09074743296891098,0.10290606347652229
11,0.1,4,358313.22926925356,336442.6607248744,339516.32153099694,360389.4230494765,330971.59703550296,598.5927073304966,600.3244314947348,358313.22926925356,336442.6607248744,339516.32153099694,3073.660806122527,2076.193780222966,21870.568544379144,97.47568847629766,83.17220331412845,32.993011770675736,36372.2604947726,0.0,0.036728119798939876,0.06779785637971521,0.08242804280982453,0.10651472594824456,0.1222910255942683
12,0.1,4,345395.6210041879,338091.14449494507,342183.8662897615,347800.2241419472,336263.88261473866,587.7036846950919,589.7458979441461,345395.6210041879,338091.14449494507,342183.8662897615,4092.7217948164325,2404.603137759317,7304.476509242842,96.4883428431295,82.56312895714248,31.586764703717773,35718.54137157696,0.0,0.02696900274706249,0.03883382336950107,0.09219245575091843,0.09697659179582171,0.11629300745753944
13,0.1,4,331126.7078756449,341684.2787114627,345472.4414489146,332522.3416372172,344325.32310546644,575.4361023394735,576.647502064491,331126.7078756449,341684.2787114627,345472.4414489146,3788.162737451901,1395.6337615723023,10557.57083581778,96.10717628176897,81.63158885232022,30.603314889473708,35101.80292171847,0.0,0.030164171385907233,0.05845561020325416,0.09673428795541657,0.10950381089188853,0.1225472535739854
14,0.1,4,343527.7229215349,345274.65033706743,351103.59127614414,352911.98999533465,345711.65548998304,586.1123807953002,594.0639611989054,343527.7229215349,345274.65033706743,351103.59127614414,5828.9409390767105,9384.26707379974,1746.9274155325256,95.70879339647672,81.06670821634806,30.23246710775461,34910.04506600351,0.0,0.02438912142599927,0.055515794760560344,0.07881523036710218,0.09810749032449441,0.11342055477171273
15,0.1,4,328635.3745236917,349788.53648141463,355804.5746523732,330348.47551590693,355080.13628904906,573.267280178881,574.759493628341,328635.3745236917,349788.53648141463,355804.5746523732,6016.038170958578,1713.1009922152152,21153.161957722914,94.52085667653158,80.89078131368727,29.42812407630594,34380.93608470917,0.0,0.026553182452698238,0.03814350405317031,0.06161546218022353,0.07280279183443966,0.08663654886377584
16,0.1,4,358647.6270388702,355222.99065430486,362877.15340917604,367019.85077864246,354366.2957890171,598.8719621412162,605.8216328084054,358647.6270388702,355222.99065430486,362877.15340917604,7654.162754871184,8372.223739772278,3424.636384565325,93.75877627752647,81.14633273130893,28.299915656885094,34058.74041142552,0.0,0.02836559462307176,0.04743585915559399,0.06161368305906748,0.07658548754636835,0.09999100400309223
17,0.1,4,360875.40906078636,361394.77935708786,368468.0148412379,366007.0898435419,361524.7031843386,600.7290646046572,604.9851980367304,360875.40906078636,361394.77935708786,368468.0148412379,7073.235484150064,5131.680782755546,519.3702963014948,92.71259796460953,80.63579509542697,27.615082928261717,33698.53504787574,0.0,0.01801897119400479,0.04627290029369514,0.051023642473087195,0.06661352995877959,0.08493932132207209
18,0.1,4,381612.86518128036,367695.72130596114,374055.45724081335,388494.4328794457,364214.2580618066,617.7482215120334,623.2932158137498,381612.86518128036,367695.72130596114,374055.45724081335,6359.735934852215,6881.567698165367,13917.14387531922,92.38656832558438,80.95533761257116,27.339243975266225,34087.243468680215,0.0,0.021623097963207993,0.030188165433433087,0.06298665406586056,0.07858520869046416,0.08378737847042313
0,0.1,5,315293.5416472969,313831.4973999408,324945.12130735564,330481.2465510328,313465.7576077752,561.5100548051628,574.874983410335,315293.5416472969,313831.4973999408,324945.12130735564,11113.623907414847,15187.704903735896,1462.044247356127,170.36066161159138,115.68037448351072,60.794063966933685,52055.965966479984,0.0,0.17127582390550014,0.18518606166666424,0.2950610923798716,0.2989501796458121,0.30640996466898957
1,0.1,5,295827.9582544291,320221.54801186937,326209.5998353984,297571.14856372547,326323.7617199649,543.9006878598602,545.5008236141587,295827.9582544291,320221.54801186937,326209.5998353984,5988.051823529007,1743.190309296362,24393.589757440262,152.48238341303352,110.19861398384299,55.69213114029257,49087.00197484917,0.0,0.15325219720651936,0.1587025219757802,0.1593601308984433,0.16557339242477367,0.17378790805117528
2,0.1,5,332127.2719863941,324276.34053941123,333223.7098071603,341581.19138846913,322312.3794343228,576.3048429315809,584.4494771906885,332127.2719863941,324276.34053941123,333223.7098071603,8947.369267749076,9453.919402075058,7850.931446982839,153.778289170031,110.54669231703063,51.19702284997167,46871.107394046405,0.0,0.13340350697258258,0.1421548711342823,0.14230625310259476,0.14900588668279383,0.16795536623680393
3,0.1,5,285214.9837576574,330816.59691455675,339132.7168555352,289128.28319586214,342224.1343735496,534.0552253818489,537.7065028394785,285214.9837576574,330816.59691455675,339132.7168555352,8316.119940978475,3913.2994382047327,45601.613156899344,151.7106568046727,112.65783537439452,49.47611004007273,45441.92287552527,0.0,0.09780930608988565,0.11148285831716227,0.10539846275014646,0.1093308831095983,0.13336265874733372
4,0.1,5,331061.1578073818,337708.488904815,344684.54458530503,338087.14049883676,339371.361624589,575.3791426593267,581.4526124275621,331061.1578073818,337708.488904815,344684.54458530503,6976.055680490041,7025.982691454934,6647.331097433169,141.33332671438077,109.21102206909035,49.70789696005732,44900.02611351076,0.0,0.057877287146813755,0.07920801147240715,0.10783098564055178,0.1234243251054802,0.13571525517354782
5,0.1,5,336711.9086471781,343076.55005704105,345131.2636976937,335834.5311428361,344668.70612937683,580.2688244660212,579.5123218214054,336711.9086471781,343076.55005704105,345131.2636976937,2054.713640652655,877.3775043420028,6364.641409862961,121.87269713464843,104.93613539097478,47.58419488197459,44240.78855675837,0.0,0.05478416176616057,0.06622968520054794,0.12078800735579424,0.12671380101484742,0.13241558813467702
6,0.1,5,337202.394945781,344130.2710733132,343696.9183558157,336036.2472610141,345863.3239406355,580.6913077925146,579.6863352374404,337202.394945781,344130.2710733132,343696.9183558157,433.35271749750245,1166.1476847668528,6927.876127532218,107.91697561548685,99.63608887739316,46.68177730732352,44180.44132914593,0.0,0.049510991077469056,0.05712273880585699,0.10111894481745218,0.10880086837870744,0.12399714873707
7,0.1,5,350932.9379405853,342817.5519013737,340545.1475674955,350566.5115558658,340787.4357754821,592.395930050659,592.0865743756278,350932.9379405853,342817.5519013737,340545.1475674955,2272.404333878192,366.4263847194961,8115.386039211589,101.66342252344177,94.18130414346473,44.93019552876691,42974.07602941371,0.0,0.04643914576199533,0.07692454227945102,0.07776518521537283,0.09805564590853184,0.1105061276763174
8,0.1,5,338822.51837109675,339277.15684002225,338071.0027042787,338152.4076631956,339390.88758342195,582.0846316224959,581.5087339526343,338822.51837109675,339277.15684002225,338071.0027042787,1206.1541357435635,670.1107079011272,454.6384689254919,100.01388230694342,90.42982795096316,41.39207244834195,40852.644500772876,0.0,0.04142047670463816,0.060752815133484586,0.06704544738830101,0.09304599659273173,0.10752657179729504
9,0.1,5,318674.42876007064,337009.48455706553,338505.33695617534,316894.55698471406,341596.11694433005,564.5125585494717,562.93388331554,318674.42876007064,337009.48455706553,338505.33695617534,1495.8523991098045,1779.871775356587,18335.055796994886,99.011835966874,87.15765490321272,38.12728197285354,39749.269671584654,0.0,0.033644295052279324,0.041286845862716935,0.06320691919684789,0.06634492050249312,0.08203758063829213
10,0.1,5,334935.5411928347,337419.84525526484,340133.54251905263,336669.77628729626,338041.3099292051,578.7361585323961,580.2325191570154,334935.5411928347,337419.84525526484,340133.54251905263,2713.6972637877916,1734.23509446159,2484.304062430165,97.80347543661297,84.55211015690399,34.70350743012484,37362.84426183437,0.0,0.03658686973926441,0.04056061441684885,0.06156885196451928,0.07304219523544898,0.09061070687903888
11,0.1,5,357874.4724089079,339007.2295001724,343597.61934771464,364102.1330873912,334287.4670766637,598.2261047538028,603.4087611954199,357874.4724089079,339007.2295001724,343597.61934771464,4590.3898475422175,6227.660678483313,18867.24290873547,97.7524598364407,83.83226771772105,33.21966476643389,36777.78535171583,0.0,0.03594978481933292,0.04196425510846144,0.08271522313472139,0.09069760881721976,0.09755482274331874
12,0.1,5,340307.8673304253,341859.53208686423,346087.1529742772,346251.87364249246,342247.691027031,583.3591238083324,588.4317068636703,340307.8673304253,341859.53208686423,346087.1529742772,4227.620887412981,5944.006312067155,1551.6647564389277,96.78477684982711,82.92395634191938,31.547960125628364,36124.94880560031,0.0,0.03122493297266212,0.054385583248702456,0.09427185041514204,0.1053374193163125,0.11285891463181129
13,0.1,5,352133.21229118033,345388.69288180495,350727.31234367547,358048.71312297083,343701.50787936576,593.4081329836829,598.3717181844165,352133.21229118033,345388.69288180495,350727.31234367547,5338.619461870519,5915.500831790501,6744.519409375382,95.65066606177687,81.83701912212875,30.530780589331883,35316.16179045311,0.0,0.02723004564063678,0.04823400522152905,0.09323794544775732,0.10775374231755236,0.11944216586084129
14,0.1,5,328901.2351393594,349885.33916123596,355420.51378766587,332430.39139495173,355134.64803654584,573.4991152036413,576.5677682588159,328901.2351393594,349885.33916123596,355420.51378766587,5535.1746264299145,3529.156255592301,20984.104021876527,95.27379675077533,81.84655848855166,30.128562018412044,35363.39283046581,0.0,0.025962580386635906,0.04850500009204024,0.08090439317871548,0.09017747496518612,0.10080258853670852
15,0.1,5,341746.12259526644,354805.7385434558,360166.67393526365,347160.55061900546,358072.68564939365,584.5905597897271,589.2033185743318,341746.12259526644,354805.7385434558,360166.67393526365,5360.9353918078705,5414.428023739019,13059.615948189341,94.18348687170662,81.63057687825682,29.53964111363529,35313.12768554329,0.0,0.02467780565763,0.04255351393271788,0.07061143739876657,0.08494213852727395,0.09812180835573076
16,0.1,5,360134.7314904066,359326.6734434477,364417.99582471454,364739.87707493035,359124.53251461673,600.1122657390088,603.9369810459783,360134.7314904066,359326.6734434477,364417.99582471454,5091.322381266858,4605.145584523736,808.0580469589331,92.87720119271728,80.60030457618295,28.12837287540399,33110.852229440985,0.0,0.028109862034535964,0.06208570994475696,0.061876055658603886,0.07341565956449161,0.09356106740354377
17,0.1,5,355763.0761814192,363890.7342289897,369806.8513206191,359015.6322312515,365923.92027687223,596.458779951657,599.179132005823,355763.0761814192,363890.7342289897,369806.8513206191,5916.117091629421,3252.5560498323175,8127.658047570498,93.07195867100762,81.41266830746099,28.184696383491993,34318.746811059995,0.0,0.018352384281861023,0.04923164856120633,0.05864515311118569,0.07887176375239657,0.08816228913670032
18,0.1,5,367975.3059664446,369508.1587489026,376854.4171577993,373476.02157844673,369891.6117525244,606.6096817282465,611.1268457353569,367975.3059664446,369508.1587489026,376854.4171577993,7346.258408896683,5500.7156120021245,1532.8527824580087,92.08294890006451,80.68790064101952,28.30190891668877,34839.27366638488,0.0,0.021651013564255726,0.0450401105114576,0.06272427013672205,0.08165884019418018,0.09702635232847066
0,0.1,6,312953.69555488747,313801.8779907104,324396.55067218636,323290.77650053153,314014.0562940397,559.4226448356264,568.5866481905213,312953.69555488747,313801.8779907104,324396.55067218636,10594.67268147599,10337.080945644062,848.182435822906,170.55962928719637,116.27794101384438,60.59871861315491,52230.76500347392,0.0,0.17189225364275984,0.18267869579416207,0.2976921041375193,0.295666205119661,0.30302663148779424
1,0.1,6,314909.76287586865,320715.0566458149,327394.1368367998,322159.65478127723,322167.28830071853,561.168212638482,567.591098222371,314909.76287586865,320715.0566458149,327394.1368367998,6679.0801909848815,7249.891905408585,5805.293769946264,152.74416820627724,111.36626547421054,55.422359555454356,49067.5969166156,0.0,0.15153378758660876,0.16081567019654291,0.1585632431706609,0.16617879365987703,0.17564762808845047
2,0.1,6,307144.8228163238,325263.0126261474,334415.8327021422,312138.70246966946,329795.394588899,554.20648030885,558.6937465818545,307144.8228163238,325263.0126261474,334415.8327021422,9152.820075994765,4993.879653345677,18118.18980982364,153.2317269570162,110.80336410052126,50.06432784866625,46570.47234110971,0.0,0.1237049540652015,0.12834040650790174,0.12732168504874394,0.14100077250880805,0.15111553894539886
3,0.1,6,359289.24475582934,332353.98695370706,341516.40974013286,370057.40860887116,325615.95860176824,599.4074113287467,608.3234407853039,359289.24475582934,332353.98695370706,341516.40974013286,9162.4227864258,10768.163853041828,26935.257802122273,152.3169871909914,111.86055301656316,50.05875340712426,45879.251183316774,0.0,0.09153767107369173,0.10037091334053994,0.09691918111587518,0.10940416076497293,0.12389165623972842
4,0.1,6,343739.7213179287,338851.10733406467,345311.2111687871,348700.91897334135,337628.1890361612,586.2932042228774,590.5090337779274,343739.7213179287,338851.10733406467,345311.2111687871,6460.103834722424,4961.1976554126595,4888.613983864023,141.77565778478245,108.89130087450785,50.28017342764184,45566.338672113954,0.0,0.06303533276710563,0.0696332690967583,0.11423593008224946,0.12103602046860934,0.13503580102649362
5,0.1,6,323820.67434061796,343437.013757063,346007.96293673303,324056.10583841364,348344.16750031954,569.0524354930906,569.2592606523092,323820.67434061796,343437.013757063,346007.96293673303,2570.9491796700167,235.43149779568193,19616.33941644506,121.83997659198091,104.6360336475721,47.43439888517574,43810.93965307417,0.0,0.05364147404893998,0.06523000136844001,0.11736828413148731,0.12225857599141596,0.13117827572478047
6,0.1,6,382855.54921877035,345313.249205756,345989.3033265547,385098.89631414047,335921.8008764679,618.7532215825388,620.5633701034411,382855.54921877035,345313.249205756,345989.3033265547,676.0541207987117,2243.347095370118,37542.30001301435,108.26671899889247,98.36183108875728,47.0157205670269,44552.45737647428,0.0,0.04836674103759103,0.055720781895297174,0.09589777792707734,0.10430419635743678,0.11330737881170627
7,0.1,6,359892.86146646866,344762.42494830576,343024.1760219109,355947.46484808833,340977.4487291971,599.9107112449891,596.613329425423,359892.86146646866,344762.42494830576,343024.1760219109,1738.2489263948519,3945.3966183803277,15130.436518162896,101.91295517619406,94.10851891217597,44.32280698062145,43398.61655329616,0.0,0.04066901338360024,0.056687833935931645,0.07306219507228563,0.10297359829981159,0.11112492401967625
8,0.1,6,350772.87620903313,342033.40009478835,340538.15542956506,349684.28953154606,339847.16381401906,592.2608177222542,591.3410940663147,350772.87620903313,342033.40009478835,340538.15542956506,1495.2446652232902,1088.5866774870665,8739.476114244782,99.73716216562828,90.40985237848192,41.85510843072344,41613.35472836491,0.0,0.03512668005947447,0.056070592749932945,0.06773727497940671,0.09172596664484897,0.11549047177375737
9,0.1,6,330125.5703988874,339322.4549759353,339537.30886663194,328834.91821932676,341623.11493192706,574.565549262125,573.4412944838615,330125.5703988874,339322.4549759353,339537.30886663194,214.8538906966569,1290.652179560624,9196.884577047895,99.15846907068574,87.57102179260158,38.13853767405449,39816.13911273936,0.0,0.04846763425400117,0.05843853067524309,0.08269823995091453,0.10036714965023484,0.11229977950986973
10,0.1,6,342735.4273254818,338969.76423464215,341320.8752477744,342560.193447664,338027.7593406727,585.4361001215092,585.2864200096086,342735.4273254818,338969.76423464215,341320.8752477744,2351.111013132264,175.23387781780912,3765.663090839633,98.15271286180187,85.2346970010404,35.45608740632158,38714.968095157215,0.0,0.03283556453654965,0.040500152866510986,0.05478512237923501,0.06449285884357184,0.07405965184775111
11,0.1,6,349708.99852288223,340703.52558939817,343230.03602433257,349514.0201335519,338450.7484897985,591.361986031299,591.1971076836827,349708.99852288223,340703.52558939817,343230.03602433257,2526.5104349344037,194.97838933032472,9005.472933484067,97.15039569633214,83.87781920118657,33.32840441977848,37386.9168752846,0.0,0.037924915612573384,0.055403497471717994,0.0823903478057948,0.09364954927519212,0.1079509162577792
12,0.1,6,342112.55232864554,341895.13112464926,344919.39106339985,341942.11390449473,341840.74180906883,584.9038829830466,584.7581670267588,342112.55232864554,341895.13112464926,344919.39106339985,3024.2599387505907,170.43842415080871,217.42120399628766,96.11217169547004,83.14935333105896,31.70349989682854,36379.70532981327,0.0,0.023295689640222952,0.033858085804355474,0.09042944253887163,0.09487059868231451,0.10271448609383722
13,0.1,6,356782.6690540533,344710.84556493437,350047.31356267474,364712.6082890654,341691.0011095055,597.3128736717913,603.9144047702997,356782.6690540533,344710.84556493437,350047.31356267474,5336.467997740372,7929.939235012105,12071.82348911895,96.43657582940139,81.3681475932325,31.793639608766863,37091.359299361204,0.0,0.026538835016886135,0.032940137693329985,0.09535731291271977,0.10803202418451169,0.11874437736959872
14,0.1,6,338154.0448030109,348400.27352007985,353574.0701742134,344200.86269990396,350963.43367630534,581.5101416166453,586.6863409863092,338154.0448030109,348400.27352007985,353574.0701742134,5173.796654133534,6046.817896893073,10246.228717068967,94.88397642775065,81.31103963123202,29.53909754637747,34599.678031679236,0.0,0.028178239242521174,0.042745420351132796,0.08688578250486644,0.09111142793127228,0.11404243012290619
15,0.1,6,368081.764395251,352734.9124135004,358650.8217760746,376415.6141760467,348895.79847125715,606.6974240881949,613.5271910649492,368081.764395251,352734.9124135004,358650.8217760746,5915.909362574166,8333.849780795688,15346.851981750573,94.23794686195436,80.70993789204562,28.90396977223016,34243.0357167154,0.0,0.030416318929052222,0.03474145117455859,0.06791120673229074,0.07653887400979315,0.08485270242672624
16,0.1,6,365403.7236768889,357062.9041449781,363296.710622467,370395.997841928,354976.39437784336,604.4863304301338,608.6016742023702,365403.7236768889,357062.9041449781,363296.710622467,6233.806477488892,4992.274165039067,8340.81953191082,93.23256729509903,80.88209700588015,28.158901446746686,33887.210991823384,0.0,0.024412498157435906,0.03947656125829212,0.05299608697397208,0.06953341497095951,0.08636464956645769
17,0.1,6,391900.94574098627,362517.64897516347,369335.5359062741,401378.1341310861,355167.22789748036,626.0199243961699,633.5441059082517,391900.94574098627,362517.64897516347,369335.5359062741,6817.886931110639,9477.188390099851,29383.2967658228,93.37337137323114,80.95359053603444,27.740451306637897,34080.026669445724,0.0,0.017869599366638237,0.051867138227018605,0.06007870957298921,0.07847626498203901,0.09669109440741491
18,0.1,6,378069.79418474203,368297.8137918542,375366.4131990991,384379.3488520732,365853.2899107172,614.8738034627447,619.983345624762,378069.79418474203,368297.8137918542,375366.4131990991,7068.599407244881,6309.554667331162,9771.98039288784,92.21275671195812,80.69847358963872,27.504632649975523,34203.75003427671,0.0,0.022949398147171698,0.03458048043380629,0.06555683419380616,0.07859997817811328,0.08941513647306448
0,0.1,7,326187.7872934664,313829.3292902042,325920.0866221792,340521.17056452506,310737.78136354336,571.1285208194968,583.5419184296233,326187.7872934664,313829.3292902042,325920.0866221792,12090.757331974979,14333.383271058672,12358.458003262174,170.84456596160598,115.82276867865244,61.101499968337905,52270.567237665215,0.0,0.17818176451764214,0.19247116398811182,0.30471754323578887,0.30377594797594243,0.31196570557014425
1,0.1,7,313250.8920458345,321388.41122682195,327679.162479981,315898.6854113345,323424.06410078926,559.6882096719874,562.048650395439,313250.8920458345,321388.41122682195,327679.162479981,6290.751253159076,2647.7933654999943,8137.519180987438,151.69117979168692,110.88759197687646,54.50673167847284,48320.83405322941,0.0,0.14646363343347213,0.15535458477803554,0.1502648299925972,0.15504638203052837,0.1615188250726059
2,0.1,7,339290.8148632583,325970.33126502257,335272.59269378416,345454.4183790455,322638.1264349883,582.4867508049074,587.75370554259,339290.8148632583,325970.33126502257,335272.59269378416,9302.261428761587,6163.603515787225,13320.483598235704,153.88893387202125,111.4648921981631,50.679918566691995,46811.65995042206,0.0,0.1262938717909794,0.1324973099196069,0.13265954018659917,0.13872698628880867,0.14598581450189202
3,0.1,7,336409.03450845566,333597.2469982082,343737.69316325575,346118.11196219915,332893.8602289833,580.007788317067,588.3180364073493,336409.03450845566,333597.2469982082,343737.69316325575,10140.446165047528,9709.077453743492,2811.7875102474354,152.79011526401118,111.35697401864793,50.60290808553278,46885.0922693651,0.0,0.08755224154768898,0.09927121085621338,0.09450603942389793,0.10778023800707608,0.1218969028737117
4,0.1,7,346830.5920971088,340813.70774750115,348609.0333477736,356659.7030029063,339308.545345276,588.9232480528416,597.2099321033654,346830.5920971088,340813.70774750115,348609.0333477736,7795.325600272452,9829.110905797512,6016.88434960763,141.7859735906707,108.4881850714207,49.92564932212763,45519.75373415941,0.0,0.06977970400765418,0.08342549485848628,0.11483344087438824,0.12580846896517223,0.14853465975081717
5,0.1,7,329402.16245343426,346650.2351549027,349430.4996460472,330864.2368136369,350964.9517146098,573.9356779757069,575.2079943930169,329402.16245343426,346650.2351549027,349430.4996460472,2780.2644911445095,1462.0743602026487,17248.072701468423,121.26894787755784,103.94809529590188,47.49106606494142,44137.73666020944,0.0,0.04714478886352756,0.07662675687677935,0.10667545810023785,0.11885574892674232,0.1366629035383931
6,0.1,7,336128.7206440027,348580.1339894058,347009.072672803,333450.6527631467,351694.9352940522,579.7660913195965,577.4518618578926,336128.7206440027,348580.1339894058,347009.072672803,1571.0613166028052,2678.067880856048,12451.413345403096,107.72319765986886,98.99969679028925,46.12193328389348,43521.941646297935,0.0,0.05029652179459536,0.06083411431942132,0.10523853903196412,0.1140180285582937,0.1214964043445971
7,0.1,7,377315.38048781897,346213.1796538662,343680.23172525427,375781.91737576557,338432.7636442463,614.260026770275,613.0105361050213,377315.38048781897,346213.1796538662,343680.23172525427,2532.947928611946,1533.4631120534032,31102.200833952753,102.08674421954301,94.3264262535221,44.827079154133244,43107.84888230905,0.0,0.04067327590226607,0.055869569220474626,0.07457138333477131,0.08992656464522468,0.10482524108466436
8,0.1,7,342760.93075701856,342164.9040737319,341070.18894304254,341364.8514276159,342015.80415718374,585.4578812835459,584.2643677545431,342760.93075701856,342164.9040737319,341070.18894304254,1094.7151306893793,1396.0793294026516,596.0266832866473,100.78613214884135,90.51890379242676,42.286695735558034,42324.05879853124,0.0,0.0392874573103924,0.05349509123926446,0.06746192529940818,0.07329376346003695,0.09007340470941898
9,0.1,7,339080.0997921054,339815.20373728866,340397.9590285063,338071.5009792603,339999.09472733067,582.305847293418,581.439163609797,339080.0997921054,339815.20373728866,340397.9590285063,582.755291217647,1008.5988128450699,735.1039451832767,99.24426885917967,86.53555085529013,38.61093017601645,40381.78858669473,0.0,0.03638679636679481,0.04872912009659744,0.07086758690596484,0.07803475640005551,0.0950991874043936
10,0.1,7,318647.77654468484,338880.42505572713,341738.7602555867,320961.24439848604,343941.7524914525,564.4889516586528,566.5344158994103,318647.77654468484,338880.42505572713,341738.7602555867,2858.3351998595754,2313.4678538012085,20232.648511042295,97.97581707337397,84.77443675123037,35.258473642013556,38604.19436809044,0.0,0.0332262970165755,0.055366796312429856,0.064973141561543,0.08050845154931924,0.10855311455971248
11,0.1,7,313631.04882532265,340517.24922658905,343006.2486970354,314131.88360074454,347243.00555350154,560.0277214793234,560.4746948799245,313631.04882532265,340517.24922658905,343006.2486970354,2488.999470446375,500.83477542188484,26886.200401266397,97.05021162713778,84.00005659816276,32.43996582397824,35903.840613315835,0.0,0.0364425774292326,0.04079208750643748,0.0703255155291654,0.07416737695092587,0.0930074381663343
12,0.1,7,352803.5452775232,342205.8863215898,346220.0123065003,353396.3258033467,339554.81362594874,593.9726805817951,594.4714676108069,352803.5452775232,342205.8863215898,346220.0123065003,4014.125984910468,592.780525823473,10597.65895593341,96.52047847520392,83.38416836869287,31.688168907711532,35821.583551880685,0.0,0.028818062840345323,0.0692967341088352,0.08948068757848097,0.11497831456161667,0.12854179139881505
13,0.1,7,312545.3545436395,345337.75110043015,349157.72481929994,314162.278936329,353540.98046437075,559.0575592402266,560.5018099313587,312545.3545436395,345337.75110043015,349157.72481929994,3819.973718869791,1616.924392689485,32792.39655679063,96.06485542592742,82.79337919332596,30.68389175647925,35090.464649488866,0.0,0.024997816662525655,0.048389279413272014,0.08905501144371974,0.0963912543261306,0.10788553348919291
14,0.1,7,342068.9684524804,348742.5060729583,354625.70491521276,347199.3345155905,350411.9345233876,584.8666244986804,589.2362298056617,342068.9684524804,348742.5060729583,354625.70491521276,5883.198842254467,5130.366063110123,6673.537620477902,95.20282867358152,81.20904244414247,30.25510423127679,35001.20547555715,0.0,0.028909226593318176,0.05019296734083547,0.08325495031811529,0.0943508073467841,0.11022200045101953
15,0.1,7,363262.4877326881,353374.6871117714,359631.7405605694,370015.6367275921,350901.19005406706,602.7126079091826,608.2891062049296,363262.4877326881,353374.6871117714,359631.7405605694,6257.0534487980185,6753.1489949040115,9887.800620916707,94.80306686270949,81.01852519722031,29.79881598447387,35415.60836398114,0.0,0.02876942979450238,0.04789438181273039,0.0692568010021671,0.09485157185788597,0.10994783010729162
16,0.1,7,340995.7430032827,359017.7631636283,366317.0983350123,346543.89959078137,363526.08766869595,583.9484078266527,588.6797937680394,340995.7430032827,359017.7631636283,366317.0983350123,7299.335171384038,5548.15658749867,18022.020160345593,93.39108745991172,80.25663637599696,28.46694086744322,34301.9559957888,0.0,0.02166526038246012,0.03560485576238545,0.06685999992999937,0.08207786733064568,0.09978079636176114
17,0.1,7,372410.82601003174,365623.43487013405,372503.65885458834,381723.36392387486,363925.5252279725,610.2547222349301,617.8376517531728,372410.82601003174,365623.43487013405,372503.65885458834,6880.223984454293,9312.537913843116,6787.3911398976925,92.56891711646368,80.17474587308843,27.588344944078983,33866.63720202163,0.0,0.02160206062731058,0.04235833983221379,0.05422604778764263,0.07276641187419565,0.08448195307707877
18,0.1,7,382361.1139549708,371662.3695500103,378150.47753951134,391854.4634450478,368986.00967774313,618.3535509358467,625.9827980424444,382361.1139549708,371662.3695500103,378150.47753951134,6488.107989501033,9493.349490077002,10698.744404960482,91.8052115004599,81.1029798939013,27.397213568422693,33851.596171320176,0.0,0.020001643208204793,0.030139814644094185,0.06907828613863515,0.08582881330769297,0.09438048255947552
0,0.1,8,328108.085403215,313807.51842545695,325640.3035408857,341558.59991323214,310230.13942085195,572.807197408705,584.4301497298305,328108.085403215,313807.51842545695,325640.3035408857,11832.785115428735,13450.514510017121,14300.566977758077,170.51392289933952,115.77557774928057,60.99785697027473,52283.94719602607,0.0,0.17581656793148573,0.18769793269608437,0.3011151728548938,0.29974535893073934,0.30833418527328094
1,0.1,8,324981.6327379197,321163.1238446053,327710.62531563075,330956.04189208144,320207.8992325262,570.0716031674615,575.2877904945328,324981.6327379197,321163.1238446053,327710.62531563075,6547.501471025462,5974.409154161753,3818.5088933143998,152.4785481505021,110.26301529056737,56.3263540866924,49999.46796054708,0.0,0.14918180740428333,0.15689613708546404,0.1558949416183557,0.15992216062153514,0.16822650992011196
2,0.1,8,332046.6930468338,325258.3119615451,335087.3034288164,343252.8861755745,323560.1546781633,576.2349286938738,585.8778765029232,332046.6930468338,325258.3119615451,335087.3034288164,9828.991467271291,11206.193128740706,6788.381085288711,153.72451251990555,110.11188758872133,51.22301776110225,46493.9536005888,0.0,0.1291107059010237,0.13426740687155467,0.1372194224825156,0.14102827762667566,0.1532923308246957
3,0.1,8,307476.8506396489,332729.95012545015,342296.0739704137,317913.3100175594,339047.1757321141,554.5059518523213,563.8380175347876,307476.8506396489,332729.95012545015,342296.0739704137,9566.123844963557,10436.459377910476,25253.099485801242,152.77133643717895,111.81206309182707,50.46660914714557,46160.827530629715,0.0,0.09862026718232199,0.10494814602337377,0.10636372279322176,0.10937359838655422,0.12495118391433832
4,0.1,8,338059.4371509874,339709.4964489811,346332.75461091724,343688.7321999842,340122.26941792533,581.4287894067402,586.2497182941619,338059.4371509874,339709.4964489811,346332.75461091724,6623.25816193613,5629.295048996806,1650.059297993721,140.94561201981261,109.19575613904429,49.619238447351165,44790.35920258029,0.0,0.06369407366640376,0.0715435106364213,0.11167924095570418,0.11583574023445158,0.13431161116509166
5,0.1,8,361660.1162232704,345160.16651560995,349515.6891673908,370868.500270371,341032.5977448732,601.3818389536472,608.9897374097293,361660.1162232704,345160.16651560995,349515.6891673908,4355.522651780862,9208.384047100553,16499.949707660475,121.43827014825224,104.42768665280599,47.71124941778657,44678.60761033633,0.0,0.05469034656444702,0.07728904554070215,0.12033656180191557,0.1317424160424977,0.1398610849010877
6,0.1,8,351537.5403183359,347706.1890998361,346168.68498724356,349162.67765923566,346747.7518973359,592.9060130563156,590.8998880176198,351537.5403183359,347706.1890998361,346168.68498724356,1537.504112592549,2374.8626591002103,3831.351218499767,107.51681787537656,99.68912920221273,46.37530378447627,43112.54073775954,0.0,0.045253819793531415,0.05256620569302928,0.08802867016642066,0.0999779473312251,0.12456070835070072
7,0.1,8,325119.00133599306,345302.40374371334,343989.3075096888,323084.23430844775,350351.4119492742,570.1920740732837,568.4049914527913,325119.00133599306,345302.40374371334,343989.3075096888,1313.0962340245605,2034.7670275453129,20183.402407720278,102.03335307085676,93.5822819153357,44.6308654635711,44003.974385833506,0.0,0.039566052518165494,0.054658987408059176,0.08110943406005734,0.09545279447848372,0.10702781291079778
8,0.1,8,312626.04471422336,343165.28437287855,341570.29851537064,311793.39233392687,350804.8720158995,559.1297208289176,558.3846275945702,312626.04471422336,343165.28437287855,341570.29851537064,1594.9858575079124,832.6523802964948,30539.23965865519,100.28584826612666,89.87893291203117,42.17175855418997,41819.65147495218,0.0,0.046524293273407444,0.06444031558611414,0.07507736911749423,0.09936882802577328,0.12404242615677373
9,0.1,8,333834.0684740342,339836.29855907656,340650.10711839766,336184.97975112364,341337.7951025657,577.7837558066462,579.8146080870364,333834.0684740342,339836.29855907656,340650.10711839766,813.8085593210999,2350.9112770894426,6002.2300850423635,98.96008669889224,87.04068863826569,38.55916376218101,39997.563131864394,0.0,0.034398465140963556,0.04843690197462204,0.06528923854744216,0.0734000082102394,0.08894201839485916
10,0.1,8,339880.4020935926,339468.48926712497,340441.0374488261,337975.39414785267,339365.44661857653,582.9926261056761,581.3565120886259,339880.4020935926,339468.48926712497,340441.0374488261,972.5481817011023,1905.0079457399552,411.91282646765467,97.65478999715938,85.62007364300806,35.08210754835628,37484.19712299828,0.0,0.039689438721147614,0.0554394358572921,0.06489830577413859,0.08350474211587355,0.09458894946727579
11,0.1,8,333706.2669562084,339879.54525297746,343032.8998911883,338151.7503990306,341423.830609131,577.6731488966823,581.5081688153922,333706.2669562084,339879.54525297746,343032.8998911883,3153.354638210847,4445.483442822238,6173.278296769073,96.56335695451213,83.95788993457496,32.211880455019,36439.345131712136,0.0,0.0330002016006902,0.052763019481055225,0.07989248236019703,0.10367731654517616,0.1128348789743093
12,0.1,8,344713.2855142202,342236.1201163349,346092.8504190495,349606.5797269294,341616.4412253432,587.1228879154859,591.2753840021834,344713.2855142202,342236.1201163349,346092.8504190495,3856.7303027146263,4893.294212709239,2477.1653978853137,96.2709617206076,82.61992611023958,31.34671597714587,35883.06661541369,0.0,0.029984853720205144,0.03873777469061768,0.09580128736081182,0.10278339399635167,0.10696898020716154
13,0.1,8,341645.6376537453,345170.8749068043,349579.5020458022,346901.6532880202,346052.7357277745,584.5046087532119,588.9835764162021,341645.6376537453,345170.8749068043,349579.5020458022,4408.627138997894,5256.015634274925,3525.237253058993,95.91895572864316,81.53757578328933,31.17264606009991,35643.93796678024,0.0,0.03083081206509729,0.06173868177591694,0.10006911867442929,0.11370655348789713,0.12642544708013634
14,0.1,8,359280.630671301,348440.99470936885,354064.75869248295,365978.96305789734,345729.3899060006,599.4002257851602,604.9619517439897,359280.630671301,348440.99470936885,354064.75869248295,5623.763983114099,6698.332386596361,10839.63596193213,94.99812964373342,82.18338516291908,29.972696482756426,34652.07567156851,0.0,0.02703619003843365,0.043681132826915915,0.07531369250381036,0.0881733651713701,0.09531310377396125
15,0.1,8,358885.9659473825,353008.2229000296,358753.5059383685,368151.3067200768,351537.86759140674,599.0709189631746,606.7547335786321,358885.9659473825,353008.2229000296,358753.5059383685,5745.283038338879,9265.340772694326,5877.74304735288,94.56919530380256,80.93448798706132,29.06998698442868,34132.34858360621,0.0,0.019499658011047114,0.04980233160984525,0.06928562680942263,0.0857612263494791,0.1058842279438537
16,0.1,8,349032.3575960036,357543.9364785511,364225.71731678164,358364.47423723596,359673.1627978868,590.7896051861471,598.6355103376644,349032.3575960036,357543.9364785511,364225.71731678164,6681.780838230508,9332.116641232336,8511.578882547503,93.61963858490275,80.72430315671146,28.824333855521687,34571.34322770027,0.0,0.022839415086411807,0.04473552357890792,0.057711672090105824,0.0804627963055021,0.09160600808530009
17,0.1,8,373238.95262472075,362953.65378997574,370408.4370936898,379773.2062586108,360380.71999198495,610.9328544322369,616.2574188264274,373238.95262472075,362953.65378997574,370408.4370936898,7454.783303714066,6534.253633890068,10285.298834745015,92.99915950786992,80.54591387620255,27.789053449933377,33884.690678827035,0.0,0.02461832274628694,0.04774777242085881,0.061044646445083096,0.07449784488016101,0.0943202063611554
18,0.1,8,370481.73438987543,369267.6177770043,375866.6796393011,374776.51229115325,368963.89868063683,608.6721074518492,612.189931549967,370481.73438987543,369267.6177770043,375866.6796393011,6599.061862296774,4294.777901277819,1214.1166128711193,92.11631173021492,80.97699641727367,27.454843770624908,33538.04727930993,0.0,0.026373593365329122,0.04717918977605603,0.06841431997986415,0.08202595567969495,0.09689801072073263
0,0.1,9,319057.64064629044,313759.36532737775,324137.1849814627,330782.39869063627,312433.9676060165,564.8518749604098,575.1368521409806,319057.64064629044,313759.36532737775,324137.1849814627,10377.819654084975,11724.758044345828,5298.275318912696,170.81505245322967,116.03498380411142,61.055099382543595,52324.846460257926,0.0,0.17524996286499803,0.18548715106179625,0.3061640116347408,0.3065927485189272,0.3137156950339722
1,0.1,9,321694.7821422466,320171.96610590187,326767.2353763377,326190.0636798687,319791.0238590127,567.1814367045581,571.1305137005628,321694.7821422466,320171.96610590187,326767.2353763377,6595.269270435849,4495.281537622097,1522.8160363447387,152.2696225589624,110.51425490539945,55.56146898284844,48830.57877070587,0.0,0.1405437400316342,0.14761761283068775,0.14684354866797877,0.14942398005171906,0.15811057241059842
2,0.1,9,347669.62763403775,324823.5440547552,334697.1243855563,355069.582498069,319108.448991665,589.6351648553856,595.8771538648457,347669.62763403775,324823.5440547552,334697.1243855563,9873.580330801138,7399.954864031228,22846.083579282567,154.54695946027024,110.77138408584031,51.43040501016604,47589.3859631619,0.0,0.13715723962920323,0.14185067274083438,0.14418225926047848,0.14847693336463422,0.16080762522846045
3,0.1,9,327314.98034359625,332502.7202790392,342013.2341281456,337640.7528010986,333800.4668617634,572.1144818509633,581.0686300266937,327314.98034359625,332502.7202790392,342013.2341281456,9510.513849106443,10325.772457502375,5187.739935442922,152.54016078472463,112.24317087257684,50.183336008810066,45781.331160176254,0.0,0.09265147545131687,0.09988665027527116,0.09789125393515184,0.10075908974747183,0.12507729943350226
4,0.1,9,335048.4145654321,339666.0840100284,346707.3844398667,341323.1340329164,340821.2237850455,578.8336674429297,584.2286658774254,335048.4145654321,339666.0840100284,346707.3844398667,7041.300429838302,6274.719467484276,4617.6694445962785,140.59539633894187,109.09510104848283,49.39764917160029,45228.14233228303,0.0,0.07381755124589658,0.0803467328069814,0.12050579956665458,0.13050135472331803,0.14554928004285647
5,0.1,9,347688.3822749921,344937.4685363634,347758.9442971451,351391.5438588037,344249.3097334742,589.6510682386594,592.7828808752862,347688.3822749921,344937.4685363634,347758.9442971451,2821.47576078173,3703.1615838115686,2750.913738628733,122.5140069214662,105.01951594495144,47.61710987461482,43929.02096834858,0.0,0.04922482767765803,0.07608309049399051,0.12113539004276379,0.13709301160150048,0.14556814387751313
6,0.1,9,360850.9543419415,346434.41780073696,345323.84089118085,358588.483617905,342828.0282623474,600.7087100599937,598.822581085504,360850.9543419415,346434.41780073696,345323.84089118085,1110.5769095561118,2262.4707240365096,14416.53654120455,108.11889747568478,99.57130740134929,47.22284306931309,44098.28307791177,0.0,0.04639441008578782,0.05705226544809286,0.08827603097447655,0.09155443923409173,0.10709878308126207
7,0.1,9,337837.95615457074,344467.4439258015,342251.75595460285,335710.33610813756,346125.85302251583,581.2382954989896,579.4051571293938,337837.95615457074,344467.4439258015,342251.75595460285,2215.6879711986403,2127.620046433178,6629.48777123075,102.26569670078254,93.85073108675869,44.61860456742222,43161.53274664241,0.0,0.04487517472079683,0.062322978393423635,0.07908095439087567,0.08812711732152977,0.10669382824820832
8,0.1,9,364222.5872799873,340947.49744204705,340929.81292401295,365576.3247280602,335125.0836981693,603.5085643799823,604.629080286468,364222.5872799873,340947.49744204705,340929.81292401295,17.684518034104258,1353.737448072934,23275.089837940235,100.09454948186496,89.81459285563372,41.32720503248925,41947.640539391425,0.0,0.04177811775830018,0.07350973563660526,0.07054478640264945,0.07926207458222412,0.10863842009297613
9,0.1,9,352996.1413596595,339772.7953170068,341126.9818358098,354016.37848491396,336464.89007260726,594.1347838324731,594.99275498523,352996.1413596595,339772.7953170068,341126.9818358098,1354.186518803006,1020.237125254469,13223.346042652673,99.001369582478,87.35261985539685,38.29603227880494,40324.52846729032,0.0,0.03781111414624551,0.049066621544714605,0.06848694988271277,0.07860057880192803,0.09892855525150396
10,0.1,9,329455.3771984421,340232.1695975311,340762.6949836432,324489.395441649,342928.0536785923,573.9820356060302,569.6397066933177,329455.3771984421,340232.1695975311,340762.6949836432,530.5253861121018,4965.981756793102,10776.792399088969,97.39438081353097,84.9677902227836,35.17504949817439,37724.10692839055,0.0,0.03722644274568075,0.060597474593590626,0.05983177222480251,0.07948376928659265,0.10017269315177674
11,0.1,9,354756.61463823984,340122.87995096203,343248.3465241157,357462.2284246949,336462.1568963692,595.6144849130517,597.8814501426641,354756.61463823984,340122.87995096203,343248.3465241157,3125.4665731536807,2705.613786455069,14633.734687277814,96.86666196213146,83.42130749128356,32.869138039267106,37333.066848197166,0.0,0.028641128514885355,0.0493386371575201,0.07880429627956692,0.08323720927664931,0.09842799921448298
12,0.1,9,330100.3407102154,342110.3904199915,346677.04403198883,335672.10081347654,345114.78176635137,574.5435933941092,579.3721608892479,330100.3407102154,342110.3904199915,346677.04403198883,4566.653611997317,5571.7601032611565,12010.049709776125,96.87634777559637,82.43133804045925,31.830538206241247,36607.01324475098,0.0,0.026916247981888016,0.044251421950710974,0.084371942362662,0.09734318615030382,0.10663204918451255
13,0.1,9,361068.2404247966,345996.43484873365,349855.06421504874,361336.9077013279,342226.1255377004,600.8895409514103,601.1130573372433,361068.2404247966,345996.43484873365,349855.06421504874,3858.6293663150864,268.6672765312833,15071.805576062936,95.96023876550808,82.53225548713053,30.60927487422948,35514.990261135485,0.0,0.02852271660523028,0.04980969576012707,0.10102894589447017,0.1138699651218068,0.12007097332481183
14,0.1,9,347797.59605388227,349158.05403636495,354578.51007392124,352747.9092785293,349498.3813695924,589.7436697870374,593.9258449322855,347797.59605388227,349158.05403636495,354578.51007392124,5420.456037556287,4950.3132246470195,1360.4579824826797,95.22049264106047,81.04542243566277,30.429792405019775,35856.59478631123,0.0,0.025940243783116677,0.0437751092291977,0.0754164997713115,0.09609987549271398,0.10377688453612675
15,0.1,9,352890.6397109897,353640.7375147566,360019.3417939087,359331.1056800927,353828.37931516697,594.045991242252,599.4423289025332,352890.6397109897,353640.7375147566,360019.3417939087,6378.6042791520595,6440.465969102981,750.0978037668974,94.10026335024446,80.6329985531867,29.05141230768377,34561.57613940322,0.0,0.034041952771594594,0.05773081822404065,0.0699062148337625,0.08989674089191811,0.10463057984362556
16,0.1,9,370511.52725012426,359014.26960334386,365241.26039290964,377889.05713757384,356138.15649677295,608.6965806131362,614.7268150467928,370511.52725012426,359014.26960334386,365241.26039290964,6226.990789565782,7377.529887449578,11497.257646780403,93.49093920001124,80.7350106387435,28.345545812234956,34005.1533244485,0.0,0.023663909665286684,0.03961243753624997,0.06323082679348067,0.0729259745700289,0.08863094432624337
17,0.1,9,347103.7995787506,364081.3580010129,370398.45083978237,353736.61523156223,368328.4036701613,589.1551574744557,594.7576104864588,347103.7995787506,364081.3580010129,370398.45083978237,6317.092838769488,6632.815652811609,16977.558422262256,92.93508361895802,81.12558589580986,27.650924113193877,33694.74744685553,0.0,0.023401547414898007,0.033887455999084215,0.0681554747795847,0.0808985194280756,0.09128846289397698
18,0.1,9,419065.6450926552,369627.5835971567,375975.1858035732,425009.0924114659,357260.3338582171,647.3527980109882,651.9272140442258,419065.6450926552,369627.5835971567,375975.1858035732,6347.602206416486,5943.447318810679,49438.06149549852,92.4670572727555,81.239319374935,27.069063040562163,33462.66587801104,0.0,0.02585368408260065,0.03721775695348863,0.06207277513394854,0.07322081053119688,0.08383546664427353
0,0.2,0,315490.42253039224,313890.7598645813,338541.50844932033,347192.9797136302,313490.59393801185,561.6853412101764,589.2308373749886,315490.42253039224,313890.7598645813,338541.50844932033,24650.74858473905,31702.55718323798,1599.6626658109599,318.5186393788937,217.4926892177663,105.08882873126852,93545.28642440056,0.0,0.31319457492547725,0.33468048831546493,0.4050561539686331,0.4095247095704544,0.42011309296376853
1,0.2,0,325194.7529549718,324193.7197536225,346041.4262829233,344301.2324633882,323943.30484608846,570.2584966091885,586.7718742947621,325194.7529549718,324193.7197536225,346041.4262829233,21847.706529300835,19106.479508416378,1001.0332013493171,302.40569976250805,216.115281570478,90.77471604079793,84742.80918335837,0.0,0.22751380145650385,0.2326804330408818,0.2354381442217937,0.23742076043571847,0.2513524998676161
2,0.2,0,309925.14504392334,337166.55935962807,347823.1794756133,316412.0085944882,343981.17473678885,556.7092104895727,562.505118727366,309925.14504392334,337166.55935962807,347823.1794756133,10656.62011598522,6486.863550564856,27241.414315704722,261.12739744838416,209.5152523076523,80.14630036771891,76419.19121297279,0.0,0.11829055205446508,0.13158652955365902,0.21912052480598876,0.2325991067569931,0.24310755249524557
3,0.2,0,338865.2313888797,343590.18229678605,344052.81053713604,339614.1368814469,344772.159221339,582.121320163486,582.7642206599911,338865.2313888797,343590.18229678605,344052.81053713604,462.6282403499936,748.9054925671662,4724.950907906343,207.3811489058065,190.41345338443958,79.45772673552199,73994.05272782918,0.0,0.09259921736233585,0.098098014343968,0.16406028048467752,0.16705917857086253,0.17638347495039058
4,0.2,0,349818.7813608192,339125.8423987177,339150.4359167975,348614.6112672634,336450.93479540106,591.4548007758659,590.4359501819511,349818.7813608192,339125.8423987177,339150.4359167975,24.59351807978237,1204.17009355576,10692.93896210147,196.2066157674316,173.89443101865157,70.95189197948773,70603.55108159943,0.0,0.07097838299997988,0.08433117252467479,0.128437952442467,0.13647701854870742,0.14900523439993069
5,0.2,0,339213.5445261134,334525.39131104713,342175.3024033372,342677.79126489913,333352.61956653977,582.4204190497732,585.3868731573157,339213.5445261134,334525.39131104713,342175.3024033372,7649.911092290073,3464.2467387857614,4688.153215066239,192.25843178892768,164.80095752360282,58.53070307890617,64740.089442755925,0.0,0.05913959414269269,0.07659509028047279,0.11613564902149946,0.12381936754844307,0.1411007163035353
6,0.2,0,344088.8297743763,338590.9138712084,349966.06370967376,354293.14937761874,337215.5747709009,586.5908538107087,595.2252929585727,344088.8297743763,338590.9138712084,349966.06370967376,11375.149838465382,10204.319603242446,5497.9159031679155,189.59870743667105,161.69699248083276,51.91764557928923,59559.50199723116,0.0,0.0620645097937097,0.08904613890134999,0.19285125600202985,0.19618245832511552,0.2135308629807491
7,0.2,0,338287.0194838299,346458.0854612139,359086.5308370216,352593.10867790674,348502.13028252765,581.624466029267,593.7955108266707,338287.0194838299,346458.0854612139,359086.5308370216,12628.4453758077,14306.089194076834,8171.065977383987,187.8494902418299,158.9092905107004,49.94319256233586,57364.798790084424,0.0,0.04879035099503443,0.06426426935646691,0.14164878468663458,0.1518781651594082,0.1617109369814554
8,0.2,0,355054.60133479437,355079.7659267594,369450.3863214478,371079.715320656,355086.0610116392,595.8645830512118,609.1631270198944,355054.60133479437,355079.7659267594,369450.3863214478,14370.62039468839,16025.113985861652,25.16459196503274,184.57285618710193,158.81678837529685,46.07743142677555,55156.64668265024,0.0,0.04397055630367408,0.05575027210506734,0.10830639323375663,0.11773575294760108,0.12732672875031872
9,0.2,0,383335.23716816754,366152.03156629595,382671.6359436526,403212.7723779492,361853.54192965763,619.1407248503102,634.9903718781484,383335.23716816754,366152.03156629595,382671.6359436526,16519.60437735665,19877.535209781665,17183.205601871596,182.35610750233852,159.2101339698638,44.011084592683765,54243.016183242726,0.0,0.03978537713546001,0.0475616755283196,0.12504914399114142,0.14029826445992116,0.14786864737711516
10,0.2,0,428949.0785745972,379667.04924500204,397023.78241183725,450559.30037917773,367338.83195807744,654.942042149225,671.2371416862879,428949.0785745972,379667.04924500204,397023.78241183725,17356.733166835213,21610.221804580535,49282.029329595156,179.80188730202113,159.0121650901894,43.810996160271024,55256.61559060084,0.0,0.04227771926596684,0.062111813985856655,0.1000738209542965,0.11025535749348243,0.12370893536395776
11,0.2,0,365423.27019570715,393617.8020726038,411309.4880088118,383004.62103770056,400670.8459510703,604.502498088889,618.8736713075622,365423.27019570715,393617.8020726038,411309.4880088118,17691.685936208,17581.350841993408,28194.531876896624,178.07820567765992,158.34420938217426,42.958804310889995,55342.269102531354,0.0,0.03434609162830227,0.046948340464716805,0.09449547925999896,0.10025336680959561,0.11362083488608832
12,0.2,0,428558.84675235866,408668.7031173226,426829.1585003278,452537.0083831484,403693.0554839648,654.6440611144034,672.7087099058168,428558.84675235866,408668.7031173226,426829.1585003278,18160.455383005203,23978.16163078975,19890.143635036075,175.94453667473016,158.51499643474855,42.857139400398005,56254.737786409794,0.0,0.030080835949181466,0.05106659631906819,0.11579918382014197,0.11850797793865277,0.1349530862907784
13,0.2,0,433755.73431620677,423580.24958604854,441681.22454861656,448421.08100870484,421034.7864941332,658.6013470349167,669.6425023911676,433755.73431620677,423580.24958604854,441681.22454861656,18100.974962568027,14665.346692498075,10175.484730158234,175.13731375179006,159.7607181429597,41.45251477758935,55553.45973301188,0.0,0.03193526437298072,0.05127327969404529,0.14094185021582928,0.1427668226091574,0.16425619710370448
14,0.2,0,468294.3955397679,440555.4134291921,460844.5123798773,492540.877539876,433616.32826104277,684.3203895397008,701.8125658178799,468294.3955397679,440555.4134291921,460844.5123798773,20289.098950685235,24246.48200010805,27738.98211057583,174.62510600638922,158.8175010956935,41.73308123276517,57998.83118891572,0.0,0.025352593077923816,0.06467233986837231,0.11189373524519966,0.13180530513800268,0.1410127547649178
15,0.2,0,413049.38202019467,457412.92618988623,478530.46514211106,429950.89095463644,468510.7527116849,642.6891799464145,655.7064060649678,413049.38202019467,457412.92618988623,478530.46514211106,21117.53895222483,16901.50893444178,44363.544169691566,173.52245552832917,159.16687169693424,41.93915335082577,58472.88392724744,0.0,0.024695860227366397,0.06462403857506605,0.09277059903033358,0.11374308579591538,0.12914140403853713
16,0.2,0,449891.1935277245,477396.6792157829,500491.74369867163,472779.40874346095,484277.3537488251,670.7392887909016,687.5895641612524,449891.1935277245,477396.6792157829,500491.74369867163,23095.06448288873,22888.215215736476,27505.485688058427,172.72414692405988,159.182523897225,42.27222970739205,61235.94137517934,0.0,0.03577283526633942,0.06073908638779975,0.10335422726569357,0.1267033610184183,0.14041667042788814
17,0.2,0,562318.939765004,498063.7748443618,522908.96369461925,592598.0839525172,481989.9311791386,749.8792834616809,769.8039256541351,562318.939765004,498063.7748443618,522908.96369461925,24845.18885025743,30279.144187513273,64255.16492064216,171.8658887277976,158.47520449942155,40.81297257020665,61868.26836096908,0.0,0.022249839112211844,0.029901996155151756,0.08504417793053586,0.09506312672187965,0.10354582148517007
18,0.2,0,561257.1325859252,520061.10471583885,544442.2156796869,586542.5055135792,509755.6528127932,749.1709635229632,765.8606306068874,561257.1325859252,520061.10471583885,544442.2156796869,24381.110963848012,25285.37292765407,41196.02787008631,171.30689957707241,159.16151812660414,41.753760866924914,64140.58251092398,0.0,0.029258794057556686,0.05883332730026269,0.07359729658771297,0.10161928828172724,0.11394272129484671
0,0.2,1,296216.5899807804,313817.86304489267,335469.96134659834,314146.21443447657,318220.9349518882,544.2578341014306,560.4874792843071,296216.5899807804,313817.86304489267,335469.96134659834,21652.09830170567,17929.62445369619,17601.27306411229,318.9153674106718,218.60204101886757,104.02395370150276,92837.32788990415,0.0,0.3177170742563389,0.33845164784670795,0.4106417405870211,0.4141216570285773,0.42493827494773506
1,0.2,1,333478.1943732433,323153.7376497482,345125.03873842914,355343.02466246067,320571.0082534921,577.4757089031913,596.1065547890416,333478.1943732433,323153.7376497482,345125.03873842914,21971.30108868092,21864.830289217352,10324.456723495096,302.18234847522916,215.67780390529828,91.27210219365256,84141.75471685112,0.0,0.2245129649080775,0.2359565066994511,0.23346874586450075,0.23884197628430226,0.2514477171019747
2,0.2,1,337185.6251877588,335719.0426942169,348266.36527886475,348761.0645232298,335352.16763051634,580.6768681355912,590.5599584489536,337185.6251877588,335719.0426942169,348266.36527886475,12547.32258464786,11575.439335470961,1466.5824935419369,260.5401669937173,207.995133624343,81.21405807484916,77523.38443983019,0.0,0.11975543432609617,0.1349407939138103,0.22304481950825952,0.23196181031693308,0.24222709757852232
3,0.2,1,324540.1488126042,342256.6752772026,340610.6315324967,320659.82718030363,346688.5785652022,569.6842536112475,566.2683349617067,324540.1488126042,342256.6752772026,340610.6315324967,1646.0437447059085,3880.3216323005618,17716.526464598428,206.2190577742189,188.84980255235905,79.27662923318113,74272.91012311669,0.0,0.08915841588272098,0.10323877576638925,0.17192119757435462,0.18218621164394963,0.19342860230081035
4,0.2,1,340362.96473681496,336934.984364654,337197.4483542298,341758.5769794644,336077.4529793152,583.4063461574744,584.6012119209679,340362.96473681496,336934.984364654,337197.4483542298,262.46398957580095,1395.6122426494258,3427.980372160964,195.41982184869295,173.5438431873573,70.17318462549929,69725.72540984832,0.0,0.0723145183689115,0.08784193145498495,0.13154956950043184,0.14497612545713245,0.16317145890178208
5,0.2,1,321430.1927160074,332050.7166549007,339510.2561186709,333088.96122568275,334707.50917340675,566.9481393531576,577.138597934398,321430.1927160074,332050.7166549007,339510.2561186709,7459.539463770227,11658.768509675341,10620.523938893282,192.1089415099755,164.19026997567096,58.525053828282246,63208.55790232665,0.0,0.06936803567000234,0.07226618803970364,0.12559683091378432,0.12507864832987453,0.1362449400351135
6,0.2,1,331191.6051720558,334225.43049106916,344352.7692340493,341313.5463897571,334984.36144931416,575.4924892403512,584.220460434036,331191.6051720558,334225.43049106916,344352.7692340493,10127.338742980151,10121.9412177013,3033.8253190133837,190.08329697103846,161.4432064339493,52.02122843616307,59249.74268076489,0.0,0.059096841175655966,0.06540304214975332,0.18792497322501814,0.18855786247874418,0.19435647460843566
7,0.2,1,350805.73180419405,340043.84700276016,350983.7671627334,360447.6919113333,337351.69215334015,592.2885545105477,600.3729606763893,350805.73180419405,340043.84700276016,350983.7671627334,10939.920159973262,9641.960107139254,10761.884801433887,187.40021473933976,159.77390287682582,49.518487324627614,56881.61204109589,0.0,0.045720715218477107,0.06877166948837893,0.13778256169782083,0.14696783064226016,0.15869872165475185
8,0.2,1,355701.8017781401,348111.299382339,363262.8481042396,370971.0059596414,346212.4862830139,596.4074125781303,609.0738920358033,355701.8017781401,348111.299382339,363262.8481042396,15151.548721900617,15269.204181501293,7590.50239580113,184.449019236952,158.92367363786335,45.91054342290422,55010.741763200676,0.0,0.04049616479409478,0.05185881674561144,0.1067387513204613,0.12698622092887382,0.1429155389696065
9,0.2,1,351250.7233646243,360387.8843393773,376480.219638504,369233.26684632275,362673.60405130306,592.6640898220714,607.6456754115203,351250.7233646243,360387.8843393773,376480.219638504,16092.335299126687,17982.543481698434,9137.160974752973,181.88846884486668,158.38994987469468,44.679719766007054,55346.29528228557,0.0,0.045282740354745374,0.05350856609659544,0.1323606047802016,0.14121301713460513,0.1503016522841701
10,0.2,1,379555.9170193316,372654.2696852336,389323.83027829207,400713.6216016525,370927.7781196482,616.081096138594,633.0194480437805,379555.9170193316,372654.2696852336,389323.83027829207,16669.56059305847,21157.704582320934,6901.647334098001,179.69124787490406,158.07941770990618,43.12301794332554,53889.976545165635,0.0,0.034207653615246005,0.04446837720147264,0.10446808734676075,0.10660414863045208,0.12480483889934721
11,0.2,1,388082.50882928574,385472.06667696097,402986.5334023742,408652.5548399401,384819.0477468033,622.9626865465425,639.2593799389573,388082.50882928574,385472.06667696097,402986.5334023742,17514.466725413222,20570.04601065436,2610.442152324773,177.53958909600664,157.85019830132777,41.45315587962237,53265.21457469307,0.0,0.029828652993598007,0.04356006560259841,0.0873186420621756,0.08897818712946703,0.11443121996732643
12,0.2,1,411382.2002268618,400216.0112107796,417358.6641261688,425500.6680843682,397422.71705609956,641.3908326651245,652.3041223879918,411382.2002268618,400216.0112107796,417358.6641261688,17142.65291538922,14118.467857506417,11166.189016082208,176.32380551101974,158.98211180424835,41.57755482435603,54308.5428631836,0.0,0.029232012312892,0.0531758793890938,0.11771423435612206,0.1251951582165655,0.1497120475397099
13,0.2,1,427946.1277120628,416041.02824356273,436401.8638498113,451157.46247499745,413062.89087652083,654.1759149587081,671.6825607941578,427946.1277120628,416041.02824356273,436401.8638498113,20360.835606248584,23211.334762934654,11905.099468500062,174.9663867854819,159.17274787869727,42.75145361236138,56750.3375970755,0.0,0.025632424958752262,0.04130789403085461,0.13274393195835238,0.13450098105532304,0.14238750042219764
14,0.2,1,431187.3047055394,432730.61351334496,452547.6688190867,447089.2419410678,433116.6821591024,656.6485397117239,668.6473225408652,431187.3047055394,432730.61351334496,452547.6688190867,19817.055305741727,15901.93723552837,1543.3088078055298,173.85649565269378,158.43811173357295,41.22690961235561,56406.487655463556,0.0,0.031253795812582266,0.038611401475600604,0.08864727268372695,0.10019993601203396,0.10743469243974173
15,0.2,1,455814.4256141123,451431.5853770285,472825.1722990471,474981.72342265176,450335.1896418757,675.1403006887623,689.1891782541654,455814.4256141123,451431.5853770285,472825.1722990471,21393.586922018614,19167.29780853947,4382.840237083787,173.20505784980512,158.65927461068833,41.344718812108766,57880.77625972838,0.0,0.020668943211321834,0.051151219801477514,0.09229575234242005,0.09777365514613744,0.11942379142502406
16,0.2,1,497508.3536752721,470267.2244254912,493993.1273922055,523302.6538086358,463452.6803594086,705.342720721829,723.3966089280733,497508.3536752721,470267.2244254912,493993.1273922055,23725.902966714348,25794.300133363693,27241.129249780905,172.45161072254288,158.2836906211002,41.062975593060145,59035.51263167876,0.0,0.03187796542046425,0.05323053598258263,0.10153818527238646,0.11487300271177343,0.12161849956754735
17,0.2,1,508656.24385478173,490996.7438692181,514419.0935255674,534192.0638028875,486579.1061225165,713.2014048323108,730.884439431356,508656.24385478173,490996.7438692181,514419.0935255674,23422.34965634928,25535.819948105724,17659.499985563627,172.45082038858993,159.4793028140886,40.99346749488774,60186.01695077374,0.0,0.017721217287346398,0.04688024397647133,0.07862667834194426,0.09915219562065664,0.11445823602186349
18,0.2,1,531001.5338169909,511880.2489754499,537360.3579118396,561429.574289578,507096.93632500805,728.6985205261439,749.2860430366884,531001.5338169909,511880.2489754499,537360.3579118396,25480.108936389734,30428.040472587105,19121.284841541026,171.90907681635653,159.17730033322414,41.458177089859795,63795.830136484845,0.0,0.013913064402326064,0.04118331124763398,0.07325481238857519,0.10450589495698345,0.1147681067407461
0,0.2,2,291083.520720738,313697.0141578238,335005.64745898836,309450.5846267324,319353.92529767053,539.5215665019684,556.2828279092681,291083.520720738,313697.0141578238,335005.64745898836,21308.633301164547,18367.063905994408,22613.493437085825,318.44751369087305,219.0280280011911,103.32506542360846,91680.65627573783,0.0,0.3230390887332283,0.34027368417995774,0.4149225081904531,0.41489720396619967,0.42740211669072864
1,0.2,2,323788.2736420762,323395.907027597,346659.0974683383,346307.3314084454,323297.7539899637,569.0239657888551,588.4788283434208,323788.2736420762,323395.907027597,346659.0974683383,23263.19044074131,22519.057766369195,392.3666144791641,302.3976284919726,215.512793254082,91.3889936525692,84887.7531396706,0.0,0.23372783580449097,0.24050549436284255,0.24204276046335,0.24516926012600607,0.26177986107384393
2,0.2,2,328272.9832333073,336228.27244366246,347742.9452258255,339681.7475249402,338218.33931590244,572.9511176647684,582.8222263477434,328272.9832333073,336228.27244366246,347742.9452258255,11514.67278216302,11408.764291632862,7955.289210355142,261.36050416282194,208.83105421027977,80.42321181079609,76902.40582241901,0.0,0.10849410492039577,0.12173829632622798,0.2159022279324518,0.2317256499306023,0.24123593275665964
3,0.2,2,365454.6787015285,342870.5446199075,341842.95503800217,368609.8155622966,337220.9779120678,604.5284763363331,607.1324530630005,365454.6787015285,342870.5446199075,341842.95503800217,1027.5895819053403,3155.136860768078,22584.134081621014,206.03773170465473,189.44942365898322,79.60963377227282,74653.68039461067,0.0,0.09419455842147567,0.10510732167242551,0.17414850719259828,0.1794346988196727,0.19241787801777563
4,0.2,2,329385.26670626615,336821.8381300418,337529.6281279494,326570.15323009336,338682.1444045438,573.9209585877363,571.463168743265,329385.26670626615,336821.8381300418,337529.6281279494,707.7899979076465,2815.113476172788,7436.571423775633,195.54965126813585,173.30709203005424,70.37901098120116,70051.33660498068,0.0,0.07405916922969015,0.08757382498152097,0.1332512868844244,0.13709020326434065,0.15161048764984864
5,0.2,2,309035.96787290514,332748.80903729424,338749.6384553715,311014.740485215,338680.7290970342,555.9100357727905,557.6869556348032,309035.96787290514,332748.80903729424,338749.6384553715,6000.82941807725,1978.77261230984,23712.8411643891,192.73035024635632,165.28248964640528,58.186875485312164,64104.22992501784,0.0,0.062358126180862214,0.06963280317462656,0.1287316872351017,0.13149149805176294,0.14869424876663107
6,0.2,2,329114.85557418497,335468.22424268967,345677.1531515326,339505.46972223953,337057.56036611565,573.6853280102124,582.6709789600299,329114.85557418497,335468.22424268967,345677.1531515326,10208.928908842907,10390.614148054563,6353.3686685047,190.80392760370108,161.81965311249564,52.05376075297093,59532.510745312225,0.0,0.05649096655347106,0.07437714085819432,0.19379401181477648,0.19515246016626575,0.20591228532449243
7,0.2,2,357724.9169731761,342426.9553386791,355918.1558979868,371707.12094483664,338600.07163192664,598.1010926032288,609.6778829388816,357724.9169731761,342426.9553386791,355918.1558979868,13491.200559307705,13982.203971660521,15297.961634497042,187.90452169712665,158.1852234987541,49.087444313546314,57242.55037697524,0.0,0.05161480120756217,0.07106389705810912,0.13548664875953811,0.14465922167467893,0.15540125583920794
8,0.2,2,334887.21160891454,351912.5989326345,365656.78336868575,348296.61906094744,356171.6093097666,578.694402607209,590.166602800385,334887.21160891454,351912.5989326345,365656.78336868575,13744.184436051233,13409.407452032901,17025.387323719973,184.24075207620922,158.4792603894696,46.36256776598556,55536.60333125011,0.0,0.04632511672950926,0.06711978606383609,0.09645514265482888,0.12150267364688239,0.13803807242626973
9,0.2,2,373843.94360140775,362927.8185567474,380285.39713612123,397313.9650648383,360197.07951631997,611.4277909953126,630.3284580794669,373843.94360140775,362927.8185567474,380285.39713612123,17357.578579373832,23470.021463430545,10916.125044660352,182.77480959202668,158.43192929789953,44.700077883954734,54917.66827196005,0.0,0.037255202668183836,0.0510722410145609,0.13290749539421925,0.14029378484033173,0.15219497998374734
10,0.2,2,350850.1092121492,375856.3156282379,392586.02502562443,364218.89942892006,382111.77934214997,592.3260159845668,603.5055090294703,350850.1092121492,375856.3156282379,392586.02502562443,16729.709397386527,13368.790216770838,25006.20641608868,180.00298409953984,159.10823218817913,42.89593206284292,54519.49153548407,0.0,0.0339911876357182,0.047330170678207203,0.09302131005118783,0.1067272397812742,0.1227271415038049
11,0.2,2,366395.3602576926,390545.4678953528,407476.68678722566,384826.28464431997,396586.7729818076,605.3060054697066,620.3436826826884,366395.3602576926,390545.4678953528,407476.68678722566,16931.21889187285,18430.92438662739,24150.10763766023,178.261094346457,159.6722262486029,42.78198777944211,54611.29448688593,0.0,0.03086581526238218,0.05570263421872987,0.08746889293266195,0.09701593916397054,0.11735761513870364
12,0.2,2,397454.7684226055,404672.54100360867,422008.0278490192,413727.901957334,406478.1133373109,630.4401386512486,643.216838987704,397454.7684226055,404672.54100360867,422008.0278490192,17335.486845410545,16273.133534728491,7217.772581003141,176.08827756241007,158.89677286305053,41.9581077095208,54940.62947628599,0.0,0.03319860737401915,0.04983255036876107,0.13164700994483974,0.13880669468508144,0.1553228989695212
13,0.2,2,384427.02089283016,420211.3167886082,439127.7534618372,399356.28194821754,429162.98905665404,620.0217906596753,631.9464233210103,384427.02089283016,420211.3167886082,439127.7534618372,18916.436673228978,14929.261055387382,35784.29589577805,175.28066514353176,158.51057188849046,42.01299752778454,57192.6703879769,0.0,0.03800411292629147,0.05269707807851384,0.13315644727625983,0.13872417435256867,0.14802606243331456
14,0.2,2,471115.1893156368,437405.7141027213,458503.87567974336,491597.3993459395,428973.07160186843,686.3783135528371,701.1400711312538,471115.1893156368,437405.7141027213,458503.87567974336,21098.161577022052,20482.210030302696,33709.47521291551,173.75663782952347,159.1947096094757,41.93847644920907,57209.51189439133,0.0,0.021581216933414128,0.05185543836303474,0.10120423170159915,0.12119740148728057,0.1362445393009184
15,0.2,2,424503.2589896532,455711.81403797946,477332.8297668569,443969.7520901048,463518.83523983695,651.5391461682508,666.3105522878238,424503.2589896532,455711.81403797946,477332.8297668569,21621.01572887745,19466.493100451597,31208.555048326263,173.2684643155992,158.76078582781548,40.90571093075019,58199.219247518755,0.0,0.02164708828976761,0.039892283504263236,0.08649772255132956,0.09425310822937585,0.10958997636242006
16,0.2,2,499214.327763594,475547.23139675404,498397.6670443429,526317.5211074449,469626.75469297165,706.5510086070177,725.4774435552389,499214.327763594,475547.23139675404,498397.6670443429,22850.435647588864,27103.1933438509,23667.09636683995,172.54133257236361,158.9965503928778,41.8054045744678,60483.72850802052,0.0,0.020666112454652896,0.04703687576414579,0.08615138868724377,0.10832273532999616,0.11592562026935316
17,0.2,2,452802.3491132271,494956.65756594547,518562.725333563,473000.1831457129,505501.82953338866,672.9058991517514,687.7500877104363,452802.3491132271,494956.65756594547,518562.725333563,23606.067767617526,20197.834032485785,42154.30845271837,171.49716474607902,158.2247587184035,41.440815958059765,61636.53521900867,0.0,0.027897045970354088,0.07451538878539929,0.07357169984568647,0.1004615104619406,0.10876303586955959
18,0.2,2,545245.3709016711,517100.3440343366,542796.7435139238,578409.1109567549,510059.68415309954,738.4073204550934,760.5321235534728,545245.3709016711,517100.3440343366,542796.7435139238,25696.399479587213,33163.74005508376,28145.026867334498,170.86749070774627,159.01596618064934,42.28862606226636,65103.647262327795,0.0,0.021196978724670613,0.045702728203829986,0.06772327391425853,0.0888874689201772,0.10103167102344687
0,0.2,3,331140.863545921,313826.3212131977,336648.1234234643,355245.6013839652,309494.97684679844,575.4484021577616,596.0248328584684,331140.863545921,313826.3212131977,336648.1234234643,22821.802210266585,24104.73783804418,17314.54233272327,317.3778741579354,217.6109385228172,103.62973007297595,92334.42937678804,0.0,0.3156093701346967,0.3397257212306195,0.40676475542766777,0.4099917320580358,0.42345395642868533
1,0.2,3,342298.86467482575,323666.4735578939,346228.0541765911,369084.2108189548,319005.4608238554,585.0631287945138,607.5230125838484,342298.86467482575,323666.4735578939,346228.0541765911,22561.58061869722,26785.346144129056,18632.39111693186,301.9839930702205,215.47415641652415,91.08164868997795,83867.306830493,0.0,0.23224263406531295,0.24008380486381173,0.24229036913425384,0.24481661389644627,0.2652937252773288
2,0.2,3,323918.6375636942,335069.2742797738,346871.95942409214,334290.18936253095,337858.67792636505,569.1385047277106,578.1783369882781,323918.6375636942,335069.2742797738,346871.95942409214,11802.685144318326,10371.551798836736,11150.636716079607,261.8688172249732,209.63266085203628,80.12407572959475,75698.85080187651,0.0,0.11676338804051799,0.12656103010800035,0.21973334210892964,0.22893266390207812,0.24208505032136615
3,0.2,3,331552.84154224617,342162.4004454469,340500.62509190995,324557.27605377336,344816.4499895986,575.8062534761551,569.699285635653,331552.84154224617,342162.4004454469,340500.62509190995,1661.775353536941,6995.565488472814,10609.558903200726,206.37018705789836,190.36761736843408,78.96542315022424,73562.91329478216,0.0,0.08923523292976783,0.10326593858526475,0.1651269862594793,0.1690094634479936,0.17890325547698527
4,0.2,3,355816.2847947424,336975.3801779401,338347.3537566312,359740.91220560664,332262.2064479235,596.5033820480337,599.7840546443417,355816.2847947424,336975.3801779401,338347.3537566312,1371.973578691075,3924.6274108642247,18840.90461680229,196.57744563065253,174.45616305512934,70.52151414485967,69902.80746411781,0.0,0.07426278848795537,0.08648506330466266,0.12760880036399141,0.14517144386278097,0.15527416035638109
5,0.2,3,354345.75790120795,333468.0121952591,341294.2250457181,361109.7620690561,328245.3095382171,595.2694834284788,600.9240901054443,354345.75790120795,333468.0121952591,341294.2250457181,7826.212850458978,6764.00416784815,20877.74570594885,193.35908732764247,165.12441186173416,58.07885156834254,63363.576185901526,0.0,0.06758672116574813,0.08362727291070345,0.12902229584714028,0.13097033640853703,0.15117414702859483
6,0.2,3,342993.33966948435,336688.8884133092,345985.615694681,350239.04442910524,335111.7892958774,585.6563323908351,591.8099732423451,342993.33966948435,336688.8884133092,345985.615694681,9296.72728137183,7245.704759620887,6304.451256175176,190.39638228013092,161.91928740833023,51.997648657902545,59507.85745595288,0.0,0.05619607579188671,0.06810306891029053,0.17839163650106768,0.18422850400062535,0.19427474508119727
7,0.2,3,354436.05229309143,343288.5536453575,354916.1075123628,366630.96974125714,340499.93500678946,595.3453218872988,605.5005943360065,354436.05229309143,343288.5536453575,354916.1075123628,11627.553867005336,12194.91744816571,11147.49864773394,187.46304955942196,159.34297423770172,49.2340879188118,57169.889160789,0.0,0.046313247762246136,0.06891320611837927,0.1452244545946997,0.14992016452710044,0.16238195315787537
8,0.2,3,343329.59670686437,351898.56643026933,365397.5327923993,356083.8117806673,354042.14943836135,585.9433391607625,596.7275859055515,343329.59670686437,351898.56643026933,365397.5327923993,13498.966362129955,12754.215073802916,8568.969723404967,185.12207149400186,158.92883149758123,46.36001007612051,54866.43103719995,0.0,0.039000977909338555,0.06234587135729175,0.09672390195205056,0.11121380229765493,0.12501916217880205
9,0.2,3,355097.1121530834,362987.4459944277,380322.8435644479,376034.5808137669,364961.26386243606,595.9002535266145,613.2165855664432,355097.1121530834,362987.4459944277,380322.8435644479,17335.39757002017,20937.468660683546,7890.333841344342,182.4356727165997,158.06072492428325,45.14080909159908,55706.76498441556,0.0,0.0388738017310427,0.06089303816821577,0.12869349714085815,0.14227763225717016,0.15693511890126263
10,0.2,3,347500.36080891284,376700.8112429046,393578.6751384883,364748.90793946566,384005.49213213363,589.491612161626,603.9444576610217,347500.36080891284,376700.8112429046,393578.6751384883,16877.863895583723,17248.54713055282,29200.450433991733,180.0926689225018,158.6975792471078,43.46042675214951,54584.75113988635,0.0,0.03358950668388641,0.05641600790862914,0.1068066473956663,0.11293317090210056,0.1312502852184584
11,0.2,3,412907.6374692137,391054.19233265874,406612.66097947216,429883.2930724898,385587.41217412445,642.5788959102327,655.6548581933102,412907.6374692137,391054.19233265874,406612.66097947216,15558.468646813417,16975.6556032761,21853.445136554947,176.9030502747742,158.10318729677567,42.10380333342649,53699.6098325748,0.0,0.03633275641631059,0.04425711376291923,0.0967423388191697,0.10561429406529198,0.12248941621039766
12,0.2,3,397352.2368362595,403865.56859149976,420232.0478221739,409142.21197367343,405494.9205121239,630.3588159423642,639.6422531178451,397352.2368362595,403865.56859149976,420232.0478221739,16366.479230674158,11789.975137413945,6513.331755240273,176.10011438665146,158.9044384599915,41.504487432284165,53991.27040825537,0.0,0.02618766547260863,0.05798571594281849,0.12014889966052297,0.12317173451263452,0.13929827903908415
13,0.2,3,384884.3153111589,418886.13528971304,437733.21643333504,398727.84939911414,427391.9097180153,620.390453916853,631.4490077584367,384884.3153111589,418886.13528971304,437733.21643333504,18847.081143621996,13843.534087955253,34001.81997855415,175.21238156870032,158.75637757756263,41.07898493450376,55866.6804077665,0.0,0.02528418578861129,0.05162014848257068,0.13504387587425307,0.14371230450143146,0.16240279003835606
14,0.2,3,422847.1881393754,436316.5893591918,455157.47716836823,437606.3339774789,439686.04689212155,650.267012956505,661.5182038141346,422847.1881393754,436316.5893591918,455157.47716836823,18840.887809176405,14759.14583810349,13469.401219816413,173.8039063863498,158.8614982582638,40.94321512239049,56085.74357580143,0.0,0.022637506980180872,0.0444007987579967,0.08518540245768065,0.09507813294808604,0.11464879238682965
15,0.2,3,418601.99139484245,453391.58956271573,473003.8099439149,432809.45317631087,462094.43178274547,646.9945837445955,657.8825527222248,418601.99139484245,453391.58956271573,473003.8099439149,19612.22038119915,14207.461781468417,34789.59816787328,173.33037653430716,159.14671753479576,41.54434943733205,58859.86031617102,0.0,0.02216874253575277,0.04648685906483964,0.0828805097227525,0.10317026498928981,0.11324207736121834
16,0.2,3,507011.0284171759,471500.7943579335,495529.9101749268,535310.8658701634,462617.68042477826,712.0470689618601,731.649414590187,507011.0284171759,471500.7943579335,495529.9101749268,24029.11581699329,28299.8374529875,35510.234059242415,172.35860565404815,158.59272664007858,40.575281694941,58829.296066435985,0.0,0.019719645530043697,0.040916214381667454,0.09891502004235092,0.10901533258305798,0.11951978200490208
17,0.2,3,492595.36845251365,492347.12342010025,516300.1733912866,517306.1529220452,492285.02332516457,701.8513863009132,719.2399828444226,492595.36845251365,492347.12342010025,516300.1733912866,23953.049971186323,24710.784469531558,248.24503241339698,172.36847541334944,159.17246998891667,41.023967843798175,60953.78713532264,0.0,0.028340638389272584,0.05582884377016035,0.08119496470486964,0.10394594786708453,0.11916410736899093
18,0.2,3,522017.5109321372,514344.46731385856,539672.2332285879,548325.3344633617,512425.00599570654,722.5077929905927,740.4899286711209,522017.5109321372,514344.46731385856,539672.2332285879,25327.76591472933,26307.82353122445,7673.043618278636,171.98047731715886,159.4538761145299,42.24249984666443,64724.373382187434,0.0,0.027835507029460728,0.05593511187009659,0.07793997624070566,0.09729645832739417,0.11309026179721186
0,0.2,4,322121.9780172656,313827.3205183835,336712.7074450677,351979.6200898459,311752.3584813508,567.5579071929715,593.2787035532675,322121.9780172656,313827.3205183835,336712.7074450677,22885.38692668418,29857.64207258029,8294.657498882094,317.68492855911046,216.8126958206356,104.66564301450248,93118.54372155982,0.0,0.3222565859177573,0.3416691094313875,0.4134876197392544,0.41482330899970576,0.4266185177006702
1,0.2,4,327297.2876288588,322702.6218300906,347109.78366635035,358867.9012771941,321553.23656534863,572.0990190769941,599.0558415349892,327297.2876288588,322702.6218300906,347109.78366635035,24407.161836259766,31570.613648335275,4594.6657987682265,302.5465912780799,214.31250577151974,92.56808658785437,86245.40484292372,0.0,0.22222022388565116,0.22889833027219006,0.22932856900104848,0.23131726548627132,0.24662021293706798
2,0.2,4,346172.4164173879,335491.65475352184,347259.92035563063,359844.86830607016,332819.79337984824,588.364186892258,599.8707096583981,346172.4164173879,335491.65475352184,347259.92035563063,11768.26560210879,13672.451888682263,10680.761663866055,260.6488675104787,208.25014085690387,80.27359327237832,76507.12552005658,0.0,0.1199269821940591,0.13095917559119497,0.22122625947286242,0.22664805429387597,0.23746165171293002
3,0.2,4,336762.4974884778,341663.7835404037,340300.41816329,328649.1861681169,342889.87183781125,580.3124136949664,573.2793264789137,336762.4974884778,341663.7835404037,340300.41816329,1363.3653771136887,8113.311320360866,4901.286051925912,207.28474956594704,190.34995893457412,78.4640726146116,73803.25618557456,0.0,0.0936706359248686,0.10539604061855215,0.16671044536476295,0.16826629557939468,0.18076027617767856
4,0.2,4,354239.14375433244,336697.89085659606,336424.79506499204,356713.61774528195,332309.8333810829,595.1799255303664,597.2550692503848,354239.14375433244,336697.89085659606,336424.79506499204,273.09579160402063,2474.473990949511,17541.252897736384,195.81532527143816,174.31062684633432,70.45290971181785,69847.49549985287,0.0,0.07387896973035138,0.09491614719913305,0.12952558694602717,0.14071515152803912,0.16467914263914604
5,0.2,4,315662.83019091777,331552.64133235364,337626.0316648705,318807.7551777285,335527.58000806643,561.83879377533,564.6306360601844,315662.83019091777,331552.64133235364,337626.0316648705,6073.390332516865,3144.9249868107145,15889.811141435872,192.4022098759624,165.28978867343844,57.87740087705757,62469.01577267046,0.0,0.06551580292567204,0.0809008307051949,0.12485313548179634,0.12760238585716802,0.14239861221776878
6,0.2,4,340758.13906294125,334309.7088792833,344749.9418539683,351631.8759576614,332696.5925051173,583.7449263701923,592.9855613399549,340758.13906294125,334309.7088792833,344749.9418539683,10440.23297468503,10873.736894720176,6448.430183657969,190.4340521253915,161.94415093802212,51.470975447776325,58792.81600177787,0.0,0.059571176467198374,0.08030696248841812,0.19456596007441465,0.19934015120493148,0.20847257042063996
7,0.2,4,313606.0999773047,340882.02280859894,353231.4756621805,323438.0466686046,347705.2707133611,560.0054463818228,568.7161389204676,313606.0999773047,340882.02280859894,353231.4756621805,12349.452853581577,9831.946691299905,27275.922831294243,187.56147130659542,159.5222699597791,48.10444681112163,56178.027813929206,0.0,0.054639856506124594,0.0799731885726241,0.12602336553906116,0.13643353483905754,0.15181652273323848
8,0.2,4,331871.40493380144,350038.9704037459,364026.442020981,345427.7670026668,354583.70400613034,576.0828108300068,587.7310328735983,331871.40493380144,350038.9704037459,364026.442020981,13987.471617235104,13556.362068865332,18167.565469944442,184.87715497103883,158.9694076117173,46.03501406893557,55273.581457508866,0.0,0.04213624789453269,0.06664896278911248,0.10851864888088272,0.11331523012524423,0.13087507109950203
9,0.2,4,367462.7072504372,361363.97894425475,376672.0774912416,382557.8385058669,359838.3427487626,606.1870233273203,618.5126017357018,367462.7072504372,361363.97894425475,376672.0774912416,15308.098546986876,15095.131255429704,6098.728306182427,182.51253266724768,158.6112877239622,44.926150807002756,54529.21800780693,0.0,0.04409875714532183,0.0644763399796286,0.12346530759824838,0.1339943163364236,0.14889942345492027
10,0.2,4,341579.6842344162,373149.8504745342,389833.8020465352,354272.3368449445,381047.331046804,584.4481878100198,595.2078097983464,341579.6842344162,373149.8504745342,389833.8020465352,16683.95157200098,12692.652610528283,31570.16624011798,180.85486618850604,158.9064235348135,43.493929259802634,54586.214858689316,0.0,0.04320905870157953,0.04930335361500893,0.09511582285667783,0.10147359020509573,0.1171519394535582
11,0.2,4,411920.93245028093,387280.17568727495,404287.5902719308,429510.36799211975,381116.13155960815,641.8106671365637,655.3704051848235,411920.93245028093,387280.17568727495,404287.5902719308,17007.41458465584,17589.435541838815,24640.75676300598,178.42067643024245,158.78282184496646,42.533127702895385,54659.06702168244,0.0,0.03418455616897371,0.05325509513921132,0.10100254961882313,0.10339392357369533,0.118542644542595
12,0.2,4,407133.21397754893,401164.7267541283,418385.7850296764,421588.3614612358,399671.6712049653,638.0699130797102,649.2983608952327,407133.21397754893,401164.7267541283,418385.7850296764,17221.0582755481,14455.147483686858,5968.487223420641,176.37926923404746,158.80145552259808,42.218664681250225,55282.2174866441,0.0,0.03430999670617075,0.06289559766598102,0.13904788835576307,0.13692035152738544,0.15886101030051206
13,0.2,4,405810.18265408627,416473.23156307003,433657.7052246721,418622.7077597871,419140.66197694134,637.0323246540055,647.0105932361441,405810.18265408627,416473.23156307003,433657.7052246721,17184.473661602067,12812.525105700828,10663.048908983765,174.73566823848859,158.60412512091264,41.68239371978092,55365.775673881886,0.0,0.01993629496337803,0.04669692712621802,0.12489609674278083,0.1316097503622924,0.1392669441458784
14,0.2,4,439754.0695616814,432422.50382703025,453144.8239537264,464709.30101429956,430588.4654024827,663.1395551176852,681.6959006876157,439754.0695616814,432422.50382703025,453144.8239537264,20722.32012669614,24955.231452618144,7331.5657346511725,174.0365653886756,157.99275925620083,41.546427475102035,57173.10979527672,0.0,0.028366984690685517,0.0664435112567222,0.10591562617460247,0.1181624923481462,0.13831316942077926
15,0.2,4,406176.7171325575,450165.9756323539,471861.62167254713,423427.13370053034,461170.1721813486,637.3199487953892,650.7127889480353,406176.7171325575,450165.9756323539,471861.62167254713,21695.646040193213,17250.41656797286,43989.258499796444,173.45789938826547,158.410732390129,41.3743275013895,58079.91672626951,0.0,0.04205439624907229,0.07062307619748154,0.09394710942734645,0.11288357552818228,0.12635762101944784
16,0.2,4,475541.17749689874,469917.58642287547,493435.5521026119,502598.6154241764,468510.808868532,689.5949372616498,708.9418984826447,475541.17749689874,469917.58642287547,493435.5521026119,23517.96567973646,27057.437927277642,5623.591074023279,172.75148788384482,159.47230318674758,41.5465841788389,60385.930967692635,0.0,0.019314288460844622,0.05242832597491825,0.09947819666271018,0.1086083665724441,0.12087914277971172
17,0.2,4,489794.10563288693,490051.7452820057,512798.54324912,509653.5316527427,490116.1955008639,699.8529171425142,713.9002252785348,489794.10563288693,490051.7452820057,512798.54324912,22746.79796711431,19859.426019855775,257.63964911876246,171.4574217775925,159.4128986369871,41.70173385910108,62051.35234293805,0.0,0.022356788903807084,0.053162026007687574,0.07482104206748695,0.1039374944566729,0.11311568432521166
18,0.2,4,525779.6627785357,510767.6198053632,534171.4649501693,547276.0888394363,507012.2604946463,725.1066561400024,739.7811087338175,525779.6627785357,510767.6198053632,534171.4649501693,23403.84514480614,21496.426060900558,15012.04297317256,171.40997310802024,159.44042636632798,41.2603993873254,62802.92416817607,0.0,0.02151909615267062,0.07313598380179524,0.06654566194831597,0.09916163435210608,0.1207967819705595
0,0.2,5,315293.5416472969,313831.4973999408,336927.2195675199,343858.49975245324,313465.7576077752,561.5100548051628,586.3944915775157,315293.5416472969,313831.4973999408,336927.2195675199,23095.722167579108,28564.958105156315,1462.044247356127,317.9064325849758,217.53743657397146,104.33184673265751,92879.49868145655,0.0,0.31555788227799436,0.3365606651082049,0.40729445856187535,0.41039806279923896,0.4222172375746852
1,0.2,5,297713.22660757997,322929.79382250627,343920.1081481406,311541.04194866633,329237.8806461401,545.6310352312998,558.1586171946701,297713.22660757997,322929.79382250627,343920.1081481406,20990.314325634332,13827.81534108636,25216.567214926297,302.3452893959124,215.7802408713523,91.12204968977183,84489.38566116257,0.0,0.22539547810580207,0.23454123268733093,0.23437229493260375,0.23628906759268345,0.2492656274162718
2,0.2,5,343951.9328649392,335190.93172423687,347167.3618749624,357126.91570022353,332999.31081935833,586.4741536205489,597.6009669505427,343951.9328649392,335190.93172423687,347167.3618749624,11976.43015072553,13174.982835284318,8761.001140702341,261.3374222623295,208.48951965114102,80.35772722873519,76427.24378687651,0.0,0.11754564772001566,0.12315082211960737,0.22114190652849638,0.22629470345798672,0.231825992252712
3,0.2,5,294248.5666739976,341826.9707702485,339646.61086619634,283228.7913263518,353729.0152242387,542.4468330389602,532.1924382461215,294248.5666739976,341826.9707702485,339646.61086619634,2180.359904052166,11019.775347645802,47578.40409625089,205.76834134981337,190.65345690648434,78.62170647434533,73254.59636736999,0.0,0.0873422840857642,0.10113446386875803,0.17496266410934738,0.17651997589673413,0.18862015364561927
4,0.2,5,328738.69376679085,336819.54151689407,337608.73641062505,329981.4301309479,338841.01766714675,573.3573874703202,574.4401014300341,328738.69376679085,336819.54151689407,337608.73641062505,789.194893730979,1242.7363641570555,8080.847750103218,195.83647279910366,174.14956685372977,70.4593966666833,69263.39200223662,0.0,0.07428491739968451,0.09090980107456766,0.13095802994076872,0.1385240755659788,0.15431174546692267
5,0.2,5,322741.68753687374,332976.04318960215,339039.5675248502,326540.70914402814,335536.23322225426,568.1035887378936,571.4374061470146,322741.68753687374,332976.04318960215,339039.5675248502,6063.524335248047,3799.021607154398,10234.355652728409,192.29811838190528,165.062194519833,57.852778792198436,63612.32896576837,0.0,0.0735619756864573,0.08333860480465756,0.12731842964032014,0.13121338843683183,0.14577421605901542
6,0.2,5,325446.823874368,335366.5156458538,345132.4595385186,332474.402015158,337847.99048042914,570.479468407381,576.6059330384643,325446.823874368,335366.5156458538,345132.4595385186,9765.9438926648,7027.578140789992,9919.691771485843,190.27823603079747,161.97869998363933,51.82991885817495,59416.428261534296,0.0,0.051473950604072956,0.07526461477956087,0.180366855451071,0.18611351034219142,0.198702263920655
7,0.2,5,354923.8342878793,342241.91858833155,354452.7171951835,367506.2408033021,339069.4556340798,595.7548441161678,606.2229299550637,354923.8342878793,342241.91858833155,354452.7171951835,12210.798606851953,12582.406515422801,12681.915699547739,186.89073420615424,159.67794564392273,49.4088343521785,56646.47672780938,0.0,0.05711390056701405,0.07373329284872211,0.1314587577849678,0.13341565572522282,0.14191002401682185
8,0.2,5,353878.98280447704,351016.30674458324,364256.06488086074,367303.99924114835,350300.1898766592,594.8772838195093,606.056102387517,353878.98280447704,351016.30674458324,364256.06488086074,13239.758136277494,13425.016436671314,2862.676059893798,183.8840759501311,159.12315081818136,45.571534096088456,54685.67028169469,0.0,0.04103508888200111,0.06629582978296823,0.1066496888746467,0.11504156032751309,0.13242155082503818
9,0.2,5,330575.8212620611,361619.34470511915,377921.7902683826,342632.36621390795,369385.0821871983,574.9572342897001,585.3480727002592,330575.8212620611,361619.34470511915,377921.7902683826,16302.445563263434,12056.544951846881,31043.523443058075,182.0010563403349,158.06617338760742,44.16969938971314,54775.84214301286,0.0,0.042022830265100286,0.06014209056268209,0.12658197492766396,0.14308543508813187,0.1612439572092552
10,0.2,5,374610.8655825996,375049.04473578895,392619.5025452934,393224.80180228135,375158.6580752679,612.0546263060182,627.0763923177792,374610.8655825996,375049.04473578895,392619.5025452934,17570.45780950447,18613.936219681753,438.1791531893541,179.40818982366196,157.5861317740866,42.637096972162155,53982.00546247185,0.0,0.03284925173704873,0.0609083489681367,0.09080417960103151,0.10523512320659138,0.12468368234737598
11,0.2,5,403057.99528432795,389887.1429776199,409016.89271548786,424141.7119745409,386592.36937961826,634.8684866051614,651.2616309706422,403057.99528432795,389887.1429776199,409016.89271548786,19129.74973786797,21083.716690212954,13170.852306708053,178.15166158759794,158.2129963400879,42.40868404871687,54693.786694099974,0.0,0.031018850438075337,0.043442931936482534,0.09346195338827287,0.10021376183141306,0.1179279444884785
12,0.2,5,398576.90688589343,405335.04895639373,423305.32240841707,415885.59654133604,407025.6417553189,631.3294756986193,644.8919262491476,398576.90688589343,405335.04895639373,423305.32240841707,17970.273452023335,17308.689655442606,6758.1420705002965,176.35811417168293,158.82814881561785,41.5347114048109,55017.131297704196,0.0,0.02657043535666165,0.04382142660488834,0.12846855933012188,0.12351822134723953,0.14284128281845013
13,0.2,5,426266.290553125,421444.23895733716,440899.1416851883,447200.18157568295,420237.97166984266,652.8907186912103,668.7302756535574,426266.290553125,421444.23895733716,440899.1416851883,19454.90272785112,20933.891022557917,4822.051595787867,174.53363124253727,158.8572117479074,41.83290046458771,56194.161530660895,0.0,0.026799143218427177,0.05933790597463868,0.1322981297136433,0.1387402640627471,0.16017248263490896
14,0.2,5,417933.50610676646,438532.6669774895,458255.6535730283,432953.0470298527,443685.67984236527,646.4777692285841,657.9916770217179,417933.50610676646,438532.6669774895,458255.6535730283,19722.986595538794,15019.540923086228,20599.16087072302,173.97590622037913,159.13701047294936,41.63135528513293,57114.18612794853,0.0,0.020549407933487897,0.07176494246762127,0.09177954650609937,0.12136295717018623,0.13846850462873628
15,0.2,5,441560.1749892885,456626.6727215847,478231.1434063826,465132.8130853894,460395.6542412877,664.4999435585293,682.006461175691,441560.1749892885,456626.6727215847,478231.1434063826,21604.47068479791,23572.638096100884,15066.497732296179,172.78246216869206,158.8021015880957,41.35953161187674,58694.12997091862,0.0,0.019761766866526035,0.05050143371313377,0.08115223263593875,0.10245832120875492,0.12144759827421082
16,0.2,5,474510.1113066253,475794.56286829046,496925.385543327,493467.5280125624,476115.8767054467,688.846943309343,702.4724393259585,474510.1113066253,475794.56286829046,496925.385543327,21130.822675036557,18957.416705937125,1284.4515616651624,172.1377106808401,159.13923150147644,40.965673799414866,57513.2348566652,0.0,0.018158606741460023,0.05285749746328851,0.10381201153314608,0.12296760933394563,0.1432984646950875
17,0.2,5,489936.8280412203,494953.3674493641,517406.6461536368,506639.1700712002,496208.28711670166,699.954875717871,711.7859018491447,489936.8280412203,494953.3674493641,517406.6461536368,22453.2787042727,16702.34202997986,5016.539408143784,172.54862045136758,159.87160034245713,41.271253333686985,61210.28414055124,0.0,0.021694186751892063,0.06321213160774478,0.08258855426448573,0.11426522712286091,0.12942462812155486
18,0.2,5,503380.5356223915,516248.9320796491,541125.4682915317,526751.4052747453,519468.04439741425,709.4931540349008,725.7764154853376,503380.5356223915,516248.9320796491,541125.4682915317,24876.536211882543,23370.86965235381,12868.396457257622,171.73930079255328,159.33190466407197,42.642346128477286,65173.30576634782,0.0,0.019779266050283593,0.04920281227497206,0.07078593477380198,0.0942557396123357,0.10578170637061039
0,0.2,6,312953.69555488747,313801.8779907104,335421.72296288965,334113.6279425636,314014.0562940397,559.4226448356264,578.0256291398882,312953.69555488747,313801.8779907104,335421.72296288965,21619.84497217927,21159.93238767615,848.182435822906,318.1211623588634,218.5002477333221,103.65692525282205,92612.87807992597,0.0,0.3144436174476556,0.33515516947810925,0.40686120453755287,0.4091364563100747,0.4215542042504205
1,0.2,6,317559.7486098687,323407.5203746056,345342.3813546863,339570.8153487433,324870.3781737004,563.5243993030548,582.72705046938,317559.7486098687,323407.5203746056,345342.3813546863,21934.860980080673,22011.066738874593,5847.771764736914,302.89775092184146,217.03524648012655,90.48006971954699,84240.13125808194,0.0,0.21652137479364952,0.22570343249073052,0.22446254617756653,0.23182656944364435,0.2504640673301904
2,0.2,6,316201.0167438965,336260.1686490211,347992.8555050166,322079.6331572057,341278.09479049395,562.3175408467146,567.5206015266809,316201.0167438965,336260.1686490211,347992.8555050166,11732.686855995446,5878.616413309181,20059.1519051246,260.86572196576765,208.17604461515344,79.84575212160296,76464.54433906457,0.0,0.11896187440501918,0.13123552433924993,0.21685920356161723,0.22539040202005553,0.2331874544363566
3,0.2,6,370783.2873695608,343309.3198929793,342654.73050015897,371888.57840631984,336436.5298436906,608.9197708808287,609.826678988645,370783.2873695608,343309.3198929793,342654.73050015897,654.589392820315,1105.2910367590375,27473.967476581514,206.31025736890197,189.15279659202622,78.93059903122975,74224.65880413816,0.0,0.0848743442890879,0.09547344923539061,0.16616666238846786,0.17044759129877143,0.18033358494902008
4,0.2,6,336853.164610365,337321.50733777677,337058.8147351637,330540.4649643794,337438.66628976853,580.3905276711233,574.9264865740483,336853.164610365,337321.50733777677,337058.8147351637,262.6926026130677,6312.699645985616,468.3427274117712,195.7898456145704,174.20315402820964,71.15507524203119,70655.638169502,0.0,0.07573257159244648,0.08793367874181668,0.1351789198594758,0.14564516827781976,0.163180055837272
5,0.2,6,314113.9076650599,332855.6236702829,338733.64893816423,318424.26160679676,337543.98472978716,560.4586583014486,564.2909370234443,314113.9076650599,332855.6236702829,338733.64893816423,5878.025267881341,4310.353941736859,18741.71600522299,192.52290558250607,165.79903544133825,57.385025610804135,62376.22078873448,0.0,0.06803170340223097,0.0969342122080386,0.1180688848124041,0.13787420153373905,0.15899744456460863
6,0.2,6,380511.13894149184,335601.7817633836,346948.43594277796,394290.634689731,324367.41659946076,616.8558494020234,627.9256601618786,380511.13894149184,335601.7817633836,346948.43594277796,11346.654179394362,13779.495748239162,44909.35717810824,190.0823708574213,160.52647605169108,51.978377345415424,60052.15220805016,0.0,0.04796727993835867,0.07128233813516943,0.20181463256931428,0.20847929867824797,0.22216836114831628
7,0.2,6,358239.4569198689,342895.0996313586,355322.14885182993,366730.12796137424,339056.609752709,598.5310826681175,605.582469991804,358239.4569198689,342895.0996313586,355322.14885182993,12427.049220471352,8490.671041505353,15344.357288510306,187.18876480466935,159.27414575153958,47.84256810762057,56529.17970040724,0.0,0.05355865024634958,0.08501819705999639,0.13110429276761235,0.15805890085091998,0.17118564326575578
8,0.2,6,367436.53269312636,352663.7863696278,367008.7973547078,385336.9063078266,348968.28865822696,606.1654334363899,620.7551097718218,367436.53269312636,352663.7863696278,367008.7973547078,14345.010985079978,17900.37361470022,14772.746323498548,184.34040116531418,158.9567284024948,45.991518963193215,55107.22356820254,0.0,0.04896611290025145,0.06318520492060622,0.09951102754106586,0.11540920978304732,0.12432538499789318
9,0.2,6,354313.40208112844,363788.36505531624,378502.16614365083,365651.14627299074,366158.58811472263,595.2423053523064,604.6909510427544,354313.40208112844,363788.36505531624,378502.16614365083,14713.801088334585,11337.744191862294,9474.962974187802,182.46918214092364,158.7344084659557,43.87235890642404,54464.490051779736,0.0,0.03906605646826092,0.0694484249974936,0.1289727072551665,0.14106143257544296,0.15079748258970796
10,0.2,6,378814.27958537906,376652.03157843184,393401.7768417594,394148.7152661999,376111.13130260125,615.478902632234,627.8126434424524,378814.27958537906,376652.03157843184,393401.7768417594,16749.745263327553,15334.43568082084,2162.248006947222,180.12324893101794,158.31883895847892,42.788957474324256,54828.19656211722,0.0,0.03278876900749602,0.04589064427165868,0.09621950073640134,0.10701006096759436,0.12436744521393922
11,0.2,6,392236.50362626754,391260.17326525616,407990.8245582821,407351.4915103721,391015.93793245626,626.2878760013382,638.240935313908,392236.50362626754,391260.17326525616,407990.8245582821,16730.651293025934,15114.987884104543,976.3303610113799,177.88109172989883,158.494352722956,42.710393040919634,54914.089542458525,0.0,0.03104776110255038,0.056359681368755014,0.10003016395563238,0.10091460309067701,0.12513289641185232
12,0.2,6,402919.29376452544,404677.79976064496,421003.0258723759,413394.78308453434,405117.7013701248,634.759240787029,642.9578392745004,402919.29376452544,404677.79976064496,421003.0258723759,16325.22611173091,10475.489320008899,1758.505996119522,175.61975257499827,159.2573998146367,41.9261503418898,55241.611660810544,0.0,0.030124250454423376,0.04529044995478514,0.11832795592057707,0.12021843435353566,0.1416657102839577
13,0.2,6,424368.63924688986,419920.49171839043,440013.9658639956,447901.0513579505,418807.75894334813,651.435828955462,669.2541007404815,424368.63924688986,419920.49171839043,440013.9658639956,20093.47414560517,23532.412111060636,4448.147528499423,175.11957917856884,157.5629360671744,42.67203711793268,58290.710048771776,0.0,0.03094619973901713,0.060251454883388296,0.13709457964234867,0.14449460430971536,0.1597241049220961
14,0.2,6,440937.92678863026,436529.4163263825,456710.2623701955,466068.249854754,435426.599018946,664.0315706264502,682.6919143030434,440937.92678863026,436529.4163263825,456710.2623701955,20180.846043812984,25130.32306612376,4408.510462247767,173.41079181322715,158.5060744246805,41.885919142355505,57994.4082479412,0.0,0.03442470622699201,0.06155759130205014,0.09946018987428994,0.11652879884712974,0.1302526874241643
15,0.2,6,463618.61864085036,454124.4799827154,475877.31750451226,487566.4483867868,451749.46000237146,680.8954535322221,698.2595852451915,463618.61864085036,454124.4799827154,475877.31750451226,21752.83752179687,23947.82974593644,9494.138658134965,172.81785540142403,157.98024368029084,40.467473083256294,58036.89848755561,0.0,0.019232178706632064,0.06390958469342363,0.08156056145133618,0.10107804358200677,0.12266148647353793
16,0.2,6,479227.6457906892,472545.4485973475,494987.1141741663,500308.14421725884,470873.85389895045,692.2626999851207,707.3246384915902,479227.6457906892,472545.4485973475,494987.1141741663,22441.665576818807,21080.498426569626,6682.197193341737,172.29348147195648,158.84000873411472,41.34384933199345,59686.91173878666,0.0,0.02187283942836304,0.07062004134587892,0.09581436119873403,0.1100163995942985,0.12749834191740672
17,0.2,6,546212.8484953289,493057.7902318446,517298.82424463594,576928.1778048052,479760.70979327895,739.0621411595434,759.5578831167545,546212.8484953289,493057.7902318446,517298.82424463594,24241.03401279135,30715.329309476307,53155.05826348433,172.56758437500415,159.1789597814109,41.63167013881344,62131.051426600294,0.0,0.03713714327500924,0.0594509755756235,0.0940951537851869,0.1014778602527775,0.11624309175729024
18,0.2,6,536838.7363221938,514594.668553178,539244.2844647956,563293.5872453151,509030.1716253532,732.6927980553609,750.5288716933646,536838.7363221938,514594.668553178,539244.2844647956,24649.615911617584,26454.850923121325,22244.06776901573,171.34454137671068,158.98684191651668,41.59044526387699,63777.59373062231,0.0,0.030673801977079564,0.058396532656917105,0.082999470907713,0.09896743766841781,0.11525984386703433
0,0.2,7,326187.7872934664,313829.3292902042,337752.71139728156,354771.1985239969,310737.78136354336,571.1285208194968,595.6267275097692,326187.7872934664,313829.3292902042,337752.71139728156,23923.38210707734,28583.41123053053,12358.458003262174,318.31270056001784,217.49260748774935,104.66570430505364,92992.42425694402,0.0,0.32064802927366437,0.3395410578948905,0.411570662728367,0.4133564281581066,0.42475921126384764
1,0.2,7,315631.54533571395,324128.2525433451,345041.0320450201,330081.43413688807,326253.75861734414,561.8109515982346,574.5271395999392,315631.54533571395,324128.2525433451,345041.0320450201,20912.779501674988,14449.888801174122,8496.707207631145,301.658399586124,216.95354122590697,89.50510677009737,83577.97016385203,0.0,0.22404610936137656,0.23822782107703258,0.23098537174875236,0.24752747561143107,0.25851915564659345
2,0.2,7,349403.7272833987,336843.47172982513,348818.60471424076,356154.53114065964,333701.44284525636,591.1038210698681,596.7868389472574,349403.7272833987,336843.47172982513,348818.60471424076,11975.132984415628,6750.803857260966,12560.255553573545,261.6456413660029,209.34711236189864,80.0085235196285,76586.8728289307,0.0,0.11367972869046244,0.13159966077401222,0.217447568250638,0.22390887259131054,0.23275730287782032
3,0.2,7,344045.2504962394,344496.74222606316,344875.19909220136,345012.67903827,344609.6857923942,586.553706403974,587.3777992385054,344045.2504962394,344496.74222606316,344875.19909220136,378.45686613820726,967.428542030626,451.49172982375603,206.79019378451653,188.39224466913237,79.65152217387332,75537.98796343767,0.0,0.0879729507609431,0.0959636867105757,0.161816984412928,0.16994198695043947,0.17763418884324256
4,0.2,7,345938.7505492312,339517.4873875734,340659.60265921237,351667.31892705796,337911.16701906733,588.1655808947266,593.0154457744402,345938.7505492312,339517.4873875734,340659.60265921237,1142.1152716389624,5728.56837782677,6421.2631616577855,195.56586462394404,173.14668380300662,70.33261890167914,70387.83772342427,0.0,0.07210898229513181,0.08648015257117878,0.1386942027726275,0.1453019063450508,0.15709795059313258
5,0.2,7,312843.6344094612,335863.8554996669,341861.55174523534,315295.8410783645,341622.51218352775,559.3242658864903,561.5121023436311,312843.6344094612,335863.8554996669,341861.55174523534,5997.696245568455,2452.2066689032945,23020.221090205654,191.99113936770541,164.74299104524206,57.505696284192446,63170.332320191505,0.0,0.07330756925936643,0.09004059521066482,0.1282673137074974,0.1317862929186262,0.15200159480162473
6,0.2,7,321288.34672623774,338317.1707400143,346768.14789859595,328147.6475199435,342577.0408273154,566.8230294600227,572.841729904468,321288.34672623774,338317.1707400143,346768.14789859595,8450.977158581663,6859.300793705741,17028.824013776553,189.7060122775264,161.8940576274213,50.98708101642089,58551.32062403891,0.0,0.059002377669338746,0.08123278186252915,0.18047623383037076,0.18593719556081414,0.20390744067587757
7,0.2,7,373236.53793728276,344057.2737357005,356634.35054864525,387983.97862804966,336757.8927190656,610.9308781992303,622.8835995818558,373236.53793728276,344057.2737357005,356634.35054864525,12577.076812944724,14747.440690766904,29179.264201582235,187.965953701284,159.34403402981494,48.99318642099044,56599.06387135063,0.0,0.04840223751348742,0.05788372934165331,0.1402508038206943,0.14252611056560346,0.15509202197364172
8,0.2,7,348146.253123766,352925.79487192485,367843.21204604267,362463.2207748526,354121.4280470353,590.0391962605247,602.0491846808304,348146.253123766,352925.79487192485,367843.21204604267,14917.417174117814,14316.967651086627,4779.5417481588665,185.21198291759907,158.9516973974274,46.95291964993804,56252.54164581876,0.0,0.039896159774734735,0.05530080357601788,0.1020815187582733,0.10925345198629428,0.1290251905019665
9,0.2,7,362233.8094499247,364432.87579673016,379982.2687530799,376792.8175959125,364982.9864175909,601.8586291230896,613.8345197167657,362233.8094499247,364432.87579673016,379982.2687530799,15549.392956349708,14559.008145987813,2199.0663468054845,182.63382280458598,157.5917316630709,44.47533911645115,55449.48785725232,0.0,0.03884374152647335,0.06097843528988472,0.1271698957529555,0.13804912524316418,0.15436305543037415
10,0.2,7,351295.7432481242,376839.7612323069,393844.33706726786,367741.08362804627,383229.76197647274,592.7020695493851,606.4165924742217,351295.7432481242,376839.7612323069,393844.33706726786,17004.575834960968,16445.34037992207,25544.01798418269,179.43905283592883,158.45090038883973,43.71975897385934,55067.01377985618,0.0,0.04262514558542436,0.06356494085194833,0.10463588629497339,0.11553456823622776,0.12889874481698124
11,0.2,7,357008.6687420432,390854.04431572306,407177.5996766986,370658.71639619116,399320.6831677747,597.5020240484907,608.8174737934114,357008.6687420432,390854.04431572306,407177.5996766986,16323.555360975559,13650.047654147958,33845.37557367986,177.0905389351151,158.7245189720144,42.04017614633683,53879.649897578856,0.0,0.03125281751053262,0.05571901525076481,0.09122759990721342,0.10004094407549657,0.13182716554374388
12,0.2,7,412012.69384299294,404656.8872272,422364.2197446681,425900.2637616529,402816.78478998895,641.882149497081,652.610346042455,412012.69384299294,404656.8872272,422364.2197446681,17707.332517468138,13887.569918659981,7355.806615792972,176.07398880106612,158.94379214400655,42.071591274223664,54943.17071979311,0.0,0.02365959140747652,0.049751555174109514,0.1204795457475317,0.11804870556899542,0.14452005092539927
13,0.2,7,382045.0579600295,420052.1559537943,437408.59841625235,392483.3572824963,429559.87649384903,618.0979355733439,626.4849218317199,382045.0579600295,420052.1559537943,437408.59841625235,17356.442462458042,10438.299322466773,38007.09799376479,174.59406445994054,159.3156902090296,41.80993496911987,55532.099233839646,0.0,0.04148716850779144,0.08820226861249832,0.14162448230574767,0.16379062401975622,0.1854652409477844
14,0.2,7,425862.95104990946,436160.2810345237,457035.81453143683,447512.4796332135,438736.22450220166,652.5817581344957,668.9637356637604,425862.95104990946,436160.2810345237,457035.81453143683,20875.53349691315,21649.528583304025,10297.329984614218,173.32674580407408,158.3925128676287,42.23442545434716,57109.808943927965,0.0,0.02152295093476582,0.06489588001672068,0.09517344973527934,0.1264994933921866,0.13393281457542594
15,0.2,7,475205.6163464251,454245.98693889927,475863.7206134216,496565.00403315417,449002.8005461218,689.3515912409466,704.6736862074205,475205.6163464251,454245.98693889927,475863.7206134216,21617.733674522315,21359.387686729082,20959.62940752582,173.23148832717573,158.34946628243054,41.60244365239637,58752.69295652327,0.0,0.020351200377459376,0.054970058180061745,0.09865101336233194,0.12354466837156537,0.14683443257412465
16,0.2,7,443079.02856255113,474190.9130129699,497475.8361592876,460779.9569856534,481973.75144166517,665.6418170176444,678.8077467042148,443079.02856255113,474190.9130129699,497475.8361592876,23284.923146317713,17700.928423102247,31111.88445041876,172.15956616895608,158.15099940904386,41.98097019354444,60507.339559148,0.0,0.015460909067910221,0.05841797782170984,0.09359815598817499,0.11534006067355754,0.13780441872169671
17,0.2,7,496919.64011697914,495518.5622013529,518975.7233829563,522151.87380162306,495168.0735300315,704.9252727183067,722.60077068989,496919.64011697914,495518.5622013529,518975.7233829563,23457.161181603384,25232.23368464393,1401.0779156262288,171.54149420507093,158.4134914623553,41.582243839830724,61224.703279626396,0.0,0.021966952520956994,0.045513157800611624,0.07585613779935506,0.09387433079406639,0.10213155794995932
18,0.2,7,539154.2882548663,516173.143016917,540123.4696905422,565944.0559822496,510424.2614093637,734.2712633998871,752.2925335148884,539154.2882548663,516173.143016917,540123.4696905422,23950.32667362521,26789.767727383296,22981.14523794927,170.85998964471233,159.2891317140258,41.2730265859357,62963.69046143463,0.0,0.013461123606603079,0.049703751756298147,0.06588267411575087,0.08230295686064706,0.09908291404525496
0,0.2,8,328108.085403215,313807.51842545695,337429.36464556964,355282.9738014769,310230.13942085195,572.807197408705,596.056183426929,328108.085403215,313807.51842545695,337429.36464556964,23621.846220112697,27174.888398261857,14300.566977758077,317.96320183771974,217.81237649090104,104.30937270778698,92678.38577388512,0.0,0.3171834651004542,0.33664918932069193,0.40845951417832194,0.410524406748535,0.4226129466109633
1,0.2,8,327214.1360021848,323863.68093725474,346325.8235869695,349465.2496996856,323025.5430072135,572.0263420526933,591.1558590589166,327214.1360021848,323863.68093725474,346325.8235869695,22462.142649714777,22251.113697500783,3350.45506493008,302.53943889516626,215.28954201704613,91.86627479251388,85856.15121982704,0.0,0.22300251653528486,0.22972347728700504,0.23151939336134425,0.23361540410339374,0.2457883526654474
2,0.2,8,344039.06052416464,336339.3156302336,348944.4132694712,359797.27972740616,334413.17481587257,586.5484298198783,599.8310426506836,344039.06052416464,336339.3156302336,348944.4132694712,12605.097639237589,15758.219203241519,7699.744893931027,260.18479331636615,207.72423994480425,80.07083598929177,76134.81849898238,0.0,0.12565789991947152,0.13052060301441681,0.22713794146450128,0.23082851083708128,0.24149511868301535
3,0.2,8,315038.7386120557,343630.7157198416,342408.34766713367,312430.1058884649,350783.18308457086,561.283118053675,558.9544756851535,315038.7386120557,343630.7157198416,342408.34766713367,1222.3680527079268,2608.6327235908248,28591.977107785875,206.4350034003712,189.67507614936213,79.42028984654551,74416.2790610594,0.0,0.0895302352119204,0.09788672798729585,0.16370161629072,0.17091888750982712,0.18723808910859452
4,0.2,8,338679.00468106364,338015.59429534164,337832.6157145508,337624.9659558616,337849.6379113039,581.9613429438966,581.0550455472026,338679.00468106364,338015.59429534164,337832.6157145508,182.9785807908629,1054.03872520203,663.4103857220034,196.03027457141434,174.12660707312548,70.78192742373108,69842.84233585591,0.0,0.06918934900728269,0.07871163512585033,0.1303994529740585,0.13519827123038256,0.15211151382137453
5,0.2,8,352695.4025329673,334309.95181474334,343011.9243321097,368528.79687584145,329710.71281311,593.8816401716484,607.0657269817177,352695.4025329673,334309.95181474334,343011.9243321097,8701.972517366346,15833.394342874177,18385.450718223932,192.21415513214535,164.3921637096194,57.95483870858951,64063.73252684351,0.0,0.06118237879614469,0.07134713473377076,0.12091262203978066,0.12622266484532002,0.1338950028927401
6,0.2,8,339869.0163852706,337715.2542273497,346212.88215723773,346944.1455243193,337176.4767413492,582.9828611419641,589.019647825367,339869.0163852706,337715.2542273497,346212.88215723773,8497.627929888025,7075.129139048746,2153.7621579208644,189.87341872931233,162.0064309916541,51.35422848637073,58680.627195465626,0.0,0.060235531890740816,0.081547030771005,0.18753697123889404,0.19635013005555144,0.2117840731682396
7,0.2,8,315524.990330421,343085.6001978233,355468.04674677725,324532.74825111893,349980.0643996344,561.7161118665024,569.677758255594,315524.990330421,343085.6001978233,355468.04674677725,12382.446548953943,9007.757920697914,27560.609867402294,187.41075974578135,159.5476457771593,49.66696064496396,57670.412049447295,0.0,0.04888104257916371,0.07744034993041855,0.1371152217950899,0.15414596066456124,0.16220289329483426
8,0.2,8,316038.8832740664,352735.57906863885,366770.3935277315,332590.962322981,361915.4940522936,562.1733569585688,576.7069986769546,316038.8832740664,352735.57906863885,366770.3935277315,14034.814459092624,16552.079048914602,36696.69579457247,184.7572710228531,158.29210429298251,46.41404991598882,55479.652746314474,0.0,0.04422861471651505,0.055121098388542886,0.1004902917008005,0.1154189206103149,0.1242907030975555
9,0.2,8,353939.9267092239,363008.6043192797,378533.77497330314,368947.76581687335,365277.1924761131,594.9285055443418,607.4107060440023,353939.9267092239,363008.6043192797,378533.77497330314,15525.170654023415,15007.839107649459,9068.677610055835,182.32948410177565,158.25224617750797,44.418600033943385,54952.72646761817,0.0,0.03493020879025417,0.05319676096331755,0.13244218609271421,0.14028427865530205,0.15689662575248373
10,0.2,8,375102.5864667625,375587.7810009011,390673.9417726619,385742.8023502477,375709.1555409648,612.4561914674082,621.0819610568702,375102.5864667625,375587.7810009011,390673.9417726619,15086.160771760857,10640.215883485158,485.19453413854353,179.8111673192601,159.2646589141971,42.47137649291043,53046.56344652032,0.0,0.03970718424709633,0.05522495508200983,0.09315853725550398,0.11090802246078761,0.12729586288204403
11,0.2,8,385391.19299940113,389101.4577227447,405745.78352309624,402635.1980852063,390029.60435801157,620.7988345667227,634.5354190943216,385391.19299940113,389101.4577227447,405745.78352309624,16644.325800351566,17244.005085805198,3710.264723343542,177.78706178624978,159.2843184219016,41.95719916835136,54129.02863828766,0.0,0.03457280132162363,0.05858811962135758,0.09154833621631898,0.10408901747704334,0.12526205577526242
12,0.2,8,400216.25649750186,403494.5990242022,421225.2035550585,417284.7235374344,404314.6975379997,632.6264747048624,645.9757917580461,400216.25649750186,403494.5990242022,421225.2035550585,17730.604530856304,17068.467039932555,3278.3425267003477,176.32922297986175,159.17733542224855,42.27861325479284,55046.19871381106,0.0,0.03422293414286298,0.06708173690536981,0.12971930997549605,0.14257587857362647,0.15061744038199704
13,0.2,8,411615.8076782963,418787.42961041804,437738.74049513077,432231.6345949639,420581.45706183586,641.5729168834173,657.4432557985243,411615.8076782963,418787.42961041804,437738.74049513077,18951.31088471273,20615.826916667633,7171.62193212175,175.22326446905961,158.5073464236705,42.078298236344374,56016.312455997155,0.0,0.0265841250262624,0.06417186151590572,0.13095503132441041,0.14333831745762954,0.15886608399693408
14,0.2,8,453484.26959384815,435126.52368653915,456268.6730169295,477191.5206583834,430534.2152219292,673.4124067715475,690.7905041750237,453484.26959384815,435126.52368653915,456268.6730169295,21142.149330390326,23707.25106453523,18357.745907309,174.09303177418047,159.60861127229418,41.84476770118748,57078.26703432655,0.0,0.032679611420930336,0.050168703131596576,0.07962969436448511,0.11084487132857677,0.12017630788347343
15,0.2,8,471474.2500986722,453379.58569838706,474479.470863405,500828.2108768349,448853.08876846597,686.6398255990342,707.6921724004264,471474.2500986722,453379.58569838706,474479.470863405,21099.885165017913,29353.960778162756,18094.66440028511,173.56514667037953,159.12470867869123,41.52791791218531,58309.2043913866,0.0,0.027174478722127002,0.0501422170405914,0.0785944548469814,0.10300048071656225,0.11179982662605044
16,0.2,8,457922.4278220485,471342.4232036644,494111.847935959,480705.3276296913,474699.5215477202,676.6996585059346,693.3291625409184,457922.4278220485,471342.4232036644,494111.847935959,22769.424732294574,22782.899807642796,13419.99538161594,172.67891887203527,159.0248813250813,41.78138220685657,60203.36297313582,0.0,0.021768226800521782,0.04237677723858553,0.09909256546087482,0.10734315915103435,0.1192310912152394
17,0.2,8,510398.619819175,491393.16669508244,516022.3344332076,536134.0887769095,486638.8300953603,714.4218780378825,732.2117786384684,510398.619819175,491393.16669508244,516022.3344332076,24629.167738125136,25735.468957734527,19005.453124092543,172.31436932001043,158.89101481855693,41.81953582855721,61752.63389864718,0.0,0.018049377147153683,0.0463658056402331,0.08473291115239523,0.09224344031756884,0.10924788513803564
18,0.2,8,501359.7152688933,513199.9986848664,537377.4843286045,522113.94362317084,516161.9218985931,708.0675923023828,722.5745246153997,501359.7152688933,513199.9986848664,537377.4843286045,24177.485643738124,20754.228354277555,11840.283415973128,171.00842714638617,158.78880092333824,41.48932005978966,62434.21374419389,0.0,0.0156954489250835,0.05327337014054257,0.05805878435985895,0.07925332098749191,0.0929788369798988
0,0.2,9,319057.64064629044,313759.36532737775,335327.4009853144,340922.3822899832,312433.9676060165,564.8518749604098,583.8855900687936,319057.64064629044,313759.36532737775,335327.4009853144,21568.03565793665,21864.741643692774,5298.275318912696,318.2777336996082,218.2079580414696,104.13010548319589,92462.63586778213,0.0,0.31387907241975793,0.33306428907567753,0.4072305510185244,0.41020563000876015,0.4208982173894077
1,0.2,9,324366.5227936625,322829.54000976606,344730.66286044,342976.35782363545,322445.05385966424,569.5318452849344,585.6418340791882,324366.5227936625,322829.54000976606,344730.66286044,21901.122850673913,18609.83502997295,1536.982783896441,302.2303984099163,215.8716848435265,90.87966732463799,84486.3599180883,0.0,0.22516102705974728,0.23903831789134763,0.23288403661211599,0.24345175310741227,0.26338986508932943
2,0.2,9,357943.92260900117,335778.94371750957,348286.32417045534,366659.6264459388,330234.23138216924,598.2841487194869,605.5242575206536,357943.92260900117,335778.94371750957,348286.32417045534,12507.38045294577,8715.70383693761,22164.9788914916,261.8869501832166,208.57780571052794,80.81525745212377,77593.87721450767,0.0,0.12732247649696446,0.13743876789536683,0.23147020777550006,0.2356960026248764,0.2501587793442472
3,0.2,9,337265.51749061333,343400.7869419063,343045.60234306636,336614.1180371643,344935.56414037594,580.7456564543667,580.184555152207,337265.51749061333,343400.7869419063,343045.60234306636,355.1845988399582,651.3994534490048,6135.269451292988,206.69851487839603,190.18146496719862,79.04760430290284,73683.36568812079,0.0,0.08463800376045548,0.10586756799512613,0.15450219514362196,0.1792643781556,0.185569355525311
4,0.2,9,330651.780081394,338241.1370947638,338559.86238951434,330135.8518964221,340139.6636692911,575.0232865557655,574.5744963853009,330651.780081394,338241.1370947638,338559.86238951434,318.72529475053307,515.9281849719118,7589.357013369794,195.01084248024867,173.01946434536592,69.90175896225716,70534.96046724013,0.0,0.07746445855769836,0.08642702811456382,0.13805154626965854,0.1533459691015494,0.16801448776046443
5,0.2,9,340860.6885970295,334081.82972328627,340958.67159410776,350763.9701364605,332386.0544824985,583.8327573860767,592.2532989662958,340860.6885970295,334081.82972328627,340958.67159410776,6876.841870821489,9903.281539431016,6778.858873743215,192.76555886928313,165.35450097947506,58.379443095930334,63551.361675425745,0.0,0.06378993251337506,0.07142463257253762,0.12230187592263228,0.12773124286771134,0.14098027239366828
6,0.2,9,350369.9353069014,336463.6542220284,345457.06807871256,355021.0005432307,332984.9083749208,591.9205481370801,595.8363873944178,350369.9353069014,336463.6542220284,345457.06807871256,8993.413856684172,4651.065236329276,13906.281084873015,190.2424692202658,161.36119539329547,51.781216912513244,59473.8446787867,0.0,0.05440951017012936,0.07067832287727634,0.18621268966655907,0.19239794088412823,0.20162960702946303
7,0.2,9,343736.33980924165,342551.05895320786,354552.56923267967,355740.72346635594,342254.55330727587,586.2903204123719,596.4400418033282,343736.33980924165,342551.05895320786,354552.56923267967,12001.510279471811,12004.38365711429,1185.2808560337871,187.50218681084766,159.3637685389421,48.72838910630987,56638.65670819086,0.0,0.05580048432088127,0.07558125379391743,0.14124314429825466,0.1560641520879802,0.1703125875335398
8,0.2,9,378150.8868201007,351128.0134592123,366837.6343459774,396287.60736046,344368.06751051696,614.9397424301837,629.5137864737038,378150.8868201007,351128.0134592123,366837.6343459774,15709.620886765071,18136.720540359267,27022.873360888392,184.69073789112866,158.4448965006419,45.918423893477886,55562.5247320401,0.0,0.04683495479598778,0.05817306943081279,0.099409024836861,0.11300057095141117,0.12618678195960842
9,0.2,9,377586.55158076045,363857.682232092,380092.45205599506,394277.65744982683,360423.31707431335,614.4807170129592,627.9153266562513,377586.55158076045,363857.682232092,380092.45205599506,16234.769823903043,16691.105869066378,13728.869348668435,182.08812009925185,158.72206456888875,43.876158443073614,55036.79693547334,0.0,0.0343587783155453,0.0566877771340429,0.11907242371185023,0.13613979505695673,0.14659480038837636
10,0.2,9,350579.75357353006,377640.0007508725,391843.5319416585,357314.211193117,384409.29600064893,592.0977567712363,597.7576525592266,350579.75357353006,377640.0007508725,391843.5319416585,14203.531190786045,6734.4576195869595,27060.24717734242,179.62858038794056,159.23496352582484,43.48104355841341,54133.0884745788,0.0,0.03558280632732501,0.07416116974657576,0.09474876601615198,0.11826219218908712,0.1339422708473163
11,0.2,9,404627.311837035,390051.4322848409,407303.61609298474,421737.37656982697,386405.1820651978,636.103224199528,649.4131016308702,404627.311837035,390051.4322848409,407303.61609298474,17252.183808143833,17110.064732791972,14575.879552194092,177.52300626942954,158.41205840947788,42.46702890646125,55092.277793295005,0.0,0.04434541291444058,0.06118227737058521,0.10229474040879413,0.11234076241857414,0.12408651431578704
12,0.2,9,396789.1755237468,404515.3254726848,422929.2592447643,413528.0128245245,406448.0716817512,629.9120379257304,643.061437830418,396789.1755237468,404515.3254726848,422929.2592447643,18413.933772079472,16738.837300777668,7726.149948937993,176.411675709268,158.28363613254888,41.84220187504296,55685.5793342013,0.0,0.02814545197783689,0.07281718450487015,0.12375553020735122,0.1336975775108404,0.1509054303731481
13,0.2,9,436405.2569410594,420993.86922598974,438796.535236698,448698.0487599798,417138.6112540879,660.6097614636491,669.8492731652246,436405.2569410594,420993.86922598974,438796.535236698,17802.666010708257,12292.791818920407,15411.387715069635,174.8798730705681,159.13492841738724,41.08474065779018,55880.59846277787,0.0,0.025960575479887667,0.06373674934181889,0.1247882868636384,0.13363491263817542,0.15508627461234975
14,0.2,9,450039.7056684033,437230.4067619429,457767.54525183485,470848.5396741425,434026.07807742624,670.8499874550221,686.1840421302018,450039.7056684033,437230.4067619429,457767.54525183485,20537.13848989195,20808.83400573919,12809.298906460404,174.016577807507,158.53931509278965,42.177344615467725,58425.17333455031,0.0,0.031083605735671455,0.054241671305613484,0.11024690543872714,0.1268961123846492,0.13568430391760042
15,0.2,9,452579.6736919817,455397.28316308965,477839.69860217883,475505.41775319487,456102.12633334973,672.740420735949,689.5690086954277,452579.6736919817,455397.28316308965,477839.69860217883,22442.415439089178,22925.74406121316,2817.6094711079495,172.8790361730212,158.22239723840903,40.88995824694906,58233.187383432785,0.0,0.021615114624731833,0.04932468663125149,0.08567670858210166,0.09986370612839923,0.11329385708063201
16,0.2,9,505810.2667335554,475411.45696714474,497738.32541833987,529441.3195968684,467806.99876681756,711.2033933647641,727.6271844817704,505810.2667335554,475411.45696714474,497738.32541833987,22326.86845119513,23631.052863312943,30398.809766410675,172.1834445074428,158.58982100196397,40.34575463956344,59195.38676821789,0.0,0.017985896516100663,0.050447529993462796,0.09576008048806153,0.11508855786302137,0.13143231654503013
17,0.2,9,485294.7284337808,494826.7498016392,517754.3370115334,508425.5273264505,497211.24638599553,696.6309844055035,713.0396393795022,485294.7284337808,494826.7498016392,517754.3370115334,22927.587209894205,23130.79889266973,9532.021367858397,171.9483014615067,159.48807851377586,41.25094887141112,61329.07704513796,0.0,0.019521527887306322,0.05264338488633291,0.07473266154199332,0.08188714741494824,0.09060340424460467
18,0.2,9,568337.829006047,515700.27821912064,539418.4036567044,589986.9025848125,502532.65561143984,753.8818402150612,768.1060490484452,568337.829006047,515700.27821912064,539418.4036567044,23718.125437583716,21649.0735787655,52637.55078692635,171.646985461992,159.38287192944372,41.046620858359915,62479.29757593657,0.0,0.0383935055654295,0.05768191981684167,0.08371772064333263,0.11563716389209185,0.13038032908220404
