round,mu,seed,delta_rep,v_t,observable_fr_step,channel,channel_label,observable_fr_step_z_within_channel
0,0.0,0,2049.417521397874,2175.40706798929,0.005368633001285966,blind,Weak blind,-0.4577830099469915
1,0.0,0,2295.996578399092,2026.9148217152688,0.0008671898517785499,blind,Weak blind,-1.2233095521727582
2,0.0,0,2587.2721947478713,1467.119756124972,0.0031262582689004816,blind,Weak blind,-0.8391267964269635
3,0.0,0,946.5881975372322,2016.3943652468733,0.002503295666222983,blind,Weak blind,-0.9450693555850982
4,0.0,0,1701.5294846086763,1363.747726705973,0.001804998858158961,blind,Weak blind,-1.0638234358144656
5,0.0,0,2132.997371008212,2586.1994629488327,0.0034319795029719756,blind,Weak blind,-0.7871350881168507
6,0.0,0,2708.2944734993507,2686.171513940557,0.002502792432629427,blind,Weak blind,-0.9451549367331904
7,0.0,0,1546.4552850716282,1168.5679203081527,0.002452417515341496,blind,Weak blind,-0.9537218196117532
8,0.0,0,179.12999457644764,857.6898012722959,0.006152545573825103,blind,Weak blind,-0.32446890130855216
9,0.0,0,3554.135794415255,2535.2497075904394,0.003358314266022078,blind,Weak blind,-0.7996627802927849
10,0.0,0,3526.3141843648045,1906.9641728828428,0.002961529992645092,blind,Weak blind,-0.8671408940263964
11,0.0,0,2277.3430644413456,1218.035674598068,0.0018050396873643161,blind,Weak blind,-1.06381649229894
12,0.0,0,2259.4079031787696,1288.5040057415608,0.0037803407913369912,blind,Weak blind,-0.7278919068369615
13,0.0,0,1608.4876721925102,1350.6962754435954,0.0015020317812999297,blind,Weak blind,-1.1153467653452456
14,0.0,0,2359.1106116459705,1452.9557517949142,0.0034318372867829824,blind,Weak blind,-0.7871592737532771
15,0.0,0,109.0919032752281,1139.8157495020423,0.00274303931380203,blind,Weak blind,-0.9042979586228008
16,0.0,0,2983.468130055815,2391.138524108217,0.0025030504853675675,blind,Weak blind,-0.9451110516470571
17,0.0,0,1088.4078666436253,1739.3637044834904,0.003973905312932651,blind,Weak blind,-0.6949738461188282
18,0.0,0,2421.268299339863,1958.608102703467,0.003973221619369404,blind,Weak blind,-0.6950901167351686
0,0.0,1,1469.473424712778,1073.5751101236674,0.004827659415061462,blind,Weak blind,-0.5497823144240979
1,0.0,1,1821.5300053723622,1485.434142846032,0.002552939789360483,blind,Weak blind,-0.936626753365088
2,0.0,1,915.8334974957397,1525.433097880974,0.004066649635199739,blind,Weak blind,-0.6792015175614932
3,0.0,1,2493.9229415628943,1376.443759797723,0.0037127209919421153,blind,Weak blind,-0.739391496967834
4,0.0,1,1037.3225025477586,1119.8270500552026,0.001939031213776841,blind,Weak blind,-1.041029562308864
5,0.0,1,1817.2913545828196,913.8246782959905,0.0021239500128676122,blind,Weak blind,-1.0095818145180269
6,0.0,1,670.8688557560672,1202.592844599043,0.0034317260615732894,blind,Weak blind,-0.7871781889872048
7,0.0,1,535.8798803085228,1238.0183386618155,0.002294384343633449,blind,Weak blind,-0.9805973311924938
8,0.0,1,624.6150857666507,1803.611657280766,0.0022390879558407194,blind,Weak blind,-0.9900011715029452
9,0.0,1,2209.3437926530605,1923.8817785187275,0.004878941663293384,blind,Weak blind,-0.5410611286037588
10,0.0,1,1360.4077167546493,1179.2699195637833,0.0040668897751074415,blind,Weak blind,-0.6791606787755553
11,0.0,1,5231.737013291509,1993.1497378033819,0.0018051254379411713,blind,Weak blind,-1.0638019093440043
12,0.0,1,1481.2662535221898,1417.51927658997,0.0016604967151830552,blind,Weak blind,-1.0883978272223997
13,0.0,1,1529.3775170851732,1672.796722177125,0.0022388897670616212,blind,Weak blind,-0.9900348759763178
14,0.0,1,1918.9397905229125,2323.7769142716425,0.00291922167368883,blind,Weak blind,-0.8743359512652101
15,0.0,1,42.81658424407942,1316.3795614570263,0.0032443184777315,blind,Weak blind,-0.8190491856610137
16,0.0,1,760.3289182653534,1395.3681229301146,0.0035750074797696357,blind,Weak blind,-0.7628113970509219
17,0.0,1,2185.3977194229956,989.0102007683017,0.0030454658951786675,blind,Weak blind,-0.8528665470889795
18,0.0,1,3562.7873673359863,1521.0206856499426,0.004642766203919205,blind,Weak blind,-0.5812257106651987
0,0.0,2,1646.072852475394,1283.339518240944,0.0015020474907643994,blind,Weak blind,-1.1153440937549097
1,0.0,2,177.18241904873867,1749.806555279065,0.002347958624795619,blind,Weak blind,-0.9714863565898723
2,0.0,2,1996.314441895811,1292.6689479011693,0.0021242150218483235,blind,Weak blind,-1.0095367464360976
3,0.0,2,2605.5652125594206,1447.76020547183,0.0022939160728285587,blind,Weak blind,-0.9806769664823746
4,0.0,2,1527.5154998683138,1808.3968696091324,0.00223897769577583,blind,Weak blind,-0.9900199226019633
5,0.0,2,585.546079584572,1076.9321862016222,0.0042778105790183376,blind,Weak blind,-0.6432909658104908
6,0.0,2,2252.118816794886,1764.1176046176115,0.0021243420519442844,blind,Weak blind,-1.0095151433841674
7,0.0,2,1413.0297503535985,1866.4213839132572,0.003045194661094914,blind,Weak blind,-0.8529126738273106
8,0.0,2,1121.3590509177302,1184.89511502604,0.003243935450963191,blind,Weak blind,-0.8191143241394493
9,0.0,2,2396.9354133732268,2193.1417972640484,0.0057736704790108525,blind,Weak blind,-0.3889013358935254
10,0.0,2,973.9201841524919,2019.7159168109647,0.0021239459557491178,blind,Weak blind,-1.009582504481621
11,0.0,2,2390.304161881504,1286.753375538974,0.0026960003195428627,blind,Weak blind,-0.9122975261901349
12,0.0,2,1000.1929883282282,1241.7858614308643,0.0033205089869166485,blind,Weak blind,-0.8060920394504011
13,0.0,2,596.4639072483405,1487.8294050110853,0.001226151104771146,blind,Weak blind,-1.1622637147224903
14,0.0,2,1515.7099558329792,1744.9352547771414,0.0045612198538876065,blind,Weak blind,-0.5950936844010556
15,0.0,2,1607.078535759123,1613.5170430380385,0.0015829630472004778,blind,Weak blind,-1.1015833943361992
16,0.0,2,793.1871216550935,1032.7078001888003,0.004695739140502037,blind,Weak blind,-0.5722170022072817
17,0.0,2,1930.5375011810102,1400.4704726567725,0.0027869202679541285,blind,Weak blind,-0.8968354551575957
18,0.0,2,2818.860144956736,1456.012847842183,0.0021239762490897966,blind,Weak blind,-1.0095773527212692
0,0.0,3,2042.4497558940784,1491.639023684198,0.0012265117595068712,blind,Weak blind,-1.162202380887183
1,0.0,3,420.5050495391479,989.6573590316111,0.005056527315038009,blind,Weak blind,-0.5108604739661793
2,0.0,3,509.43766935914755,1496.1859140096349,0.004449773816123099,blind,Weak blind,-0.6140464728959988
3,0.0,3,1250.522825463675,1927.3552561536198,0.0038774029390979572,blind,Weak blind,-0.71138527820952
4,0.0,3,1784.6456041452475,1688.411985191342,0.0020642269227793076,blind,Weak blind,-1.0197384707564472
5,0.0,3,833.2143803890795,1736.5654001784278,0.0029620247665322792,blind,Weak blind,-0.8670567515568678
6,0.0,3,1981.8374143371475,1619.4182541503105,0.00704339015713989,blind,Weak blind,-0.17296967075620168
7,0.0,3,2289.950420524867,901.0054597775452,0.0024011881445701057,blind,Weak blind,-0.9624340129605274
8,0.0,3,577.8963016371126,1312.9312984521384,0.0015829070775951488,blind,Weak blind,-1.101592912665547
9,0.0,3,717.5523659592727,1983.061617110623,0.001502119479484933,blind,Weak blind,-1.115331851175257
10,0.0,3,3228.551554543141,2466.1945245948737,0.005250616004541362,blind,Weak blind,-0.47785327195877614
11,0.0,3,1215.994656326482,218.51711321651237,0.002875556714456271,blind,Weak blind,-0.8817617221008115
12,0.0,3,3206.768818167562,1937.4812674759305,0.002787494815763925,blind,Weak blind,-0.8967377461377173
13,0.0,3,2224.856654913805,2417.038064952765,0.004669746840958015,blind,Weak blind,-0.5766373168782798
14,0.0,3,961.1245566843427,978.7699930969975,0.005460742999904118,blind,Weak blind,-0.4421185560364074
15,0.0,3,1044.4334279960021,695.3469263896695,0.003941399552933273,blind,Weak blind,-0.7005018559655076
16,0.0,3,1831.3525622792658,1088.866663730878,0.004306053137984748,blind,Weak blind,-0.6384879664631526
17,0.0,3,731.4499787535169,1097.1168808952207,0.0026494291380755436,blind,Weak blind,-0.9202175363584177
18,0.0,3,3466.4195669447654,1949.7772244887892,0.00274183668391226,blind,Weak blind,-0.9045024808327935
0,0.0,4,1592.5924981982098,670.642311105039,0.002503240032201756,blind,Weak blind,-0.9450788168441846
1,0.0,4,2926.287802584935,1957.3517122149933,0.0022385021295817068,blind,Weak blind,-0.9901007985637594
2,0.0,4,866.6703037394909,1085.8197031805757,0.0030040286593520198,blind,Weak blind,-0.8599134657788754
3,0.0,4,442.0706140184193,2156.2392882053973,0.002601378777015378,blind,Weak blind,-0.9283890994623778
4,0.0,4,1663.2501476939651,852.4549751881277,0.004879172645732004,blind,Weak blind,-0.5410218471596355
5,0.0,4,1317.724568867241,1054.2481957057025,0.0028757865214261483,blind,Weak blind,-0.8817226405598064
6,0.0,4,2742.063157499011,1426.4901137556299,0.002348292512359649,blind,Weak blind,-0.9714295748459081
7,0.0,4,3006.427244727849,1838.9772149326745,0.0027421695963585433,blind,Weak blind,-0.9044458649197623
8,0.0,4,908.5939390853746,1396.6498942211038,0.00343187403051744,blind,Weak blind,-0.7871530250230249
9,0.0,4,481.7381867330405,755.618732308445,0.0011193804327024697,blind,Weak blind,-1.1804213989773273
10,0.0,4,470.28883873618906,1560.6352317546261,0.002294010200754013,blind,Weak blind,-0.9806609588548412
11,0.0,4,1205.6588081643567,522.5349775264622,0.002124319684116878,blind,Weak blind,-1.0095189473121529
12,0.0,4,927.5732851809007,1083.9343558237306,0.0025527796420871844,blind,Weak blind,-0.9366539884060079
13,0.0,4,53.0028564381646,1093.9805821034242,0.004189005614829961,blind,Weak blind,-0.6583933574012965
14,0.0,4,2638.052332190331,1340.660351304512,0.005507459703761147,blind,Weak blind,-0.4341737979710368
15,0.0,4,621.2318395326729,1436.1901273535914,0.0030452492687325253,blind,Weak blind,-0.8529033871175574
16,0.0,4,1948.1400377349928,1528.1505012239213,0.003004103659872288,blind,Weak blind,-0.8599007110051197
17,0.0,4,333.852395750524,1293.8180759685347,0.004158599296779035,blind,Weak blind,-0.6635643309638282
18,0.0,4,2070.2731831856654,1449.3616810366511,0.002181990918059258,blind,Weak blind,-0.9997112347987483
0,0.0,5,3674.571743953391,943.570787779754,0.0032444518743445184,blind,Weak blind,-0.819026499903465
1,0.0,5,3.8410788768087514,1218.8611796007608,0.00328249228441124,blind,Weak blind,-0.8125572537937115
2,0.0,5,1043.4108982751495,1008.1968078395003,0.0025525702771482793,blind,Weak blind,-0.9366895935247266
3,0.0,5,1815.3726388625219,1583.8233798453002,0.003431760209456059,blind,Weak blind,-0.7871723817139031
4,0.0,5,2648.0815174884046,1717.7052644448704,0.0020644159628471722,blind,Weak blind,-1.0197063221355076
5,0.0,5,117.84286383353174,662.3430517651723,0.003877899212184245,blind,Weak blind,-0.711300880782489
6,0.0,5,1880.4751431713812,1467.540914266021,0.0034323053480898925,blind,Weak blind,-0.7870796740911405
7,0.0,5,1555.7505705873482,1055.0399427983211,0.003044954267463554,blind,Weak blind,-0.8529535557621205
8,0.0,5,2798.9019436822273,1095.0024476753315,0.0032060393285676583,blind,Weak blind,-0.8255590323313968
9,0.0,5,671.7323634499335,2010.5815875952248,0.003004356627299793,blind,Weak blind,-0.8598576907394755
10,0.0,5,1149.1068429651787,1745.5612313618767,0.00250302969529417,blind,Weak blind,-0.9451145872582982
11,0.0,5,3447.277939736203,2041.131247577141,0.0033584259218387424,blind,Weak blind,-0.7996437918287721
12,0.0,5,4083.4490601622965,1545.243452291179,0.0017343560369254794,blind,Weak blind,-1.0758371285071875
13,0.0,5,1984.7111170318094,2043.3948245598585,0.0032824009378265616,blind,Weak blind,-0.8125727884195615
14,0.0,5,2037.1869265633868,1923.6314849222545,0.0022942421294165037,blind,Weak blind,-0.9806215164935489
15,0.0,5,1515.7869073215988,1387.1327127061086,0.002741807169002877,blind,Weak blind,-0.9045075002111959
16,0.0,5,271.23768108460354,472.33983161492506,0.003243943421859716,blind,Weak blind,-0.8191129685890951
17,0.0,5,1362.3259229465039,1360.0293033260386,0.00260154746063374,blind,Weak blind,-0.9283604127095285
18,0.0,5,262.93096710031386,1613.3114145608852,0.003003744423136846,blind,Weak blind,-0.8599618036917959
0,0.0,6,1974.808055938047,1292.9528795045917,0.002123973888530958,blind,Weak blind,-1.0095777541637367
1,0.0,6,3827.6643667535973,1865.7109191048658,0.0011194023893821082,blind,Weak blind,-1.180417664970147
2,0.0,6,698.8080458754557,1674.0293329614797,0.0014158176446755265,blind,Weak blind,-1.130008554400225
3,0.0,6,851.2288658948964,1095.4478668218362,0.0038783766103015357,blind,Weak blind,-0.7112196932793134
4,0.0,6,1254.2897065236466,1332.5462323529064,0.0024009922846808525,blind,Weak blind,-0.9624673213771398
5,0.0,6,1139.8007917373907,1445.2992454146734,0.002696444628529589,blind,Weak blind,-0.9122219659062457
6,0.0,6,1913.1849808988045,2501.469308719563,0.0027876313817389504,blind,Weak blind,-0.8967145213906362
7,0.0,6,1034.1345237662317,1949.6532598707709,0.0015019580918022757,blind,Weak blind,-1.1153592971632569
8,0.0,6,1218.345196538081,1363.849354605889,0.0020025498539993285,blind,Weak blind,-1.0302274254382195
9,0.0,6,2414.235451845103,2002.5445369867375,0.003395996783068135,blind,Weak blind,-0.793254398354253
10,0.0,6,1100.3674441922922,1915.3011128591024,0.0019388363446851775,blind,Weak blind,-1.0410627022279906
11,0.0,6,173.0437277641613,778.180644719454,0.0033203878587615013,blind,Weak blind,-0.8061126388036967
12,0.0,6,625.6344329299172,1345.7139089147095,0.0023482868233090383,blind,Weak blind,-0.971430542339909
13,0.0,6,1683.6615717188688,1110.6442251045955,0.0038776886367308107,blind,Weak blind,-0.7113366917642987
14,0.0,6,2440.3092604682897,1324.5972422448685,0.0037127442834983607,blind,Weak blind,-0.7393875359482402
15,0.0,6,463.4340488402522,595.2582445649896,0.0036442607411992347,blind,Weak blind,-0.7510340163311723
16,0.0,6,1046.8976857521338,1366.4277899109293,0.0030040937747735164,blind,Weak blind,-0.8599023920894366
17,0.0,6,1344.7107084100135,1113.7054518095101,0.003942274019046825,blind,Weak blind,-0.7003531420979839
18,0.0,6,1299.4166920465068,1770.7984796446399,0.003205170365539891,blind,Weak blind,-0.8257068103305573
0,0.0,7,2318.5162294581532,2042.0599949836615,0.0012263313879999072,blind,Weak blind,-1.1622330553112414
1,0.0,7,693.781778427714,1876.584366106952,0.003745864453360824,blind,Weak blind,-0.733755038042426
2,0.0,7,1447.7715058535687,1965.18738963356,0.0018050804000158747,blind,Weak blind,-1.0638095686048405
3,0.0,7,599.658198461635,1762.0944931239355,0.002123859554681313,blind,Weak blind,-1.009597198060654
4,0.0,7,4134.162311530323,2229.93190559512,0.002347928353933378,blind,Weak blind,-0.971491504527485
5,0.0,7,2204.8756239940412,1181.8949571935227,0.003166218264245646,blind,Weak blind,-0.8323311009026761
6,0.0,7,1448.3321943922201,871.6801112488029,0.0035042016609147784,blind,Weak blind,-0.7748528095217991
7,0.0,7,329.2625702228979,739.201783186174,0.003713121051503161,blind,Weak blind,-0.7393234618505883
8,0.0,7,298.50640694989124,1216.5350421520998,0.0030453568558501823,blind,Weak blind,-0.852885090586549
9,0.0,7,109.44290088338312,1236.3399302198086,0.002123828317478574,blind,Weak blind,-1.0096025103365192
10,0.0,7,1774.9484152923105,2304.8598588891327,0.0034318738346036603,blind,Weak blind,-0.7871530583406061
11,0.0,7,263.4979355239775,785.6897481916822,0.0028760135338716385,blind,Weak blind,-0.8816840342625223
12,0.0,7,153.60461217700504,1380.7342968150042,0.003003530262825161,blind,Weak blind,-0.8599982243234557
13,0.0,7,1206.3326950269402,642.3462268181611,0.0032824646328488195,blind,Weak blind,-0.8125619562867263
14,0.0,7,489.73329939873656,945.1256934143603,0.0026487141439023,blind,Weak blind,-0.9203391300338183
15,0.0,7,1582.0477659842581,1824.1923598379362,0.0038125233441604124,blind,Weak blind,-0.722418862401066
16,0.0,7,1810.533389824559,2114.573703650967,0.0012262738046351692,blind,Weak blind,-1.1622428480805007
17,0.0,7,3050.5087980815442,1375.9666963415802,0.0012261806711008523,blind,Weak blind,-1.1622586865994209
18,0.0,7,3261.455531346204,1655.4479115580325,0.00218220200317666,blind,Weak blind,-0.9996753371422251
0,0.0,8,2639.571655156964,1787.9248348062974,0.004035532479472474,blind,Weak blind,-0.6844933779352935
1,0.0,8,1248.132687719888,1368.3816084993305,0.0026960557336080044,blind,Weak blind,-0.9122881023373239
2,0.0,8,2730.661399157718,1793.290641518135,0.003574673092185186,blind,Weak blind,-0.7628682638295937
3,0.0,8,2924.135439750389,1530.6111036232323,0.005178297447511172,blind,Weak blind,-0.49015194442077
4,0.0,8,2846.149158386863,1840.328890270379,0.002124129050699137,blind,Weak blind,-1.0095513669021088
5,0.0,8,3571.222359716543,2172.0241647562943,0.0029187830292194497,blind,Weak blind,-0.8744105482272863
6,0.0,8,837.1161035336554,916.8844197621802,0.0018730873598742568,blind,Weak blind,-1.0522441370091153
7,0.0,8,3150.449060380808,2683.798776940559,0.0027417269561215516,blind,Weak blind,-0.9045211414119493
8,0.0,8,1494.6294705322944,812.3032595305122,0.0033949314552343124,blind,Weak blind,-0.7934355706374245
9,0.0,8,1621.278851455776,1940.7400142673287,0.004129169810578694,blind,Weak blind,-0.6685691820887154
10,0.0,8,337.71215675462736,1162.6843930979958,0.004158131961305663,blind,Weak blind,-0.6636438071889204
11,0.0,8,2865.420130873914,1396.1730567442137,0.002919033002359002,blind,Weak blind,-0.8743680371776483
12,0.0,8,2232.592806073604,1528.9247981454246,0.002919396249729178,blind,Weak blind,-0.8743062624325215
13,0.0,8,1181.462578533101,918.9842888803105,0.0015836681400066394,blind,Weak blind,-1.1014634845117446
14,0.0,8,2489.368643698108,1625.98855253699,0.0029614762435670287,blind,Weak blind,-0.8671500347273918
15,0.0,8,1717.0177533250535,950.0217003514408,0.004505464170606508,blind,Weak blind,-0.6045756336368878
16,0.0,8,2484.448441376153,1545.5900975496625,0.003974069454588203,blind,Weak blind,-0.6949459317833947
17,0.0,8,508.8447787584155,1658.895494586497,0.0024012660244777033,blind,Weak blind,-0.9624207685110493
18,0.0,8,2789.86740592774,1421.2804509648704,0.006312511306283128,blind,Weak blind,-0.29726473367253425
0,0.0,9,256.45178981265053,969.4212251801509,0.002123838569552774,blind,Weak blind,-1.0096007668434543
1,0.0,9,908.5744155329303,1791.6428048906382,0.0024528432862684466,blind,Weak blind,-0.9536494119561052
2,0.0,9,1281.715646260418,2276.2835333911935,0.0024522741888856336,blind,Weak blind,-0.9537461940629062
3,0.0,9,2795.7421861210023,1897.4254102296545,0.0025526648292856914,blind,Weak blind,-0.9366735137546596
4,0.0,9,1343.4746271398035,2036.9363604293903,0.0016602116525080192,blind,Weak blind,-1.0884463056851261
5,0.0,9,1181.398082627682,953.3683117210167,0.002123845391974401,blind,Weak blind,-1.0095996066055786
6,0.0,9,65.20246453909203,1249.8455634893035,0.0018733011172569964,blind,Weak blind,-1.0522077849005473
7,0.0,9,124.39212925103493,1315.5247966530733,0.002238619912304661,blind,Weak blind,-0.990080768142927
8,0.0,9,2590.8238511176314,2279.951565213909,0.006469262130684006,blind,Weak blind,-0.27060730124272037
9,0.0,9,3370.5038109142333,2650.411229004618,0.002552700806382799,blind,Weak blind,-0.9366673954006489
10,0.0,9,389.85107364464784,678.4546318807406,0.0020025297236823704,blind,Weak blind,-1.0302308488496508
11,0.0,9,759.9208953093039,1103.0028273823555,0.004158178405697864,blind,Weak blind,-0.6636359087408479
12,0.0,9,2768.114033285412,1691.6512097523082,0.006048527567504892,blind,Weak blind,-0.34215846042610815
13,0.0,9,166.22340035549132,903.0294260252267,0.002787728662489447,blind,Weak blind,-0.8966979775858875
14,0.0,9,63.579237041354645,1148.6020705713308,0.00529770556580988,blind,Weak blind,-0.4698451048409127
15,0.0,9,2371.8798878386733,1687.9034214612911,0.0036107226929295386,blind,Weak blind,-0.7567375796712337
16,0.0,9,991.6989249515464,1253.878596169583,0.0022390929092495552,blind,Weak blind,-0.9900003291140018
17,0.0,9,2969.48864737869,847.8913148426218,0.00255345916056642,blind,Weak blind,-0.9365384278147684
18,0.0,9,930.6113851041882,1476.2051437866176,0.006845932166704407,blind,Weak blind,-0.20654986440353554
0,0.05,0,7892.309318653948,6878.405468817917,0.013810212518726517,blind,Weak blind,0.9778128565957794
1,0.05,0,4626.027532704698,4819.123824464972,0.008642121306907197,blind,Weak blind,0.0989144980272953
2,0.05,0,2715.333444508724,2708.184582358168,0.00856002772713218,blind,Weak blind,0.08495346104941402
3,0.05,0,3345.4589543217444,4610.943147677463,0.009559459322153446,blind,Weak blind,0.25491926706243323
4,0.05,0,4412.195680677076,4512.329455105413,0.006555855206170806,blind,Weak blind,-0.2558810689086835
5,0.05,0,4631.50348665053,5912.472916126659,0.006362146268836015,blind,Weak blind,-0.28882368932417346
6,0.05,0,6951.413058811566,6144.087886972178,0.006304789048869668,blind,Weak blind,-0.29857799984508393
7,0.05,0,4661.4925976989325,4066.8815935115563,0.007495855294728709,blind,Weak blind,-0.0960223317025078
8,0.05,0,3056.8772766855545,2971.177651233622,0.00557403161517924,blind,Weak blind,-0.4228524142581646
9,0.05,0,5340.251868327265,3667.7074846809846,0.006457355597185261,blind,Weak blind,-0.2726321557430348
10,0.05,0,4412.088925202261,2719.0758086201386,0.005642652678122446,blind,Weak blind,-0.4111825467747738
11,0.05,0,1025.5188341414323,957.2718756702379,0.008074117783628619,blind,Weak blind,0.00231841568088514
12,0.05,0,2056.040120716265,0.658480454760138,0.004214473654156901,blind,Weak blind,-0.654062199717931
13,0.05,0,1750.9265251206816,616.025997146382,0.0032234472125588364,blind,Weak blind,-0.8225986045759798
14,0.05,0,920.0624471612973,1014.4437848745147,0.0053731975264069915,blind,Weak blind,-0.4570067555288538
15,0.05,0,2857.66446526238,1226.5274031556328,0.004613286925901427,blind,Weak blind,-0.5862390295095633
16,0.05,0,2143.5904825331527,296.81271226436365,0.0032653811140772853,blind,Weak blind,-0.8154672216915893
17,0.05,0,1119.3916410720558,273.9142798607354,0.004418592346737088,blind,Weak blind,-0.6193492706094842
18,0.05,0,2838.7837699493393,673.9944098845008,0.004058539278618803,blind,Weak blind,-0.6805807848372114
0,0.05,1,5797.32880531362,5606.905152909167,0.011751856372385705,blind,Weak blind,0.6277637254521674
1,0.05,1,4914.514400025248,4397.748889588693,0.00928680122878362,blind,Weak blind,0.20855035813816664
2,0.05,1,2682.667685291264,3372.8209576751688,0.007082202388508599,blind,Weak blind,-0.16636916680914962
3,0.05,1,3045.776103180833,3587.2094996289816,0.008752092572815267,blind,Weak blind,0.11761648317710388
4,0.05,1,4604.449155160051,4317.15864696115,0.009536982987734971,blind,Weak blind,0.25109688610641306
5,0.05,1,6659.4806654295535,4592.174840841501,0.0062050223793661844,blind,Weak blind,-0.31554456612122134
6,0.05,1,4409.381838546833,4735.602763016999,0.006768906171751996,blind,Weak blind,-0.21964909538768582
7,0.05,1,2319.578863315808,3589.7708318014047,0.006313287802981667,blind,Weak blind,-0.29713268072574817
8,0.05,1,2793.868953281548,3939.9813860149006,0.005545359587485238,blind,Weak blind,-0.42772845011826266
9,0.05,1,3199.930924761924,2913.960353228438,0.005482170160723453,blind,Weak blind,-0.4384746001345015
10,0.05,1,2991.7490179179003,1765.783557718445,0.0051763925243162884,blind,Weak blind,-0.490475900365153
11,0.05,1,4799.378920765361,1288.6004947863985,0.0070243159075350555,blind,Weak blind,-0.1762134847644132
12,0.05,1,643.8639911980717,177.99402485211613,0.004472268953176683,blind,Weak blind,-0.6102208943174026
13,0.05,1,2120.0396781350137,76.10439228045288,0.004749636163408504,blind,Weak blind,-0.563051141346334
14,0.05,1,2227.0413421262638,460.9396540335729,0.004150781559274487,blind,Weak blind,-0.6648938347165392
15,0.05,1,3897.070759818307,886.1857899078168,0.004085322871275801,blind,Weak blind,-0.6760259009046355
16,0.05,1,341.10997769172536,12.945212690217886,0.004220337962692137,blind,Weak blind,-0.6530649009214293
17,0.05,1,959.2447797682253,739.2761128139682,0.006163963792936013,blind,Weak blind,-0.32252709075934916
18,0.05,1,2365.2269327924005,170.83571110776393,0.0036330346228799384,blind,Weak blind,-0.7529431577451937
0,0.05,2,8792.144017311744,6510.3818293037475,0.007592749123916166,blind,Weak blind,-0.07954432774748633
1,0.05,2,3504.8408251333167,4885.818961268931,0.012911501131093687,blind,Weak blind,0.8249757778672019
2,0.05,2,2796.3619446030934,2709.1263736391556,0.009055416446379356,blind,Weak blind,0.16920049043696492
3,0.05,2,6291.350600442791,4043.698453015473,0.00705158843979351,blind,Weak blind,-0.17157545055535295
4,0.05,2,2350.931741139968,5176.266959083325,0.004938237535162678,blind,Weak blind,-0.5309771261510499
5,0.05,2,2442.706191159261,4196.138408751285,0.007055246629224497,blind,Weak blind,-0.17095332982364558
6,0.05,2,5301.442767669563,5212.133029496588,0.006441502492103533,blind,Weak blind,-0.2753281739562349
7,0.05,2,4701.139091294375,4901.449267060147,0.005190190555314769,blind,Weak blind,-0.48812937312733895
8,0.05,2,2995.150933293684,3224.72918613645,0.007072877134583338,blind,Weak blind,-0.1679550425284871
9,0.05,2,5336.595309254364,3976.5350577171193,0.005420467166853558,blind,Weak blind,-0.44896796370110964
10,0.05,2,1700.3181206149748,2375.726736912562,0.006322299700369932,blind,Weak blind,-0.2956000951931981
11,0.05,2,2018.1193777150474,689.7429538408178,0.004664687271566201,blind,Weak blind,-0.5774977597480494
12,0.05,2,347.2540607160772,164.48981004452799,0.005055815714885274,blind,Weak blind,-0.5109814904460674
13,0.05,2,2128.1707370014046,587.6576820868067,0.003262384823172492,blind,Weak blind,-0.8159767783247992
14,0.05,2,1001.2003712822334,632.9948537501041,0.004662616569681669,blind,Weak blind,-0.5778499084259283
15,0.05,2,1872.5577315008268,832.1194020174444,0.004780505025480176,blind,Weak blind,-0.5578015064049804
16,0.05,2,235.28948002954712,771.132798470906,0.005553272346376843,blind,Weak blind,-0.42638278679373104
17,0.05,2,704.2159562815796,423.27799437131034,0.0049074646055170534,blind,Weak blind,-0.5362104465870414
18,0.05,2,3074.569552293746,418.6122566140839,0.004828901341904286,blind,Weak blind,-0.549571109277191
0,0.05,3,6046.299344515835,5731.389176168304,0.012724674888032018,blind,Weak blind,0.7932036454425859
1,0.05,3,5053.20107084862,4325.364776494214,0.00897055004640807,blind,Weak blind,0.15476790080662034
2,0.05,3,1470.0393558160868,2914.385512739187,0.010682003224908549,blind,Weak blind,0.4458218562613587
3,0.05,3,2114.1600765360054,4004.4027801332413,0.007863566802940595,blind,Weak blind,-0.033488404233298415
4,0.05,3,5164.5384852977,4777.3619838427985,0.005891407210271911,blind,Weak blind,-0.3688787365222314
5,0.05,3,5661.867007943743,5411.232950533275,0.005737581447176102,blind,Weak blind,-0.39503872580052785
6,0.05,3,4008.8253569533117,4456.657444345939,0.007850555957315616,blind,Weak blind,-0.035701060781857336
7,0.05,3,5604.078320667148,3790.8806650413317,0.005047005860451006,blind,Weak blind,-0.5124797160547405
8,0.05,3,2827.943646484462,3350.249124183145,0.005729690354808813,blind,Weak blind,-0.39638070446240997
9,0.05,3,3822.0427193451324,3716.2513520657085,0.006096641858414705,blind,Weak blind,-0.33397602525398695
10,0.05,3,3354.9711820955854,2923.825186955277,0.004349356616570365,blind,Weak blind,-0.6311236699193605
11,0.05,3,820.0838209733483,362.76224415079923,0.006705635214506138,blind,Weak blind,-0.23040911067945644
12,0.05,3,83.05305236537242,300.46676961763296,0.0038015896531088194,blind,Weak blind,-0.7242782729115388
13,0.05,3,2668.8427210559603,222.65843549766578,0.00408948059108922,blind,Weak blind,-0.6753188288020682
14,0.05,3,3322.5064675424946,1659.9674436483765,0.004773572989811365,blind,Weak blind,-0.5589803855154967
15,0.05,3,4132.1231384715065,1730.082181575417,0.0063396250875065435,blind,Weak blind,-0.29265369705666616
16,0.05,3,525.4066170352744,412.0002913636854,0.005300803019545033,blind,Weak blind,-0.46931834420686236
17,0.05,3,202.1876674280502,350.06732668570476,0.007176167847001427,blind,Weak blind,-0.15038916880860945
18,0.05,3,2035.9754578609136,665.7377759442898,0.004682573461003303,blind,Weak blind,-0.5744559901869081
0,0.05,4,6774.770704355615,5399.1920936906245,0.012996167694154088,blind,Weak blind,0.8393743827388109
1,0.05,4,7757.637163221487,5201.9971489540185,0.010527032231062345,blind,Weak blind,0.4194671062125089
2,0.05,4,3012.31604109623,2633.3237783873337,0.0073598351558497935,blind,Weak blind,-0.11915425254003731
3,0.05,4,983.546627214062,4276.4578381495085,0.007809586046439369,blind,Weak blind,-0.042668505036223436
4,0.05,4,4969.155594457465,3791.8096067475853,0.0064568281809528685,blind,Weak blind,-0.27272184945042754
5,0.05,4,4400.004316630657,4277.571538400429,0.004426834732601405,blind,Weak blind,-0.6179475501076731
6,0.05,4,5207.2703140612575,4570.090888947889,0.00792808302878234,blind,Weak blind,-0.022516615487839668
7,0.05,4,5179.970995448355,4600.288503646385,0.005742268929698126,blind,Weak blind,-0.3942415609430262
8,0.05,4,2623.798139876977,3330.941596647084,0.007229159124196494,blind,Weak blind,-0.14137734130086768
9,0.05,4,3282.4308758556144,2519.3697393401526,0.00699218930457388,blind,Weak blind,-0.18167701422851848
10,0.05,4,355.7777015636675,2285.4834800891695,0.006760814129131739,blind,Weak blind,-0.2210252481460089
11,0.05,4,1328.8063223099452,181.08017671317793,0.007630479752323044,blind,Weak blind,-0.07312776387208039
12,0.05,4,1611.0396208436578,272.9983094825293,0.006663818714961292,blind,Weak blind,-0.23752052789419004
13,0.05,4,3034.3304577522213,1112.1852637958364,0.005579508326284535,blind,Weak blind,-0.421921031238107
14,0.05,4,1305.4083357117488,712.0162125892239,0.0033003469752203103,blind,Weak blind,-0.8095208409670664
15,0.05,4,4176.485759306757,907.4871085172636,0.00445118265635687,blind,Weak blind,-0.6138068820454902
16,0.05,4,1227.2831172329606,18.101244022022,0.002614123563886159,blind,Weak blind,-0.9262216895228207
17,0.05,4,1181.0431177316932,142.66792394116055,0.004997106374655596,blind,Weak blind,-0.5209657458791944
18,0.05,4,333.2258795503294,306.5962962988415,0.005254108754032963,blind,Weak blind,-0.47725928635185827
0,0.05,5,7412.068927676359,5313.49259500613,0.011360434036286848,blind,Weak blind,0.5611974760180322
1,0.05,5,1244.0308619537973,3940.386859379825,0.00790083888848943,blind,Weak blind,-0.027149821289100855
2,0.05,5,2923.1226493740105,2649.818383759586,0.0103015684255682,blind,Weak blind,0.381124174471633
3,0.05,5,1556.1905408165185,3725.4497286383994,0.008777739444141624,blind,Weak blind,0.12197805347207115
4,0.05,5,5076.882681861229,4763.71754266083,0.007053363021055928,blind,Weak blind,-0.17127366088199764
5,0.05,5,2240.0844548247987,4010.6780330879265,0.011724743491741609,blind,Weak blind,0.623152841991043
6,0.05,5,4746.745200910489,4707.763726223144,0.006559905298428497,blind,Weak blind,-0.25519230021412287
7,0.05,5,4628.264792058268,4146.559681936225,0.005091921859160741,blind,Weak blind,-0.5048411903551228
8,0.05,5,4788.641270900727,3206.0348477273947,0.004323544958048628,blind,Weak blind,-0.6355132643318591
9,0.05,5,1420.8842993153958,3327.8348198795575,0.0048722599950863634,blind,Weak blind,-0.5421974296052232
10,0.05,5,1164.7222319919383,2304.801066359156,0.004416110446336898,blind,Weak blind,-0.6197713487227474
11,0.05,5,3506.3236834856216,1646.0441998252645,0.002362608024447588,blind,Weak blind,-0.968995043495652
12,0.05,5,2318.6278823539033,227.30250168626662,0.004550605459555773,blind,Weak blind,-0.596898794522586
13,0.05,5,763.3522408078425,404.2083485191688,0.005177744607301223,blind,Weak blind,-0.49024596179259267
14,0.05,5,821.6766311137471,195.20104897633428,0.006010215202272857,blind,Weak blind,-0.34867395590310424
15,0.05,5,915.4567926597665,1012.8020968735218,0.0041145335032889965,blind,Weak blind,-0.6710582686634646
16,0.05,5,2116.4699299308704,1765.7340052625514,0.0036981766987027763,blind,Weak blind,-0.7418649354058707
17,0.05,5,1695.4878366166959,775.7206620455254,0.005489611606465176,blind,Weak blind,-0.4372090894885557
18,0.05,5,384.85785107902484,509.0130236413097,0.004671782343242867,blind,Weak blind,-0.5762911543312784
0,0.05,6,6984.516419529566,5813.829572247982,0.012566169275777004,blind,Weak blind,0.7662477894553261
1,0.05,6,5967.137512678746,4691.220149038243,0.01077404881117896,blind,Weak blind,0.46147535604896395
2,0.05,6,224.3505241886014,3018.9690237999894,0.01039745192976945,blind,Weak blind,0.39743036006362586
3,0.05,6,4574.176154486428,3699.6105461967527,0.007451295283601584,blind,Weak blind,-0.10360031727440658
4,0.05,6,3545.0080676809303,4337.200430115452,0.00889977573036806,blind,Weak blind,0.14273184578225953
5,0.05,6,3646.257768605661,4564.988762785157,0.007490898717395502,blind,Weak blind,-0.0968652594883625
6,0.05,6,6859.726739559614,5750.76688595803,0.008182883058578061,blind,Weak blind,0.020815307029028087
7,0.05,6,2804.3351539353607,4671.686304621631,0.0053635641507132625,blind,Weak blind,-0.45864503119731115
8,0.05,6,3735.865322768048,3435.881786967744,0.007627034177236794,blind,Weak blind,-0.07371372688308603
9,0.05,6,2419.6836665747105,2822.218493000313,0.0070089479096120165,blind,Weak blind,-0.17882700445581354
10,0.05,6,606.3287299412768,1830.1417414445896,0.005076496757625914,blind,Weak blind,-0.5074644212278107
11,0.05,6,1283.2976345848874,112.15009014605312,0.004580379137638148,blind,Weak blind,-0.5918354092759595
12,0.05,6,2877.8344905471895,167.71006127883447,0.005105975003042873,blind,Weak blind,-0.5024512779900923
13,0.05,6,811.9703146215761,227.84030499804066,0.003894551140981761,blind,Weak blind,-0.7084690126347936
14,0.05,6,428.53929971536854,1251.6775560522801,0.0038323414652757983,blind,Weak blind,-0.7190485437661337
15,0.05,6,431.99897254654206,1074.9427305638092,0.004453150920689231,blind,Weak blind,-0.6134721541507919
16,0.05,6,1547.2560067107552,900.5122531825327,0.0028894424907286455,blind,Weak blind,-0.8794002726849559
17,0.05,6,1060.9064629948698,339.3841264070943,0.004359043589190906,blind,Weak blind,-0.6294762794251253
18,0.05,6,1218.3283394290484,292.5802867349703,0.004125237801627498,blind,Weak blind,-0.6692378692444644
0,0.05,7,6300.074359286053,6470.120587381767,0.011437008587537819,blind,Weak blind,0.5742199333710836
1,0.05,7,1887.871455109329,4439.693293948891,0.008241496382622806,blind,Weak blind,0.030783233712550016
2,0.05,7,1454.480462725449,3348.8247942188755,0.010705989668074574,blind,Weak blind,0.44990105004151143
3,0.05,7,3723.2205535534886,4610.234838034201,0.007663542020801262,blind,Weak blind,-0.06750511281870875
4,0.05,7,7582.590564740356,5444.0307055232115,0.007600670932589767,blind,Weak blind,-0.07819712539467205
5,0.05,7,4513.54059132986,4655.035776545235,0.006379829821297138,blind,Weak blind,-0.285816380707755
6,0.05,7,2417.3675961399567,3512.853097149229,0.004044252837435023,blind,Weak blind,-0.6830103723176904
7,0.05,7,4177.543795732316,3941.4411095103133,0.007348553308265993,blind,Weak blind,-0.12107287141045217
8,0.05,7,3172.2814733044943,3681.839903594053,0.009451818304174665,blind,Weak blind,0.2366135696320493
9,0.05,7,2276.0670821801177,2979.591764511948,0.007932899030510024,blind,Weak blind,-0.021697594336733874
10,0.05,7,2089.213258130534,2647.136835955316,0.0035901238170264467,blind,Weak blind,-0.7602406753941147
11,0.05,7,1105.7910308001447,186.54477574420162,0.004446661311878511,blind,Weak blind,-0.614575793056864
12,0.05,7,2384.822348164802,202.30986592668341,0.004828753636955969,blind,Weak blind,-0.5495962283455874
13,0.05,7,2243.4347768242587,1587.7892177642207,0.0045286506187049,blind,Weak blind,-0.6006324889942188
14,0.05,7,1971.4998166919104,1006.9570045203436,0.006429770896716975,blind,Weak blind,-0.27732327804902923
15,0.05,7,2140.2172063885955,471.8477700438234,0.004453231796466963,blind,Weak blind,-0.6134584002162379
16,0.05,7,1055.1320892930962,378.496524762013,0.006614314311793403,blind,Weak blind,-0.2459393689910083
17,0.05,7,1642.7423199623008,376.2145885300706,0.003376143409991915,blind,Weak blind,-0.79663071202473
18,0.05,7,1480.9027472811285,205.11095995391952,0.0026149191492510376,blind,Weak blind,-0.9260863903102811
0,0.05,8,6651.1031918292865,6177.533976101957,0.012323377134085432,blind,Weak blind,0.724957958053351
1,0.05,8,4335.027517240611,4378.248221260437,0.006470129908321153,blind,Weak blind,-0.2704597248340171
2,0.05,8,4550.42941160372,3392.915950701805,0.01033687649589703,blind,Weak blind,0.38712875213567655
3,0.05,8,5306.732372279919,4140.471975279099,0.00795261914816655,blind,Weak blind,-0.01834394241211997
4,0.05,8,4976.619678007439,4822.72447810811,0.006517145934299352,blind,Weak blind,-0.2624640633092846
5,0.05,8,9242.07830346626,6101.253581324185,0.00910400565497317,blind,Weak blind,0.17746369128364878
6,0.05,8,3704.412856031442,3856.1245211810456,0.006038409944257393,blind,Weak blind,-0.34387908842982917
7,0.05,8,5964.671692400705,5464.185991785256,0.0069460089267912965,blind,Weak blind,-0.18953056335674626
8,0.05,8,4188.74217469478,3437.803907207446,0.006148162168910407,blind,Weak blind,-0.32521435397696796
9,0.05,8,3278.6017048723297,3296.275053046178,0.004547318843942662,blind,Weak blind,-0.5974577244929011
10,0.05,8,1940.779628565535,1154.6907301959,0.004606188088863386,blind,Weak blind,-0.5874462752729915
11,0.05,8,2818.2130727268523,1067.6988761241664,0.006462223121104493,blind,Weak blind,-0.27180437260075546
12,0.05,8,1110.9874716264312,67.4007272037561,0.005579233602543159,blind,Weak blind,-0.42196775143623416
13,0.05,8,1053.1072683895472,1136.200420069741,0.003833272259312481,blind,Weak blind,-0.7188902506328516
14,0.05,8,355.5569199027377,597.1448858692893,0.004207908904472388,blind,Weak blind,-0.655178617266626
15,0.05,8,846.0882933401735,1363.088828425738,0.004215710679870882,blind,Weak blind,-0.6538518280691028
16,0.05,8,2531.7857129719923,244.16176412900677,0.0038038434624995086,blind,Weak blind,-0.72389498451882
17,0.05,8,713.1044454293442,238.93512313149404,0.004986613735670287,blind,Weak blind,-0.5227501499857143
18,0.05,8,29.008111217815895,104.5818699572701,0.006646726121547733,blind,Weak blind,-0.24042733655509343
0,0.05,9,5801.449977863056,5760.226080584631,0.008857009299815852,blind,Weak blind,0.13545888095373498
1,0.05,9,2909.715619171853,4532.207959081978,0.008073335516847874,blind,Weak blind,0.0021853814596649933
2,0.05,9,2006.6071690862882,3664.0689715330373,0.00881870358226668,blind,Weak blind,0.12894451599810888
3,0.05,9,5412.823011906294,4367.02038852399,0.011381750365067557,blind,Weak blind,0.5648225835496533
4,0.05,9,4369.041586013045,4986.530360932462,0.005889594038831251,blind,Weak blind,-0.36918708893663055
5,0.05,9,5273.197247988952,4338.965485959139,0.0074544065488501045,blind,Weak blind,-0.10307120782027351
6,0.05,9,1873.784292929864,3969.2419031665777,0.007975827896245,blind,Weak blind,-0.014397005379753131
7,0.05,9,3244.4029541230993,4347.757744553732,0.008003913022541173,blind,Weak blind,-0.009620779421232127
8,0.05,9,4749.276134791144,4585.214573913603,0.0068737772866451444,blind,Weak blind,-0.20181445451872407
9,0.05,9,5523.433866605337,3849.7524569057277,0.0066258623372079245,blind,Weak blind,-0.24397548326114382
10,0.05,9,460.03724530735053,1022.9567426115391,0.006276582446217403,blind,Weak blind,-0.30337488437281307
11,0.05,9,69.83031133614713,696.7330983162974,0.0038977854753138807,blind,Weak blind,-0.7079189737482775
12,0.05,9,1514.759657506016,554.1753182744142,0.00802639808637136,blind,Weak blind,-0.005796913919891263
13,0.05,9,2884.909282940731,1197.5836468604393,0.006189012394378991,blind,Weak blind,-0.318267263718696
14,0.05,9,1731.3312684617122,821.4977133026114,0.005847447163210125,blind,Weak blind,-0.3763546907230468
15,0.05,9,404.95456965011545,544.9472105879686,0.00513203141575228,blind,Weak blind,-0.4980200600758056
16,0.05,9,1690.7240810269723,753.6442438205122,0.00564735954171396,blind,Weak blind,-0.41038208592471626
17,0.05,9,205.52036717761075,499.9540560558671,0.004805660714374332,blind,Weak blind,-0.5535234678078346
18,0.05,9,555.1303237475222,204.5601780116558,0.002306526949444213,blind,Weak blind,-0.978532329651612
0,0.1,0,13969.698210460308,12071.62630941387,0.021562297706958715,blind,Weak blind,2.296151614208739
1,0.1,0,5428.935775603284,6716.738886166422,0.018100750731510653,blind,Weak blind,1.7074723842696051
2,0.1,0,7564.061224044301,8678.448771477677,0.017873180997809077,blind,Weak blind,1.6687713131753563
3,0.1,0,8525.114249816805,9833.888666148006,0.012599278257246826,blind,Weak blind,0.7718783846354483
4,0.1,0,6406.95615386992,6439.004708131251,0.009881037190509433,blind,Weak blind,0.3096075937706869
5,0.1,0,2297.114514171786,4193.547601764381,0.010971078380831256,blind,Weak blind,0.49498269139955203
6,0.1,0,784.9914511141833,721.7396193311433,0.006879640146607742,blind,Weak blind,-0.20081740207006385
7,0.1,0,1190.8421566238976,2078.490326197294,0.007152136399962282,blind,Weak blind,-0.15447601605860117
8,0.1,0,1296.9277940928587,1543.9119824707159,0.006519526716162714,blind,Weak blind,-0.2620591816641943
9,0.1,0,4310.328917980834,1548.848125714867,0.007550751698122145,blind,Weak blind,-0.08668651372710892
10,0.1,0,7064.716333116929,3480.907976430608,0.007282046585920046,blind,Weak blind,-0.13238316890867408
11,0.1,0,4307.321889803105,3418.09025490575,0.007237798250730353,blind,Weak blind,-0.13990815010069893
12,0.1,0,6763.578806711186,4053.060078719456,0.00707903060593045,blind,Weak blind,-0.16690856798985937
13,0.1,0,1685.4299948521657,4131.851214643044,0.0076554137504158785,blind,Weak blind,-0.06888742656026514
14,0.1,0,7616.708745465847,4688.535301357566,0.007617890405203057,blind,Weak blind,-0.07526873934362399
15,0.1,0,2296.638277011225,5431.189169365389,0.007547123936284984,blind,Weak blind,-0.08730345986704283
16,0.1,0,8894.534210189304,7076.786826623604,0.007333518672021788,blind,Weak blind,-0.1236296987912241
17,0.1,0,8597.355152731005,7606.103159595397,0.003511667025610016,blind,Weak blind,-0.7735832311595299
18,0.1,0,9893.752526739612,7696.163996270625,0.0045909648666887445,blind,Weak blind,-0.59003517404297
0,0.1,1,10641.258325410541,10672.62769020733,0.020280922926447516,blind,Weak blind,2.0782378535679142
1,0.1,1,6875.230199859303,6562.363593939401,0.015289972383124843,blind,Weak blind,1.2294644746865864
2,0.1,1,9609.217493439384,9952.726270582236,0.015289031580292095,blind,Weak blind,1.2293044794327201
3,0.1,1,6835.9478554938105,8526.850224300462,0.010935881842152316,blind,Weak blind,0.4889970810834132
4,0.1,1,7448.312488087744,6253.931737209263,0.011879906888168767,blind,Weak blind,0.6495403124981151
5,0.1,1,5955.224927465664,3272.854040009086,0.009244425480523531,blind,Weak blind,0.20134383370536896
6,0.1,1,1162.1815270647057,368.1259492125828,0.00940970609050488,blind,Weak blind,0.22945186254270591
7,0.1,1,4820.791620042059,2915.4517445581732,0.00657999871739879,blind,Weak blind,-0.25177516374589815
8,0.1,1,1486.1922175843501,800.9625119977864,0.005893448149210655,blind,Weak blind,-0.36853164940443867
9,0.1,1,2209.847013305465,1036.8834863001248,0.00666770723106659,blind,Weak blind,-0.2368592372392578
10,0.1,1,4462.156117414008,2465.068292131298,0.006819033896534684,blind,Weak blind,-0.21112425067722115
11,0.1,1,8401.97407720855,3524.075759222673,0.005921512718554359,blind,Weak blind,-0.363758919412038
12,0.1,1,2451.5169652681216,3657.334978679428,0.006734249963698656,blind,Weak blind,-0.2255428157428198
13,0.1,1,7749.405604388332,5369.819848020386,0.006185874082438611,blind,Weak blind,-0.3188009728000621
14,0.1,1,1916.8588320435374,4746.783759957296,0.007279867273212353,blind,Weak blind,-0.13275378821144856
15,0.1,1,3135.826684274245,5782.997947901487,0.006005110282108223,blind,Weak blind,-0.3495421112373326
16,0.1,1,8341.130469013122,7039.005765623238,0.008059164110590569,blind,Weak blind,-0.00022464289703916994
17,0.1,1,8166.322667258268,6108.327994898078,0.0055772273377042575,blind,Weak blind,-0.4223089417909499
18,0.1,1,8824.296273785643,7041.173925139941,0.004500942457467096,blind,Weak blind,-0.6053446073436711
0,0.1,2,16686.746252222685,12225.464763135533,0.0171977336159708,blind,Weak blind,1.5539030628164272
1,0.1,2,6014.4762583559495,7235.55221158301,0.015886163038471738,blind,Weak blind,1.33085413034512
2,0.1,2,8797.808665669698,8895.986938703863,0.013047427749625272,blind,Weak blind,0.8480917944034346
3,0.1,2,12237.03236429306,9249.707978123683,0.011483333992551156,blind,Weak blind,0.5820981461884438
4,0.1,2,5124.2300712551805,7180.537363256037,0.012964414008459036,blind,Weak blind,0.8339742725062255
5,0.1,2,130.56956489617005,2554.320571710763,0.008202124263473052,blind,Weak blind,0.024087513866324704
6,0.1,2,57.60585363331484,438.9781147270696,0.009305942254855743,blind,Weak blind,0.2118055283173679
7,0.1,2,679.6109096728032,1012.0821720873355,0.009512742812290843,blind,Weak blind,0.24697454198823401
8,0.1,2,1465.522121487942,1564.0193111862172,0.010341240218531842,blind,Weak blind,0.38787085758695283
9,0.1,2,4931.781442394189,1891.146297949832,0.009427969503182615,blind,Weak blind,0.23255778362002946
10,0.1,2,175.46712288766867,2411.102153402462,0.008881333473857549,blind,Weak blind,0.13959551008092402
11,0.1,2,4145.100238490151,2828.1367680843105,0.009272749825539996,blind,Weak blind,0.2061607417904209
12,0.1,2,1810.7173925671377,3801.069965500268,0.006579971612661561,blind,Weak blind,-0.25177977324447
13,0.1,2,2829.052999421663,4698.719501782849,0.009428015503363295,blind,Weak blind,0.23256560652439331
14,0.1,2,4285.374477785663,5545.420102051168,0.007858057651819165,blind,Weak blind,-0.034425304082638795
15,0.1,2,4623.286594187608,5951.2283763511805,0.006208170111692402,blind,Weak blind,-0.31500925498576804
16,0.1,2,7924.282294787117,6475.590569792781,0.005110205205466813,blind,Weak blind,-0.5017318793157208
17,0.1,2,5648.453065210837,6849.555067249166,0.005209320002730218,blind,Weak blind,-0.48487617204309535
18,0.1,2,13426.101811193628,7747.12388055044,0.007469302980740256,blind,Weak blind,-0.10053788381336758
0,0.1,3,10831.080732044356,10571.943637673627,0.022119552306587315,blind,Weak blind,2.390919708045438
1,0.1,3,8504.629975295684,6515.815086440009,0.01834992652567865,blind,Weak blind,1.7498478353816909
2,0.1,3,7717.119925037958,9186.670498856867,0.01486196268322936,blind,Weak blind,1.1566760877809488
3,0.1,3,5542.295652564964,8789.591684445564,0.011723816345978865,blind,Weak blind,0.6229951692922399
4,0.1,3,7482.580087534618,6928.788307365496,0.012862361846550072,blind,Weak blind,0.816619029745605
5,0.1,3,3478.1201203772216,3946.817667910247,0.010093121660919333,blind,Weak blind,0.34567520273525637
6,0.1,3,1683.6513919518911,941.9829084991943,0.009483708267300174,blind,Weak blind,0.24203685554111362
7,0.1,3,1280.4676325261826,2414.069477543817,0.008403338162737212,blind,Weak blind,0.058306446647539964
8,0.1,3,2699.4101345248637,1530.2450189123629,0.008152044235607987,blind,Weak blind,0.015570780611499807
9,0.1,3,3340.6075607274543,1935.2242730715661,0.006707874024436649,blind,Weak blind,-0.23002837313198968
10,0.1,3,2846.198890310421,2936.4696671303245,0.007033418789443323,blind,Weak blind,-0.17466542617962624
11,0.1,3,2501.6668155895313,1851.935596577765,0.00897299922809079,blind,Weak blind,0.15518441469396327
12,0.1,3,1335.4408800034435,2895.420038410346,0.006468515613855006,blind,Weak blind,-0.2707342557388313
13,0.1,3,1449.4744701056625,4635.9037888486055,0.0075399711438049345,blind,Weak blind,-0.08851988142622876
14,0.1,3,1841.9748835576465,4235.408469659102,0.0066684281863312635,blind,Weak blind,-0.23673662980592267
15,0.1,3,1527.817676725157,4725.213857164315,0.006293174048577889,blind,Weak blind,-0.3005532754880274
16,0.1,3,8262.054453679651,6918.474782364676,0.005414098729651041,blind,Weak blind,-0.4500509958641523
17,0.1,3,6785.222802717064,6680.5854075104,0.006902678372275734,blind,Weak blind,-0.19689946450007254
18,0.1,3,8269.853636494023,7357.88859925227,0.005817471859555558,blind,Weak blind,-0.38145236491256945
0,0.1,4,12106.095399339916,10414.37098457123,0.020573983383171134,blind,Weak blind,2.12807643880547
1,0.1,4,12292.583620243415,7895.763971622568,0.014457348872276345,blind,Weak blind,1.08786646354532
2,0.1,4,9840.01730623166,9053.64503203606,0.016618570132098134,blind,Weak blind,1.4554090900021783
3,0.1,4,3894.5284652896225,9014.993002023606,0.013255988503061956,blind,Weak blind,0.8835601513546619
4,0.1,4,7137.11920335918,5818.651657857641,0.011390230940327825,blind,Weak blind,0.5662648111285552
5,0.1,4,904.316598066187,2360.4654624904506,0.008673948591092377,blind,Weak blind,0.1043271246009274
6,0.1,4,444.43426403513877,206.89262280822732,0.006425573963635891,blind,Weak blind,-0.27803701885676707
7,0.1,4,2866.6076708033215,2038.0087952053873,0.008273090632864272,blind,Weak blind,0.036156229958034435
8,0.1,4,1987.9187646373757,1536.015170596016,0.011109445710204148,blind,Weak blind,0.5185137812509112
9,0.1,4,424.3257013364346,140.66293149854755,0.009030609948118846,blind,Weak blind,0.16498183606160632
10,0.1,4,80.26115882024169,2239.188616812404,0.008637850009629681,blind,Weak blind,0.09818811066060548
11,0.1,4,2078.633599510649,3075.2019234828185,0.006800389482757129,blind,Weak blind,-0.21429496574279291
12,0.1,4,2398.6920810520533,4097.741416202625,0.008643609191740183,blind,Weak blind,0.09916753139761579
13,0.1,4,1403.0194623774732,3794.942621199356,0.009390120640267046,blind,Weak blind,0.22612111249199285
14,0.1,4,9412.46367676952,5832.28148714517,0.005667949342606933,blind,Weak blind,-0.40688053352047476
15,0.1,4,1688.9657046551001,5998.140362917155,0.004825576735557961,blind,Weak blind,-0.5501365000454479
16,0.1,4,8352.404646696872,7652.152210511791,0.006796576519517164,blind,Weak blind,-0.21494340769080322
17,0.1,4,5123.420008231595,7067.982146942057,0.0041172141064933524,blind,Weak blind,-0.6706023986604559
18,0.1,4,6869.973962204414,6359.223845883622,0.00468579728693313,blind,Weak blind,-0.5739077383852456
0,0.1,5,11357.050864292309,10133.198275710456,0.02210682914811752,blind,Weak blind,2.388755976285183
1,0.1,5,1744.5500630780007,5984.849824594043,0.016832083242808916,blind,Weak blind,1.491719657065583
2,0.1,5,9444.073426034418,8941.30023136735,0.01458433428573969,blind,Weak blind,1.109461916659582
3,0.1,5,3910.688696862897,8310.825650239305,0.013101345159660624,blind,Weak blind,0.857261122349884
4,0.1,5,7023.9835028970265,6972.673855227884,0.011170142034064481,blind,Weak blind,0.5288359480288478
5,0.1,5,862.6066708859289,2057.272706167656,0.008196914712835398,blind,Weak blind,0.023201564815378682
6,0.1,5,1137.5462455085944,407.31898797425674,0.00793311857706033,blind,Weak blind,-0.021660257708028097
7,0.1,5,360.9879233200336,2252.1353796673357,0.007397035371536293,blind,Weak blind,-0.11282789196217356
8,0.1,5,672.5093104005209,1184.7923492263071,0.010073254430956753,blind,Weak blind,0.34229653252845343
9,0.1,5,1775.1884522571927,1500.359240999387,0.006430550293971488,blind,Weak blind,-0.27719073182652887
10,0.1,5,1727.8880291991518,2709.7441609985544,0.007710012308470784,blind,Weak blind,-0.05960226089892421
11,0.1,5,6205.6507470651995,4571.175249772728,0.008842412984831856,blind,Weak blind,0.13297659556928904
12,0.1,5,5922.3552532728645,4215.660646740114,0.00927605459456092,blind,Weak blind,0.20672275897411446
13,0.1,5,5905.075688357872,5326.314969314088,0.00502144965092411,blind,Weak blind,-0.5168258681801234
14,0.1,5,3506.7832798447926,5531.836871238833,0.005828025371974759,blind,Weak blind,-0.3796576085195022
15,0.1,5,5419.45883845404,5360.36790143518,0.006048185049435108,blind,Weak blind,-0.3422167098952012
16,0.1,5,4546.960106538958,5092.377429049055,0.008082712640960695,blind,Weak blind,0.003780078351237367
17,0.1,5,3230.0752906737616,5922.8098602136015,0.007510397788170454,blind,Weak blind,-0.0935491993424962
18,0.1,5,5498.91731122596,7356.817695838923,0.004329437532963567,blind,Weak blind,-0.6345111584849967
0,0.1,6,12562.911960824276,10840.08614083362,0.02345019057750849,blind,Weak blind,2.6172113395643275
1,0.1,6,7251.491683014436,6680.667852041777,0.016154822455508113,blind,Weak blind,1.3765430144939184
2,0.1,6,4986.496144149045,9148.18471406604,0.01297388602316798,blind,Weak blind,0.8355851067269893
3,0.1,6,10764.529043535178,9154.31897369714,0.012286708815187685,blind,Weak blind,0.7187220531573631
4,0.1,6,4950.91004028602,6460.052910060564,0.009756143928004418,blind,Weak blind,0.2883679370167809
5,0.1,6,262.43549050571164,2584.285210865317,0.007338688735974761,blind,Weak blind,-0.12275046494342166
6,0.1,6,2273.776154364925,698.1510987523361,0.006458638959184346,blind,Weak blind,-0.27241390403109417
7,0.1,6,3935.9536274304846,1722.3048231861903,0.006920647498415816,blind,Weak blind,-0.19384359051833835
8,0.1,6,1060.209193410119,1496.438171027694,0.00893171339876563,blind,Weak blind,0.14816324456774035
9,0.1,6,1296.1516034901142,211.98903860006249,0.009813694116080362,blind,Weak blind,0.29815506417111154
10,0.1,6,192.8039450480719,2336.1449782804702,0.008289046532456988,blind,Weak blind,0.038869729659713456
11,0.1,6,217.92767193884356,2524.4459134556237,0.0068736211765940925,blind,Weak blind,-0.2018410029796552
12,0.1,6,192.54154974746052,3014.692521676072,0.008782490787429523,blind,Weak blind,0.12278607864917704
13,0.1,6,7937.49758308928,5321.097091211937,0.0062625921607817265,blind,Weak blind,-0.30575410687515586
14,0.1,6,6047.699842862203,5183.555891928729,0.0056436547429607655,blind,Weak blind,-0.41101213315290036
15,0.1,6,8335.122511343914,5918.292654303135,0.0073318172585798685,blind,Weak blind,-0.12391904536427402
16,0.1,6,4970.6473252319265,6249.165618903586,0.006549744456935962,blind,Weak blind,-0.25692027801935974
17,0.1,6,9501.3026477971,6815.0282489986275,0.005691879081322144,blind,Weak blind,-0.40281098303930823
18,0.1,6,6322.095883688657,7060.226264416997,0.006868543000717239,blind,Weak blind,-0.2027046101142354
0,0.1,7,11212.60543292592,11418.653138922644,0.020056188659257047,blind,Weak blind,2.04001898891319
1,0.1,7,2646.250184572302,6290.2053716733935,0.019264647323154617,blind,Weak blind,1.9054075138973243
2,0.1,7,6162.839206709177,9304.41524091363,0.015773426686909287,blind,Weak blind,1.3116819078981485
3,0.1,7,9716.456013272807,10142.189241146552,0.0134600970535795,blind,Weak blind,0.9182713556788809
4,0.1,7,9820.243337545136,7793.056468630617,0.009795427447166265,blind,Weak blind,0.2950485893301882
5,0.1,7,1469.595904062735,2765.1953920944943,0.008734538291977532,blind,Weak blind,0.11463115881230736
6,0.1,7,2678.1135455890326,1573.0266663068323,0.00798862225326373,blind,Weak blind,-0.012221165418379289
7,0.1,7,1555.7282200765912,2536.5319502361235,0.008231919809353333,blind,Weak blind,0.029154618004684583
8,0.1,7,1437.38126403786,1116.5350187848671,0.008458460322044357,blind,Weak blind,0.06768065723132445
9,0.1,7,1018.9015340702026,588.105110019038,0.007779618505065153,blind,Weak blind,-0.04776485915317402
10,0.1,7,2326.6075256794575,2869.8045781080727,0.006642393830086869,blind,Weak blind,-0.24116409674328163
11,0.1,7,493.64694757398684,2489.6324255804648,0.00755972181197275,blind,Weak blind,-0.08516103400619401
12,0.1,7,608.7295368239866,4014.2139787611086,0.007205168007659889,blind,Weak blind,-0.14545732984596627
13,0.1,7,1619.8447449533269,3825.8123961227247,0.0069251637180332715,blind,Weak blind,-0.19307555105347
14,0.1,7,5147.85984030331,5884.916312416084,0.00804500398972539,blind,Weak blind,-0.0026327480320790186
15,0.1,7,6735.83871955541,6262.602556306694,0.007918493986086834,blind,Weak blind,-0.024147351777100406
16,0.1,7,5554.389567385486,7312.9390572404955,0.006507001910589485,blind,Weak blind,-0.2641891810408548
17,0.1,7,9343.19772905216,6895.285312250839,0.004364165512129347,blind,Weak blind,-0.62860523255718
18,0.1,7,9482.981933434727,6476.1994762244285,0.004862987380202935,blind,Weak blind,-0.5437743533990689
0,0.1,8,11261.99052085838,11077.964635305107,0.021925277101055865,blind,Weak blind,2.357880786661534
1,0.1,8,5978.524646820209,6548.618962448789,0.01788535869767974,blind,Weak blind,1.67084228289876
2,0.1,8,11206.299624784908,9830.44041366229,0.01648951277539677,blind,Weak blind,1.4334612771023967
3,0.1,8,10434.72815780295,9566.261565848312,0.01209458922660729,blind,Weak blind,0.6860497213173219
4,0.1,8,5635.964426903753,6623.961333787127,0.011094306242120601,blind,Weak blind,0.5159391259085676
5,0.1,8,9210.127421542129,4359.8736147838645,0.008895312791822346,blind,Weak blind,0.1419728674280755
6,0.1,8,2383.847869919089,1538.5769645402324,0.00964072325662383,blind,Weak blind,0.2687392125102797
7,0.1,8,2049.0434955840465,1328.3793876636773,0.010781663245776956,blind,Weak blind,0.4627702856071537
8,0.1,8,767.7331032587099,1581.1449962742045,0.009154617334080802,blind,Weak blind,0.18607083846215872
9,0.1,8,2363.731215275533,818.157058754703,0.006421526084736608,blind,Weak blind,-0.2787254111421292
10,0.1,8,1893.998038325517,974.2226078009116,0.006926472985954721,blind,Weak blind,-0.19285289371637487
11,0.1,8,4447.71634829283,3150.706856889068,0.008148643790006689,blind,Weak blind,0.014992492432191537
12,0.1,8,4900.768550059991,3854.889237061492,0.008282255095060347,blind,Weak blind,0.03771476103869202
13,0.1,8,5287.4690293735475,4416.764992904093,0.006774160235837251,blind,Weak blind,-0.2187555762698762
14,0.1,8,6707.664752856828,5614.68382252357,0.006602856518834798,blind,Weak blind,-0.24788790956651233
15,0.1,8,9273.06732707913,5743.375702315476,0.007264838173972955,blind,Weak blind,-0.13530967395550444
16,0.1,8,9371.846292572329,6696.95571534842,0.0063845193953176215,blind,Weak blind,-0.2850188601648586
17,0.1,8,6520.2179521168,7444.981575755635,0.007221210783005194,blind,Weak blind,-0.14272905583918685
18,0.1,8,4289.65240403777,6580.0125238903565,0.00676380828337736,blind,Weak blind,-0.22051605487833606
0,0.1,9,12061.124943453935,10961.023903398716,0.02035529396015651,blind,Weak blind,2.090885575284278
1,0.1,9,4495.205975447956,6593.683525204193,0.015727590115248147,blind,Weak blind,1.3038868272882613
2,0.1,9,7396.273778705741,9869.695373855124,0.015557036507978213,blind,Weak blind,1.2748820595057844
3,0.1,9,10334.108751384716,9510.114442443184,0.014108981870150738,blind,Weak blind,1.0286223105691894
4,0.1,9,6248.940512443834,7033.913894204656,0.012451378237045582,blind,Weak blind,0.7467261418325665
5,0.1,9,3703.9499627619516,2818.2255714915227,0.008691869986093077,blind,Weak blind,0.10737488130718477
6,0.1,9,2222.981700421893,1081.924060199235,0.009051870550974101,blind,Weak blind,0.16859746670468134
7,0.1,9,2111.762891277729,2212.776672324864,0.008207383330710456,blind,Weak blind,0.02498188383254831
8,0.1,9,1338.1475023984676,17.15249141509412,0.008465667423062652,blind,Weak blind,0.06890631463468648
9,0.1,9,1035.3983189837309,1363.7102616879274,0.006331548240708545,blind,Weak blind,-0.2940272655759166
10,0.1,9,4975.908883789263,532.1041594114504,0.006550287476393603,blind,Weak blind,-0.2568279307889355
11,0.1,9,2690.7053474721615,3116.938010937185,0.005754757156056858,blind,Weak blind,-0.39211778231794714
12,0.1,9,5564.538474333589,4555.732406523137,0.005803622355900416,blind,Weak blind,-0.38380764571753173
13,0.1,9,279.1198420308647,3851.6405659966404,0.009174690986433585,blind,Weak blind,0.18948461337057892
14,0.1,9,4935.09067734878,5418.453246944002,0.0076614319637167095,blind,Weak blind,-0.06786395433912504
15,0.1,9,6438.2518627929385,6366.007403039082,0.0065461840509529355,blind,Weak blind,-0.25752576945634575
16,0.1,9,7374.515697113471,6221.240775370563,0.005198775198980608,blind,Weak blind,-0.48666944741829843
17,0.1,9,6631.138724866032,6334.100316115539,0.004349179774348339,blind,Weak blind,-0.6311537441445035
18,0.1,9,5943.036574729835,6338.044660120213,0.0059487223346975536,blind,Weak blind,-0.3591315848729647
0,0.2,0,28454.178839602624,23738.22338372923,0.033817352060801345,blind,Weak blind,4.380276432115766
1,0.2,0,19134.902777478273,21869.50932525692,0.029392376062065073,blind,Weak blind,3.627754082452132
2,0.2,0,6445.01451185171,10631.161942112085,0.021669888143158518,blind,Weak blind,2.3144487095768342
3,0.2,0,782.1022742413334,416.34701187891187,0.013421065565126735,blind,Weak blind,0.9116335643304687
4,0.2,0,1224.3574766224483,4.633426264161244,0.014922653690211188,blind,Weak blind,1.1669973503573923
5,0.2,0,3446.7288324894034,7666.108267988253,0.013024431868531415,blind,Weak blind,0.8441810580563275
6,0.2,0,10203.606491949118,11415.2878179478,0.016067021209347943,blind,Weak blind,1.3616113176705422
7,0.2,0,14360.25525744236,12663.236243189429,0.014032336553068942,blind,Weak blind,1.0155878186041305
8,0.2,0,15955.660384926596,14340.758945431677,0.009663619144837347,blind,Weak blind,0.27263294382113706
9,0.2,0,19942.679883117205,16497.09349788283,0.009369380356513482,blind,Weak blind,0.2225939686007311
10,0.2,0,21674.92010661756,17394.325404296687,0.012554158223322544,blind,Weak blind,0.7642051602032026
11,0.2,0,17523.630001553916,17655.650973647076,0.01002163632001274,blind,Weak blind,0.33351822906559175
12,0.2,0,24016.07003077137,18098.987551424187,0.007917075764084215,blind,Weak blind,-0.024388538114395862
13,0.2,0,14594.555117090466,18186.362750132743,0.007992653325813276,blind,Weak blind,-0.011535631262371369
14,0.2,0,24198.934425478743,20282.065039864916,0.010972995287719237,blind,Weak blind,0.49530868532038724
15,0.2,0,17055.251681609137,20963.62517923658,0.007807148537348287,blind,Weak blind,-0.04308303385379697
16,0.2,0,22737.911962284066,23152.1702497332,0.007752340587704934,blind,Weak blind,-0.052403809165943546
17,0.2,0,30641.24575829215,24802.625297752093,0.006864950077674873,blind,Weak blind,-0.2033156314826618
18,0.2,0,25417.80389336683,24332.81949700811,0.005233899224678689,blind,Weak blind,-0.48069616883881816
0,0.2,1,22643.09788744396,22266.351994798053,0.03571122410477962,blind,Weak blind,4.7023529904753625
1,0.2,1,21874.372521799523,21984.021493856504,0.028147788083199596,blind,Weak blind,3.4160963761761116
2,0.2,1,11653.157026502537,12556.39283982286,0.020859353617239878,blind,Weak blind,2.1766072057806585
3,0.2,1,3819.061261319148,1592.2416099131224,0.01599235417396814,blind,Weak blind,1.3489132571788074
4,0.2,1,1372.904764274892,258.93316970887827,0.013448093565254997,blind,Weak blind,0.9162300128013842
5,0.2,1,11714.704064459307,7451.773588829965,0.014073728468476682,blind,Weak blind,1.0226270299916285
6,0.2,1,10080.835182753275,10084.57308808784,0.011132230196493594,blind,Weak blind,0.5223885672753572
7,0.2,1,9667.831694339053,10968.466756254144,0.013713707455770533,blind,Weak blind,0.9614009671864777
8,0.2,1,15241.233188095153,15167.75644993066,0.010501997538431044,blind,Weak blind,0.4152096445387294
9,0.2,1,18038.141432951496,16082.106898163911,0.010696678106998172,blind,Weak blind,0.44831750296187717
10,0.2,1,21116.089782468218,16707.71473199647,0.009768909788320526,blind,Weak blind,0.2905389307585094
11,0.2,1,20482.457254626963,17531.686597707856,0.010433644165016302,blind,Weak blind,0.40358530099784073
12,0.2,1,13940.398775266192,17020.784784305608,0.007812197587599756,blind,Weak blind,-0.04222437989502066
13,0.2,1,23201.534732162545,20322.236502162123,0.007641322728062587,blind,Weak blind,-0.07128378063167487
14,0.2,1,15994.283553439775,19834.792452784954,0.012705718775172261,blind,Weak blind,0.7899799220610835
15,0.2,1,19302.291036681097,21478.68671434786,0.007132413945264843,blind,Weak blind,-0.15783006542616612
16,0.2,1,25804.219163830276,23695.851200403587,0.010537345561775038,blind,Weak blind,0.4212210167112303
17,0.2,1,25706.24933635193,23464.34734273766,0.007271070792095255,blind,Weak blind,-0.13424973952076655
18,0.2,1,29727.693343707593,25340.042736857315,0.007548144993788097,blind,Weak blind,-0.0871298163056758
0,0.2,2,33014.617718732916,24893.643008783984,0.035835024097934376,blind,Weak blind,4.723406723142785
1,0.2,2,22508.960291483672,23256.702705797623,0.024724039764510052,blind,Weak blind,2.833845279181918
2,0.2,2,11463.921382642235,11542.525488625397,0.021365911288508302,blind,Weak blind,2.262753654740363
3,0.2,2,3146.38901407714,970.7184195690206,0.018414647618502523,blind,Weak blind,1.7608544643122273
4,0.2,2,2871.4513657302014,705.1681057996466,0.016989156257897018,blind,Weak blind,1.5184318820395957
5,0.2,2,1947.3920061958488,5971.811208474857,0.013740539463467935,blind,Weak blind,0.9659640847004277
6,0.2,2,10436.904595457949,10216.740566818742,0.01666751570142258,blind,Weak blind,1.4637328944350558
7,0.2,2,13975.040500848438,13456.58152965299,0.013499873965130714,blind,Weak blind,0.9250359155208848
8,0.2,2,13462.636150568607,13751.037505645712,0.011867163187845036,blind,Weak blind,0.6473730873394337
9,0.2,2,23497.73396487377,17366.010505475337,0.010747026376833125,blind,Weak blind,0.4568798541087576
10,0.2,2,13558.537266039697,16776.078814516834,0.009188412176952706,blind,Weak blind,0.19181807292664885
11,0.2,2,18518.057371494477,16963.799730795436,0.009341776257334901,blind,Weak blind,0.21789954730214192
12,0.2,2,16074.526611456124,17337.398557942885,0.006991307297915481,blind,Weak blind,-0.18182701045972677
13,0.2,2,14902.396577011386,18897.40574030968,0.011121910324390421,blind,Weak blind,0.5206335443316112
14,0.2,2,20469.225330021523,21124.066821094893,0.00953061135029394,blind,Weak blind,0.25001330970290275
15,0.2,2,19385.475767311815,21620.372423258726,0.010237686577564378,blind,Weak blind,0.37026026958843816
16,0.2,2,27028.56047173828,22885.98663239577,0.009744293786734325,blind,Weak blind,0.2863526727181805
17,0.2,2,19934.221981139388,23522.19756697712,0.00681436225028949,blind,Weak blind,-0.21191872237836365
18,0.2,2,33298.58300835523,25872.536671419395,0.006285453350950543,blind,Weak blind,-0.3018662763994972
0,0.2,3,20980.298925233423,21406.753071851854,0.03648993272548222,blind,Weak blind,4.834782102208805
1,0.2,3,26774.217903296172,22558.5466587423,0.0247009170446387,blind,Weak blind,2.829912972318972
2,0.2,3,10374.181241423357,11796.97922557121,0.019751456272413308,blind,Weak blind,1.9881954464054454
3,0.2,3,7018.585792824335,1699.24673367996,0.020562484264918173,blind,Weak blind,2.126120870348319
4,0.2,3,3977.591014437261,1367.5373141297605,0.013351281981640655,blind,Weak blind,0.8997659957317033
5,0.2,3,6819.676553607802,7866.409444967576,0.014802381514028453,blind,Weak blind,1.1465435669592365
6,0.2,3,7174.339176294161,9306.668781119166,0.012936086542888976,blind,Weak blind,0.8291568337321202
7,0.2,3,12225.14563447528,11609.04471745214,0.014670405383747556,blind,Weak blind,1.1240993802140749
8,0.2,3,12803.989638916159,13479.442291365995,0.011211344173661555,blind,Weak blind,0.5358428856731682
9,0.2,3,20985.3644178182,17382.401104847202,0.011086069092124543,blind,Weak blind,0.5145382958314473
10,0.2,3,17182.652142845327,16892.114866189833,0.008683227575188903,blind,Weak blind,0.10590513155888684
11,0.2,3,16971.281912958308,15517.13217682665,0.011134985937957143,blind,Weak blind,0.5228572154763435
12,0.2,3,11770.96475780406,16322.76308584219,0.00890389902504012,blind,Weak blind,0.14343306346024493
13,0.2,3,13708.000243710936,18825.107840097917,0.008107289138708385,blind,Weak blind,0.007959618271200045
14,0.2,3,14642.212842701585,18794.157309125643,0.0073678913290407735,blind,Weak blind,-0.11778419982546783
15,0.2,3,14090.827400324983,19607.62384446425,0.010033868609056808,blind,Weak blind,0.33559848235867973
16,0.2,3,28348.838567685278,24057.40447761235,0.00706748187692877,blind,Weak blind,-0.1688725733734942
17,0.2,3,24707.845057695464,24035.138258391,0.00601028713975774,blind,Weak blind,-0.348661722036713
18,0.2,3,26232.270445740956,25323.786401740916,0.00616150282008896,blind,Weak blind,-0.3229456098812271
0,0.2,4,24157.66984463064,22037.614531025,0.036408698682081554,blind,Weak blind,4.820967240110117
1,0.2,4,31559.43237320549,24406.881382611115,0.028174052148825613,blind,Weak blind,3.420562908058376
2,0.2,4,13681.940011399565,11789.278059922042,0.021116717978378833,blind,Weak blind,2.2203752248205983
3,0.2,4,8156.91317623097,1374.6725118271424,0.012684782694800856,blind,Weak blind,0.786419480513302
4,0.2,4,2495.322267776588,272.1631784540368,0.013623323763826902,blind,Weak blind,0.9460300932535752
5,0.2,4,3139.3558876895695,6090.90697655431,0.018602313370978275,blind,Weak blind,1.7927693657816992
6,0.2,4,10886.887143531989,10465.813289344078,0.018344946793996533,blind,Weak blind,1.749000969910061
7,0.2,4,9816.768669193785,12326.741571013466,0.013872176644380807,blind,Weak blind,0.9883506288787333
8,0.2,4,13510.472443010134,13974.226478048426,0.012939536791349564,blind,Weak blind,0.8297435915087107
9,0.2,4,15114.127602980996,15300.243008484133,0.007429455513084944,blind,Weak blind,-0.10731444260073383
10,0.2,4,12720.669150070287,16693.47744414152,0.008057874238855433,blind,Weak blind,-0.00044400167077396775
11,0.2,4,17712.614861835027,17058.688845083292,0.008652953616186164,blind,Weak blind,0.10075666730306534
12,0.2,4,14427.718497640803,17171.08099773497,0.011623018783268282,blind,Weak blind,0.6058532867706176
13,0.2,4,13087.213385864045,17214.59952395357,0.006180830306823311,blind,Weak blind,-0.3196587297411812
14,0.2,4,25108.8132084572,20750.18356594356,0.006802912579530567,blind,Weak blind,-0.2138658816725248
15,0.2,4,17328.487177107483,21670.597564515076,0.006408238732987579,blind,Weak blind,-0.2809850910052159
16,0.2,4,26845.613427778357,23401.485676509794,0.009788151633454907,blind,Weak blind,0.2938112464764982
17,0.2,4,19708.82970789564,22659.027466492902,0.007680454922524695,blind,Weak blind,-0.0646288629705327
18,0.2,4,21701.376685190597,23525.674740894407,0.006829500812244909,blind,Weak blind,-0.20934422113440795
0,0.2,5,20926.92074659519,20976.579885343264,0.03611796267024613,blind,Weak blind,4.771523955712482
1,0.2,5,13827.53518641321,20965.341923907283,0.027709789589742365,blind,Weak blind,3.341609270361369
2,0.2,5,13199.624979285349,11976.713110558689,0.017952461878149084,blind,Weak blind,1.6822540155389176
3,0.2,5,10892.073560495337,2093.032191716542,0.012932627329045689,blind,Weak blind,0.8285685512804
4,0.2,5,1207.1240088108461,812.2250062256353,0.011424836719004045,blind,Weak blind,0.5721499553392368
5,0.2,5,3784.1645533271367,6048.456206681847,0.015784226510630973,blind,Weak blind,1.3135185525997963
6,0.2,5,6949.287141765526,9698.97874621913,0.014538896332936237,blind,Weak blind,1.101734626157368
7,0.2,5,12627.095125579624,12194.764245448052,0.01291344476166202,blind,Weak blind,0.825306316483135
8,0.2,5,13456.17427568871,13263.689782868954,0.010059601958740387,blind,Weak blind,0.33997475937670946
9,0.2,5,12078.983333507495,16322.903395777103,0.01121387923986025,blind,Weak blind,0.5362740052934641
10,0.2,5,18632.733186862897,17559.83403831499,0.010364830993496712,blind,Weak blind,0.39188276305537123
11,0.2,5,21032.736924460856,19114.03926203656,0.00788792768123555,blind,Weak blind,-0.029345533090127256
12,0.2,5,17288.378503982618,18014.539581698307,0.006514359685937311,blind,Weak blind,-0.26293789958879166
13,0.2,5,20941.052044426673,19443.0390859748,0.009853899908988061,blind,Weak blind,0.304992560636094
14,0.2,5,14998.387446469802,19838.12431769824,0.008218630362005661,blind,Weak blind,0.026894581758915636
15,0.2,5,23670.954188937903,21615.855773714953,0.007015513270365093,blind,Weak blind,-0.17771048298728903
16,0.2,5,18734.150948090828,21237.590260932804,0.009179794253001932,blind,Weak blind,0.19035248749013772
17,0.2,5,16790.91249447089,22542.313734575175,0.0071263042147821695,blind,Weak blind,-0.15886910128533144
18,0.2,5,23176.95042095479,24919.81057398423,0.008160943731468296,blind,Weak blind,0.017084250862532627
0,0.2,6,25126.689509110118,22051.613046871847,0.03884893787926204,blind,Weak blind,5.235960346271143
1,0.2,6,21975.52749135095,21916.541842821694,0.028274839797309558,blind,Weak blind,3.4377031045421242
2,0.2,6,5882.4978604979115,11741.09241838759,0.016367451607167544,blind,Weak blind,1.412703253297346
3,0.2,6,1212.9557416416355,570.2316479351139,0.014089313805747176,blind,Weak blind,1.0252775109493653
4,0.2,6,6325.5202519414015,276.3378333070432,0.018224188784956886,blind,Weak blind,1.728464564576073
5,0.2,6,4284.718931184616,5862.646834051062,0.017364216135652,blind,Weak blind,1.5822154913864799
6,0.2,6,13738.248741660325,11299.602560169238,0.011220799364123336,blind,Weak blind,0.5374508587208973
7,0.2,6,8541.956019700214,12470.02643274184,0.014205452782059555,blind,Weak blind,1.0450283921670442
8,0.2,6,17907.263331562222,14347.510606245312,0.010608824053685706,blind,Weak blind,0.43337682562372853
9,0.2,6,11387.201210641244,14721.278832608834,0.009120794627799307,blind,Weak blind,0.1803188654774008
10,0.2,6,15300.501936039655,16738.33929086919,0.009652524712554296,blind,Weak blind,0.2707461972597523
11,0.2,6,15160.248445724603,16775.89615598612,0.007585171126701462,blind,Weak blind,-0.08083306067425974
12,0.2,6,10329.006207170838,16205.83139023761,0.005102565519304548,blind,Weak blind,-0.5030311032173108
13,0.2,6,23577.242561913794,20086.473165311443,0.008784011669717467,blind,Weak blind,0.12304472364820349
14,0.2,6,25125.59225848154,20261.880728562362,0.006545599193392655,blind,Weak blind,-0.25762523177786034
15,0.2,6,23961.544805109093,21842.072451130894,0.00858632645432094,blind,Weak blind,0.08942588756266526
16,0.2,6,21242.633809868596,22594.58490460558,0.008850255436837366,blind,Weak blind,0.13431030233108762
17,0.2,6,30475.973934498033,24257.90427448688,0.009899092507428294,blind,Weak blind,0.3126781255691832
18,0.2,6,26408.70647516474,24585.52588489582,0.008819616308461911,blind,Weak blind,0.12909973646963935
0,0.2,7,22025.155762292212,22489.887792001013,0.033093528382866694,blind,Weak blind,4.257181189335439
1,0.2,7,14450.039748583164,20914.973642999597,0.03247688680300356,blind,Weak blind,4.152313598932368
2,0.2,7,6697.20814007998,11953.003452508361,0.02117165991518955,blind,Weak blind,2.2297187863214245
3,0.2,7,967.3083390664542,363.8582510360284,0.013850518260834924,blind,Weak blind,0.9846673506687454
4,0.2,7,5730.97974266106,1116.7445597807528,0.01379148838948651,blind,Weak blind,0.9746285849217365
5,0.2,7,2460.9496052539325,6014.724644179398,0.01454470592086153,blind,Weak blind,1.1027226190317625
6,0.2,7,6826.089298233157,8442.851562606811,0.015093168824397757,blind,Weak blind,1.1959955753122695
7,0.2,7,14830.234062705189,12614.215228659916,0.014937650611136907,blind,Weak blind,1.1695477637779317
8,0.2,7,14339.909775915148,14934.13994675636,0.010791676493152677,blind,Weak blind,0.46447316319227333
9,0.2,7,14546.062470644654,15520.570856562757,0.010565568324627825,blind,Weak blind,0.42602064948258195
10,0.2,7,16319.617507137242,16957.204951553897,0.007511968572415061,blind,Weak blind,-0.0932820678934434
11,0.2,7,13650.59921630018,16384.223725887365,0.006306727715412913,blind,Weak blind,-0.2982483054235201
12,0.2,7,13908.449620103056,17716.24016731378,0.0069402023063276155,blind,Weak blind,-0.1905180515772885
13,0.2,7,10460.904383366695,17336.4666114187,0.009796677095803178,blind,Weak blind,0.2952611076644735
14,0.2,7,21558.94151390152,20909.87274815736,0.009036130891269452,blind,Weak blind,0.16592074129255902
15,0.2,7,21406.91966237797,21643.5253339599,0.007731227129856173,blind,Weak blind,-0.05599441596571182
16,0.2,7,17503.477655133,23244.044272363884,0.0067220665079742595,blind,Weak blind,-0.22761476432092825
17,0.2,7,25483.70782300725,23478.75926088268,0.008409311866516408,blind,Weak blind,0.05932234946947589
18,0.2,7,26639.00937157753,23869.642188444035,0.010384109946437809,blind,Weak blind,0.39516138941864015
0,0.2,8,20891.721413942927,22062.674553663062,0.035499994481390504,blind,Weak blind,4.666430758906934
1,0.2,8,22261.137221599056,22468.194812357193,0.029035366542525063,blind,Weak blind,3.5670401616143104
2,0.2,8,15835.062902816688,12621.587300997518,0.019108534983044528,blind,Weak blind,1.878858663683293
3,0.2,8,2622.5035968329175,1240.6864121954422,0.016981977322955467,blind,Weak blind,1.5172110146288253
4,0.2,8,1062.408987669798,167.8379968322697,0.01700740287988938,blind,Weak blind,1.521534947651486
5,0.2,8,15809.166026086896,8704.7343282277,0.013644190709949332,blind,Weak blind,0.9495787776601889
6,0.2,8,7096.975138343172,8497.575371296203,0.013943067418926976,blind,Weak blind,1.0004064891243467
7,0.2,8,9022.889938264387,12398.537093276507,0.011724150332012582,blind,Weak blind,0.623051967782202
8,0.2,8,16506.231359159283,13999.012899314985,0.011432548317544073,blind,Weak blind,0.5734614088374395
9,0.2,8,14964.934298687323,15536.484230192145,0.011861877473965284,blind,Weak blind,0.6464741857793851
10,0.2,8,10551.435676090943,15053.857908337435,0.009995363828293243,blind,Weak blind,0.32905026422105454
11,0.2,8,17057.841110778507,16617.073050105653,0.012693001005264902,blind,Weak blind,0.7878171066930678
12,0.2,8,16921.909730444604,17755.81555348169,0.007638400585862134,blind,Weak blind,-0.07178072735305005
13,0.2,8,20554.767681492434,19026.05531605496,0.007250846473506273,blind,Weak blind,-0.13768913710151565
14,0.2,8,23750.72610029514,21104.778100355237,0.007046777050019753,blind,Weak blind,-0.1723936873861808
15,0.2,8,29446.020483987173,21135.012324881856,0.008830330472617044,blind,Weak blind,0.13092181369378808
16,0.2,8,22569.61846680875,22644.737734742113,0.005473412851660292,blind,Weak blind,-0.4399638897475577
17,0.2,8,25776.23176998453,24553.706462818314,0.007279801889938387,blind,Weak blind,-0.13276490745253997
18,0.2,8,20616.493522519362,24263.893015829555,0.006757925105222108,blind,Weak blind,-0.2215165626890326
0,0.2,9,25519.241535664652,22589.330106291396,0.035626261285077836,blind,Weak blind,4.687904003467457
1,0.2,9,18606.567333253683,21890.245352575614,0.02898593804595664,blind,Weak blind,3.5586342293813145
2,0.2,9,8720.162199591345,12484.780627887987,0.018921067579892863,blind,Weak blind,1.8469774939898709
3,0.2,9,612.7511139524286,307.97312549559865,0.015930485607585768,blind,Weak blind,1.3383917359417028
4,0.2,9,492.5672574886703,332.0423301262781,0.01457806109849276,blind,Weak blind,1.108395082939289
5,0.2,9,9901.969132237951,6880.411010842712,0.012523075353241556,blind,Weak blind,0.7589191305311062
6,0.2,9,4610.468289735494,8972.273990493035,0.013331253002235428,blind,Weak blind,0.8963598180151032
7,0.2,9,12020.090627407597,11988.597729146306,0.01190584348786057,blind,Weak blind,0.6539511547146458
8,0.2,9,18128.507552772586,15693.460448960483,0.010253540719071285,blind,Weak blind,0.3729564640586647
9,0.2,9,16658.007174684724,16238.92803709436,0.008908795667636702,blind,Weak blind,0.144265798596728
10,0.2,9,6799.0799909528,14216.00183083082,0.011569724071512551,blind,Weak blind,0.5967898564318942
11,0.2,9,17074.995402123837,17187.18706505734,0.012101682198941024,blind,Weak blind,0.6872559697146478
12,0.2,9,16769.185614286922,18462.99361895176,0.009478683645127451,blind,Weak blind,0.24118235588175527
13,0.2,9,12470.856704868784,17883.05633195321,0.007992332205191008,blind,Weak blind,-0.011590241828680405
14,0.2,9,20920.01072548161,20610.538484745775,0.004915377025547676,blind,Weak blind,-0.5348648408900455
15,0.2,9,23036.451060129737,22436.08819307806,0.009506033473361618,blind,Weak blind,0.24583353523539458
16,0.2,9,23618.038483485172,22340.585479475034,0.004607956229032699,blind,Weak blind,-0.5871455809878415
17,0.2,9,23085.615368283645,22944.212211728795,0.007760555154954514,blind,Weak blind,-0.051006819566476944
18,0.2,9,21459.421548179816,23696.529710375413,0.008020754328209834,blind,Weak blind,-0.006756705374999256
0,0.0,0,2049.417521397874,2175.40706798929,0.005900108016084035,coarse,Coarse score,-0.7396083659827807
1,0.0,0,2295.996578399092,2026.9148217152688,0.004591573231176567,coarse,Coarse score,-0.7651200064570784
2,0.0,0,2587.2721947478713,1467.119756124972,0.013080097545491148,coarse,Coarse score,-0.5996248412067016
3,0.0,0,946.5881975372322,2016.3943652468733,0.009283382296760479,coarse,Coarse score,-0.6736468966584027
4,0.0,0,1701.5294846086763,1363.747726705973,0.0037001066840423973,coarse,Coarse score,-0.7825003423164408
5,0.0,0,2132.997371008212,2586.1994629488327,0.0028272129339398746,coarse,Coarse score,-0.7995185765901685
6,0.0,0,2708.2944734993507,2686.171513940557,0.010998430611567068,coarse,Coarse score,-0.6402097297538257
7,0.0,0,1546.4552850716282,1168.5679203081527,0.0111689781224369,coarse,Coarse score,-0.6368846773125142
8,0.0,0,179.12999457644764,857.6898012722959,0.004455468626513634,coarse,Coarse score,-0.7677735482513859
9,0.0,0,3554.135794415255,2535.2497075904394,0.0059240865266428884,coarse,Coarse score,-0.7391408727624686
10,0.0,0,3526.3141843648045,1906.9641728828428,0.005491089802423713,coarse,Coarse score,-0.747582724581952
11,0.0,0,2277.3430644413456,1218.035674598068,0.006177536029406714,coarse,Coarse score,-0.7341995348114433
12,0.0,0,2259.4079031787696,1288.5040057415608,0.0023963253093799456,coarse,Coarse score,-0.8079193086833352
13,0.0,0,1608.4876721925102,1350.6962754435954,0.006741827657670727,coarse,Coarse score,-0.7231979127613687
14,0.0,0,2359.1106116459705,1452.9557517949142,0.008070212576550799,coarse,Coarse score,-0.6972992673047682
15,0.0,0,109.0919032752281,1139.8157495020423,0.005747126177919001,coarse,Coarse score,-0.7425909520778378
16,0.0,0,2983.468130055815,2391.138524108217,0.003210743296683006,coarse,Coarse score,-0.7920411378257327
17,0.0,0,1088.4078666436253,1739.3637044834904,0.005456590876475926,coarse,Coarse score,-0.7482553274089312
18,0.0,0,2421.268299339863,1958.608102703467,0.002760736381274213,coarse,Coarse score,-0.8008146261343898
0,0.0,1,1469.473424712778,1073.5751101236674,0.009182280124768927,coarse,Coarse score,-0.6756180190869147
1,0.0,1,1821.5300053723622,1485.434142846032,0.012968337992508022,coarse,Coarse score,-0.6018037435699851
2,0.0,1,915.8334974957397,1525.433097880974,0.003782003831216282,coarse,Coarse score,-0.780903647602117
3,0.0,1,2493.9229415628943,1376.443759797723,0.006314689293473254,coarse,Coarse score,-0.7315255479957322
4,0.0,1,1037.3225025477586,1119.8270500552026,0.007218824500607322,coarse,Coarse score,-0.7138982196200558
5,0.0,1,1817.2913545828196,913.8246782959905,0.004646155402124818,coarse,Coarse score,-0.764055853835689
6,0.0,1,670.8688557560672,1202.592844599043,0.005495741116237887,coarse,Coarse score,-0.7474920409813868
7,0.0,1,535.8798803085228,1238.0183386618155,0.0011185967556448758,coarse,Coarse score,-0.8328303403674784
8,0.0,1,624.6150857666507,1803.611657280766,0.002302294673894402,coarse,Coarse score,-0.8097525620242056
9,0.0,1,2209.3437926530605,1923.8817785187275,0.012577204079724699,coarse,Coarse score,-0.6094294237393809
10,0.0,1,1360.4077167546493,1179.2699195637833,0.0027351560866687168,coarse,Coarse score,-0.8013133482828027
11,0.0,1,5231.737013291509,1993.1497378033819,0.004280643157651938,coarse,Coarse score,-0.7711820052208087
12,0.0,1,1481.2662535221898,1417.51927658997,0.0030662547291501635,coarse,Coarse score,-0.7948581362197072
13,0.0,1,1529.3775170851732,1672.796722177125,0.0031214548320740924,coarse,Coarse score,-0.7937819361857592
14,0.0,1,1918.9397905229125,2323.7769142716425,0.009059416149132998,coarse,Coarse score,-0.6780134170616718
15,0.0,1,42.81658424407942,1316.3795614570263,0.007145274108012971,coarse,Coarse score,-0.7153321831602326
16,0.0,1,760.3289182653534,1395.3681229301146,0.002641061505738583,coarse,Coarse score,-0.803147848325871
17,0.0,1,2185.3977194229956,989.0102007683017,0.004009942456002816,coarse,Coarse score,-0.7764596784292447
18,0.0,1,3562.7873673359863,1521.0206856499426,0.004511010594609491,coarse,Coarse score,-0.7666906830974446
0,0.0,2,1646.072852475394,1283.339518240944,0.003421198740672995,coarse,Coarse score,-0.7879380267087355
1,0.0,2,177.18241904873867,1749.806555279065,0.0038928712124139263,coarse,Coarse score,-0.7787421393242601
2,0.0,2,1996.314441895811,1292.6689479011693,0.005594210593598078,coarse,Coarse score,-0.7455722464653527
3,0.0,2,2605.5652125594206,1447.76020547183,0.007917906811850506,coarse,Coarse score,-0.7002686724409655
4,0.0,2,1527.5154998683138,1808.3968696091324,0.007188342215863599,coarse,Coarse score,-0.7144925126401469
5,0.0,2,585.546079584572,1076.9321862016222,0.005135296443813072,coarse,Coarse score,-0.7545193932534381
6,0.0,2,2252.118816794886,1764.1176046176115,0.004061181008424999,coarse,Coarse score,-0.7754607141350622
7,0.0,2,1413.0297503535985,1866.4213839132572,0.0066062872022582975,coarse,Coarse score,-0.7258404557094716
8,0.0,2,1121.3590509177302,1184.89511502604,0.0071450553228588004,coarse,Coarse score,-0.7153364486702204
9,0.0,2,2396.9354133732268,2193.1417972640484,0.005598018101891153,coarse,Coarse score,-0.7454980139850271
10,0.0,2,973.9201841524919,2019.7159168109647,0.005155802569173894,coarse,Coarse score,-0.7541195988392887
11,0.0,2,2390.304161881504,1286.753375538974,0.002445793683772526,coarse,Coarse score,-0.8069548563837803
12,0.0,2,1000.1929883282282,1241.7858614308643,0.004259649223573289,coarse,Coarse score,-0.7715913101201
13,0.0,2,596.4639072483405,1487.8294050110853,0.006989470060137773,coarse,Coarse score,-0.7183697920183826
14,0.0,2,1515.7099558329792,1744.9352547771414,0.004985194852538808,coarse,Coarse score,-0.7574458250727343
15,0.0,2,1607.078535759123,1613.5170430380385,0.005703524916892384,coarse,Coarse score,-0.7434410171340875
16,0.0,2,793.1871216550935,1032.7078001888003,0.004553762595663358,coarse,Coarse score,-0.7658571755032845
17,0.0,2,1930.5375011810102,1400.4704726567725,0.006331674059076313,coarse,Coarse score,-0.7311944072124658
18,0.0,2,2818.860144956736,1456.012847842183,0.0014627637508658109,coarse,Coarse score,-0.8261203432420929
0,0.0,3,2042.4497558940784,1491.639023684198,0.0024721204887297064,coarse,Coarse score,-0.8064415800149354
1,0.0,3,420.5050495391479,989.6573590316111,0.003769809919536535,coarse,Coarse score,-0.7811413842632566
2,0.0,3,509.43766935914755,1496.1859140096349,0.003037112893634359,coarse,Coarse score,-0.795426295384458
3,0.0,3,1250.522825463675,1927.3552561536198,0.007869070675238888,coarse,Coarse score,-0.7012207984171025
4,0.0,3,1784.6456041452475,1688.411985191342,0.003045529906941368,coarse,Coarse score,-0.7952621944221966
5,0.0,3,833.2143803890795,1736.5654001784278,0.007395626135013722,coarse,Coarse score,-0.7104512346531537
6,0.0,3,1981.8374143371475,1619.4182541503105,0.0027930218760445573,coarse,Coarse score,-0.8001851771165908
7,0.0,3,2289.950420524867,901.0054597775452,0.004878543979846135,coarse,Coarse score,-0.7595251268626351
8,0.0,3,577.8963016371126,1312.9312984521384,0.0024792832299476457,coarse,Coarse score,-0.8063019327691227
9,0.0,3,717.5523659592727,1983.061617110623,0.0065990180301668065,coarse,Coarse score,-0.725982177967896
10,0.0,3,3228.551554543141,2466.1945245948737,0.0014169305475398527,coarse,Coarse score,-0.8270139230066691
11,0.0,3,1215.994656326482,218.51711321651237,0.0070999532144056365,coarse,Coarse score,-0.7162157747597987
12,0.0,3,3206.768818167562,1937.4812674759305,0.00413707897922769,coarse,Coarse score,-0.7739809814094367
13,0.0,3,2224.856654913805,2417.038064952765,0.003373547013367457,coarse,Coarse score,-0.7888670610370695
14,0.0,3,961.1245566843427,978.7699930969975,0.006456692318280802,coarse,Coarse score,-0.728757008590485
15,0.0,3,1044.4334279960021,695.3469263896695,0.00250281168062459,coarse,Coarse score,-0.8058432140697722
16,0.0,3,1831.3525622792658,1088.866663730878,0.0030856571608071587,coarse,Coarse score,-0.7944798597944494
17,0.0,3,731.4499787535169,1097.1168808952207,0.006557526893831119,coarse,Coarse score,-0.7267911033134616
18,0.0,3,3466.4195669447654,1949.7772244887892,0.0059178623821901635,coarse,Coarse score,-0.7392622208056155
0,0.0,4,1592.5924981982098,670.642311105039,0.004020357838608996,coarse,Coarse score,-0.776256616577534
1,0.0,4,2926.287802584935,1957.3517122149933,0.008860386794950709,coarse,Coarse score,-0.6818937612346311
2,0.0,4,866.6703037394909,1085.8197031805757,0.004670149274496855,coarse,Coarse score,-0.7635880611162277
3,0.0,4,442.0706140184193,2156.2392882053973,0.003251093719248818,coarse,Coarse score,-0.7912544522248927
4,0.0,4,1663.2501476939651,852.4549751881277,0.005574320603411709,coarse,Coarse score,-0.7459600284979929
5,0.0,4,1317.724568867241,1054.2481957057025,0.001427612158494287,coarse,Coarse score,-0.8268056706762771
6,0.0,4,2742.063157499011,1426.4901137556299,0.0040232215073291245,coarse,Coarse score,-0.7762007855154422
7,0.0,4,3006.427244727849,1838.9772149326745,0.0008830877139742336,coarse,Coarse score,-0.8374219049699988
8,0.0,4,908.5939390853746,1396.6498942211038,0.010048751552915389,coarse,Coarse score,-0.6587249965925321
9,0.0,4,481.7381867330405,755.618732308445,0.002537370289600922,coarse,Coarse score,-0.8051694476421122
10,0.0,4,470.28883873618906,1560.6352317546261,0.006951993062253525,coarse,Coarse score,-0.7191004563515793
11,0.0,4,1205.6588081643567,522.5349775264622,0.0040721489695701085,coarse,Coarse score,-0.7752468790236862
12,0.0,4,927.5732851809007,1083.9343558237306,0.005489011348798184,coarse,Coarse score,-0.7476232468227426
13,0.0,4,53.0028564381646,1093.9805821034242,0.0068336474027271225,coarse,Coarse score,-0.7214077636943831
14,0.0,4,2638.052332190331,1340.660351304512,0.00984532194117075,coarse,Coarse score,-0.6626911296877422
15,0.0,4,621.2318395326729,1436.1901273535914,0.001841260731480274,coarse,Coarse score,-0.8187410370123955
16,0.0,4,1948.1400377349928,1528.1505012239213,0.005956575948924737,coarse,Coarse score,-0.738507447904351
17,0.0,4,333.852395750524,1293.8180759685347,0.005853549725704257,coarse,Coarse score,-0.7405160822918666
18,0.0,4,2070.2731831856654,1449.3616810366511,0.006996174180747626,coarse,Coarse score,-0.7182390861963689
0,0.0,5,3674.571743953391,943.570787779754,0.008049776440741322,coarse,Coarse score,-0.6976976971787531
1,0.0,5,3.8410788768087514,1218.8611796007608,0.00326665069641805,coarse,Coarse score,-0.7909511480919144
2,0.0,5,1043.4108982751495,1008.1968078395003,0.0035417931755472244,coarse,Coarse score,-0.7855868764747508
3,0.0,5,1815.3726388625219,1583.8233798453002,0.006002444377018875,coarse,Coarse score,-0.7376131813856802
4,0.0,5,2648.0815174884046,1717.7052644448704,0.008021861274484475,coarse,Coarse score,-0.6982419407812456
5,0.0,5,117.84286383353174,662.3430517651723,0.0054742567884340405,coarse,Coarse score,-0.7479109067640052
6,0.0,5,1880.4751431713812,1467.540914266021,0.0029235197205357325,coarse,Coarse score,-0.7976409466309142
7,0.0,5,1555.7505705873482,1055.0399427983211,0.004348662217724785,coarse,Coarse score,-0.7698558824260672
8,0.0,5,2798.9019436822273,1095.0024476753315,0.007052698912965923,coarse,Coarse score,-0.7171370607379008
9,0.0,5,671.7323634499335,2010.5815875952248,0.0049837239500885215,coarse,Coarse score,-0.7574745022885923
10,0.0,5,1149.1068429651787,1745.5612313618767,0.006049102215378967,coarse,Coarse score,-0.7367035242552168
11,0.0,5,3447.277939736203,2041.131247577141,0.004394022034527078,coarse,Coarse score,-0.7689715319666164
12,0.0,5,4083.4490601622965,1545.243452291179,0.004377576974721801,coarse,Coarse score,-0.7692921504615694
13,0.0,5,1984.7111170318094,2043.3948245598585,0.0023438304657164267,coarse,Coarse score,-0.8089427660600473
14,0.0,5,2037.1869265633868,1923.6314849222545,0.00684265922116967,coarse,Coarse score,-0.7212320662083265
15,0.0,5,1515.7869073215988,1387.1327127061086,0.011184005007168806,coarse,Coarse score,-0.6365917080424951
16,0.0,5,271.23768108460354,472.33983161492506,0.003962506481246155,coarse,Coarse score,-0.777384506372298
17,0.0,5,1362.3259229465039,1360.0293033260386,0.007209475049650971,coarse,Coarse score,-0.7140804997047593
18,0.0,5,262.93096710031386,1613.3114145608852,0.005628092559370013,coarse,Coarse score,-0.7449116721043912
0,0.0,6,1974.808055938047,1292.9528795045917,0.005499391767176031,coarse,Coarse score,-0.747420866645553
1,0.0,6,3827.6643667535973,1865.7109191048658,0.01399441467906823,coarse,Coarse score,-0.5817990025202975
2,0.0,6,698.8080458754557,1674.0293329614797,0.004036456802732794,coarse,Coarse score,-0.7759427456820316
3,0.0,6,851.2288658948964,1095.4478668218362,0.005858436094797219,coarse,Coarse score,-0.7404208159734148
4,0.0,6,1254.2897065236466,1332.5462323529064,0.004268259011271013,coarse,Coarse score,-0.7714234507625668
5,0.0,6,1139.8007917373907,1445.2992454146734,0.0034002585807533237,coarse,Coarse score,-0.7883462832086824
6,0.0,6,1913.1849808988045,2501.469308719563,0.006198604366031752,coarse,Coarse score,-0.7337887793347309
7,0.0,6,1034.1345237662317,1949.6532598707709,0.012150834692152583,coarse,Coarse score,-0.6177420667431781
8,0.0,6,1218.345196538081,1363.849354605889,0.0046781481716106936,coarse,Coarse score,-0.7634321118898771
9,0.0,6,2414.235451845103,2002.5445369867375,0.005313552842801646,coarse,Coarse score,-0.7510440457000591
10,0.0,6,1100.3674441922922,1915.3011128591024,0.002842106597268832,coarse,Coarse score,-0.7992282046500596
11,0.0,6,173.0437277641613,778.180644719454,0.005496076654487921,coarse,Coarse score,-0.7474854992132205
12,0.0,6,625.6344329299172,1345.7139089147095,0.010219076925698992,coarse,Coarse score,-0.6554042750311154
13,0.0,6,1683.6615717188688,1110.6442251045955,0.00340883442547287,coarse,Coarse score,-0.7881790856150288
14,0.0,6,2440.3092604682897,1324.5972422448685,0.003420547641976089,coarse,Coarse score,-0.7879507207510036
15,0.0,6,463.4340488402522,595.2582445649896,0.008933106764385006,coarse,Coarse score,-0.6804759879076187
16,0.0,6,1046.8976857521338,1366.4277899109293,0.008165341457495265,coarse,Coarse score,-0.6954446021958471
17,0.0,6,1344.7107084100135,1113.7054518095101,0.003868719389381095,coarse,Coarse score,-0.779213011503677
18,0.0,6,1299.4166920465068,1770.7984796446399,0.006787553618572157,coarse,Coarse score,-0.722306423831679
0,0.0,7,2318.5162294581532,2042.0599949836615,0.006194528991705824,coarse,Coarse score,-0.7338682342225951
1,0.0,7,693.781778427714,1876.584366106952,0.00375149404859137,coarse,Coarse score,-0.7814984767302786
2,0.0,7,1447.7715058535687,1965.18738963356,0.004671371258294466,coarse,Coarse score,-0.7635642369033221
3,0.0,7,599.658198461635,1762.0944931239355,0.004031121614676036,coarse,Coarse score,-0.7760467623280822
4,0.0,7,4134.162311530323,2229.93190559512,0.004545642572533172,coarse,Coarse score,-0.7660154862437628
5,0.0,7,2204.8756239940412,1181.8949571935227,0.005126755976647984,coarse,Coarse score,-0.7546859011142236
6,0.0,7,1448.3321943922201,871.6801112488029,0.0063168169603204476,coarse,Coarse score,-0.7314840662771864
7,0.0,7,329.2625702228979,739.201783186174,0.006022973421454987,coarse,Coarse score,-0.7372129401334218
8,0.0,7,298.50640694989124,1216.5350421520998,0.0031147529523137345,coarse,Coarse score,-0.793912598319407
9,0.0,7,109.44290088338312,1236.3399302198086,0.01104239973812128,coarse,Coarse score,-0.6393524926657805
10,0.0,7,1774.9484152923105,2304.8598588891327,0.005919138588513298,coarse,Coarse score,-0.7392373394518583
11,0.0,7,263.4979355239775,785.6897481916822,0.0019897661198604133,coarse,Coarse score,-0.8158457253091473
12,0.0,7,153.60461217700504,1380.7342968150042,0.0017306972195308909,coarse,Coarse score,-0.8208966209517464
13,0.0,7,1206.3326950269402,642.3462268181611,0.006154167356199606,coarse,Coarse score,-0.7346551384347457
14,0.0,7,489.73329939873656,945.1256934143603,0.005477823126557385,coarse,Coarse score,-0.7478413762195657
15,0.0,7,1582.0477659842581,1824.1923598379362,0.004154615876419277,coarse,Coarse score,-0.7736390760804025
16,0.0,7,1810.533389824559,2114.573703650967,0.0046854855762349535,coarse,Coarse score,-0.7632890593467215
17,0.0,7,3050.5087980815442,1375.9666963415802,0.005589081416691746,coarse,Coarse score,-0.7456722466477494
18,0.0,7,3261.455531346204,1655.4479115580325,0.004369260761403464,coarse,Coarse score,-0.7694542861928713
0,0.0,8,2639.571655156964,1787.9248348062974,0.005322910665709387,coarse,Coarse score,-0.7508616023929358
1,0.0,8,1248.132687719888,1368.3816084993305,0.007343479351756054,coarse,Coarse score,-0.7114679061254792
2,0.0,8,2730.661399157718,1793.290641518135,0.005786972989862814,coarse,Coarse score,-0.7418140850414531
3,0.0,8,2924.135439750389,1530.6111036232323,0.0034271653955769378,coarse,Coarse score,-0.7878216987696549
4,0.0,8,2846.149158386863,1840.328890270379,0.004453672779000115,coarse,Coarse score,-0.7678085607070272
5,0.0,8,3571.222359716543,2172.0241647562943,0.00462043417837264,coarse,Coarse score,-0.7645573235868129
6,0.0,8,837.1161035336554,916.8844197621802,0.006075015334607228,coarse,Coarse score,-0.7361983132444405
7,0.0,8,3150.449060380808,2683.798776940559,0.01057507344425331,coarse,Coarse score,-0.6484636454840746
8,0.0,8,1494.6294705322944,812.3032595305122,0.006979355878346858,coarse,Coarse score,-0.718566981556267
9,0.0,8,1621.278851455776,1940.7400142673287,0.008414552790200312,coarse,Coarse score,-0.690585893053819
10,0.0,8,337.71215675462736,1162.6843930979958,0.0029671081239434085,coarse,Coarse score,-0.7967911322511889
11,0.0,8,2865.420130873914,1396.1730567442137,0.0014735805937604108,coarse,Coarse score,-0.8259094543836715
12,0.0,8,2232.592806073604,1528.9247981454246,0.002967493228946549,coarse,Coarse score,-0.7967836241126982
13,0.0,8,1181.462578533101,918.9842888803105,0.0020047286377818416,coarse,Coarse score,-0.8155540109564191
14,0.0,8,2489.368643698108,1625.98855253699,0.00406001897229579,coarse,Coarse score,-0.7754833695877781
15,0.0,8,1717.0177533250535,950.0217003514408,0.009598216177206458,coarse,Coarse score,-0.667508787943445
16,0.0,8,2484.448441376153,1545.5900975496625,0.005456112460664529,coarse,Coarse score,-0.7482646547667656
17,0.0,8,508.8447787584155,1658.895494586497,0.0054982534142600905,coarse,Coarse score,-0.7474430603622652
18,0.0,8,2789.86740592774,1421.2804509648704,0.006264714220521278,coarse,Coarse score,-0.7324998790632228
0,0.0,9,256.45178981265053,969.4212251801509,0.004034106296404773,coarse,Coarse score,-0.7759885719551003
1,0.0,9,908.5744155329303,1791.6428048906382,0.005680652256528686,coarse,Coarse score,-0.7438869503218175
2,0.0,9,1281.715646260418,2276.2835333911935,0.003889065164196029,coarse,Coarse score,-0.7788163433384618
3,0.0,9,2795.7421861210023,1897.4254102296545,0.0048548392809259645,coarse,Coarse score,-0.7599872817578491
4,0.0,9,1343.4746271398035,2036.9363604293903,0.008278212009116619,coarse,Coarse score,-0.6932440394241794
5,0.0,9,1181.398082627682,953.3683117210167,0.005066637605873551,coarse,Coarse score,-0.7558579893756803
6,0.0,9,65.20246453909203,1249.8455634893035,0.0038382305794408553,coarse,Coarse score,-0.7798074317412251
7,0.0,9,124.39212925103493,1315.5247966530733,0.004405501016524946,coarse,Coarse score,-0.7687477338183989
8,0.0,9,2590.8238511176314,2279.951565213909,0.009190141401815791,coarse,Coarse score,-0.6754647529483285
9,0.0,9,3370.5038109142333,2650.411229004618,0.002823635738528779,coarse,Coarse score,-0.799588318811993
10,0.0,9,389.85107364464784,678.4546318807406,0.0035982802462330298,coarse,Coarse score,-0.7844855852783654
11,0.0,9,759.9208953093039,1103.0028273823555,0.003949273044337402,coarse,Coarse score,-0.7776425099718578
12,0.0,9,2768.114033285412,1691.6512097523082,0.010198900085253345,coarse,Coarse score,-0.6557976495942479
13,0.0,9,166.22340035549132,903.0294260252267,0.00453891071859375,coarse,Coarse score,-0.766146732764229
14,0.0,9,63.579237041354645,1148.6020705713308,0.004025453289466494,coarse,Coarse score,-0.7761572739296884
15,0.0,9,2371.8798878386733,1687.9034214612911,0.0049340130204994295,coarse,Coarse score,-0.7584436835269877
16,0.0,9,991.6989249515464,1253.878596169583,0.006320928733023494,coarse,Coarse score,-0.7314039017541475
17,0.0,9,2969.48864737869,847.8913148426218,0.00916283591294383,coarse,Coarse score,-0.67599711007258
18,0.0,9,930.6113851041882,1476.2051437866176,0.0032719339384890637,coarse,Coarse score,-0.7908481442025191
0,0.05,0,7892.309318653948,6878.405468817917,0.09017886394895329,coarse,Coarse score,0.9035190050121631
1,0.05,0,4626.027532704698,4819.123824464972,0.07749611843276882,coarse,Coarse score,0.6562518726685708
2,0.05,0,2715.333444508724,2708.184582358168,0.07286882396465572,coarse,Coarse score,0.5660365614664649
3,0.05,0,3345.4589543217444,4610.943147677463,0.0740598563354768,coarse,Coarse score,0.5892573347986668
4,0.05,0,4412.195680677076,4512.329455105413,0.07820495062355862,coarse,Coarse score,0.6700715068247364
5,0.05,0,4631.50348665053,5912.472916126659,0.05418761639726446,coarse,Coarse score,0.20182136705058515
6,0.05,0,6951.413058811566,6144.087886972178,0.04317039883852534,coarse,Coarse score,-0.012974064165672
7,0.05,0,4661.4925976989325,4066.8815935115563,0.048435980816293876,coarse,Coarse score,0.08968551802821786
8,0.05,0,3056.8772766855545,2971.177651233622,0.04010593869304559,coarse,Coarse score,-0.07271982437090929
9,0.05,0,5340.251868327265,3667.7074846809846,0.026471774352961816,coarse,Coarse score,-0.3385361426098651
10,0.05,0,4412.088925202261,2719.0758086201386,0.030159779296840782,coarse,Coarse score,-0.2666335403398568
11,0.05,0,1025.5188341414323,957.2718756702379,0.024910790581612455,coarse,Coarse score,-0.3689696146277253
12,0.05,0,2056.040120716265,0.658480454760138,0.022962505439809447,coarse,Coarse score,-0.40695404626253984
13,0.05,0,1750.9265251206816,616.025997146382,0.021516133228914984,coarse,Coarse score,-0.43515301220669994
14,0.05,0,920.0624471612973,1014.4437848745147,0.02064076647649613,coarse,Coarse score,-0.45221946097706456
15,0.05,0,2857.66446526238,1226.5274031556328,0.019592580490646154,coarse,Coarse score,-0.47265525246662193
16,0.05,0,2143.5904825331527,296.81271226436365,0.020419189225270893,coarse,Coarse score,-0.456539406641284
17,0.05,0,1119.3916410720558,273.9142798607354,0.019242511189340755,coarse,Coarse score,-0.47948032296455556
18,0.05,0,2838.7837699493393,673.9944098845008,0.02024299987543518,coarse,Coarse score,-0.45997445429936124
0,0.05,1,5797.32880531362,5606.905152909167,0.0954209157234238,coarse,Coarse score,1.0057198343370042
1,0.05,1,4914.514400025248,4397.748889588693,0.08429296691801857,coarse,Coarse score,0.788765548968149
2,0.05,1,2682.667685291264,3372.8209576751688,0.07123283171845879,coarse,Coarse score,0.5341406986395044
3,0.05,1,3045.776103180833,3587.2094996289816,0.061522794123341364,coarse,Coarse score,0.34483049383966263
4,0.05,1,4604.449155160051,4317.15864696115,0.05916560602276933,coarse,Coarse score,0.29887395065434813
5,0.05,1,6659.4806654295535,4592.174840841501,0.067372530428763,coarse,Coarse score,0.4588789480455752
6,0.05,1,4409.381838546833,4735.602763016999,0.043679050132094936,coarse,Coarse score,-0.003057225058294624
7,0.05,1,2319.578863315808,3589.7708318014047,0.04028998894818645,coarse,Coarse score,-0.06913151782184913
8,0.05,1,2793.868953281548,3939.9813860149006,0.039774118798539836,coarse,Coarse score,-0.0791890982094712
9,0.05,1,3199.930924761924,2913.960353228438,0.030940704480186643,coarse,Coarse score,-0.2514083566117426
10,0.05,1,2991.7490179179003,1765.783557718445,0.022835896690236834,coarse,Coarse score,-0.4094224536272132
11,0.05,1,4799.378920765361,1288.6004947863985,0.028191232336592723,coarse,Coarse score,-0.30501300329786396
12,0.05,1,643.8639911980717,177.99402485211613,0.025031542820310615,coarse,Coarse score,-0.3666153877965663
13,0.05,1,2120.0396781350137,76.10439228045288,0.029437463366350995,coarse,Coarse score,-0.2807160580841721
14,0.05,1,2227.0413421262638,460.9396540335729,0.02630771235001498,coarse,Coarse score,-0.341734751376669
15,0.05,1,3897.070759818307,886.1857899078168,0.018523707514399225,coarse,Coarse score,-0.49349436457676155
16,0.05,1,341.10997769172536,12.945212690217886,0.019135440746670614,coarse,Coarse score,-0.4815678048338417
17,0.05,1,959.2447797682253,739.2761128139682,0.019582478599422234,coarse,Coarse score,-0.47285220238342013
18,0.05,1,2365.2269327924005,170.83571110776393,0.016946448204277022,coarse,Coarse score,-0.5242451500497071
0,0.05,2,8792.144017311744,6510.3818293037475,0.08716293678522864,coarse,Coarse score,0.8447194603725818
1,0.05,2,3504.8408251333167,4885.818961268931,0.08314994967657212,coarse,Coarse score,0.7664808949749672
2,0.05,2,2796.3619446030934,2709.1263736391556,0.08209114472603452,coarse,Coarse score,0.7458380725280026
3,0.05,2,6291.350600442791,4043.698453015473,0.07102790539664224,coarse,Coarse score,0.5301453851742427
4,0.05,2,2350.931741139968,5176.266959083325,0.06770045668721172,coarse,Coarse score,0.4652723102275497
5,0.05,2,2442.706191159261,4196.138408751285,0.06170990597281587,coarse,Coarse score,0.348478490276083
6,0.05,2,5301.442767669563,5212.133029496588,0.04394206919764258,coarse,Coarse score,0.002070684352697302
7,0.05,2,4701.139091294375,4901.449267060147,0.04593159868803681,coarse,Coarse score,0.04085922987503847
8,0.05,2,2995.150933293684,3224.72918613645,0.03881209563929999,coarse,Coarse score,-0.09794502984350141
9,0.05,2,5336.595309254364,3976.5350577171193,0.025848988425160223,coarse,Coarse score,-0.35067818947463353
10,0.05,2,1700.3181206149748,2375.726736912562,0.029385832281884877,coarse,Coarse score,-0.2817226753169657
11,0.05,2,2018.1193777150474,689.7429538408178,0.03532837349092024,coarse,Coarse score,-0.16586486505682127
12,0.05,2,347.2540607160772,164.48981004452799,0.027253821951482838,coarse,Coarse score,-0.32328907589266886
13,0.05,2,2128.1707370014046,587.6576820868067,0.02847625004374861,coarse,Coarse score,-0.2994562008669039
14,0.05,2,1001.2003712822334,632.9948537501041,0.02669522710951028,coarse,Coarse score,-0.3341796314541771
15,0.05,2,1872.5577315008268,832.1194020174444,0.020443053073283878,coarse,Coarse score,-0.45607414892107473
16,0.05,2,235.28948002954712,771.132798470906,0.014752941458298004,coarse,Coarse score,-0.5670105057183532
17,0.05,2,704.2159562815796,423.27799437131034,0.01580789938048419,coarse,Coarse score,-0.5464426862482509
18,0.05,2,3074.569552293746,418.6122566140839,0.014165877683235231,coarse,Coarse score,-0.578456101309413
0,0.05,3,6046.299344515835,5731.389176168304,0.08861665615479505,coarse,Coarse score,0.8730616690281382
1,0.05,3,5053.20107084862,4325.364776494214,0.08462442244767719,coarse,Coarse score,0.7952277190253756
2,0.05,3,1470.0393558160868,2914.385512739187,0.06968601012354958,coarse,Coarse score,0.5039833372438776
3,0.05,3,2114.1600765360054,4004.4027801332413,0.07480495018105303,coarse,Coarse score,0.6037839385444714
4,0.05,3,5164.5384852977,4777.3619838427985,0.06510508996406979,coarse,Coarse score,0.41467215537997704
5,0.05,3,5661.867007943743,5411.232950533275,0.061140381121384035,coarse,Coarse score,0.33737483952221003
6,0.05,3,4008.8253569533117,4456.657444345939,0.054629244145887594,coarse,Coarse score,0.21043149226566965
7,0.05,3,5604.078320667148,3790.8806650413317,0.039597509697759124,coarse,Coarse score,-0.0826323294751384
8,0.05,3,2827.943646484462,3350.249124183145,0.034997594624080815,coarse,Coarse score,-0.17231384266493252
9,0.05,3,3822.0427193451324,3716.2513520657085,0.028701088409647503,coarse,Coarse score,-0.295072675398724
10,0.05,3,3354.9711820955854,2923.825186955277,0.0255927828047004,coarse,Coarse score,-0.3556732616363014
11,0.05,3,820.0838209733483,362.76224415079923,0.03295394679737512,coarse,Coarse score,-0.21215749773038212
12,0.05,3,83.05305236537242,300.46676961763296,0.03533978397866119,coarse,Coarse score,-0.16564240229599814
13,0.05,3,2668.8427210559603,222.65843549766578,0.02401317844843645,coarse,Coarse score,-0.38646976692866164
14,0.05,3,3322.5064675424946,1659.9674436483765,0.02317860713119627,coarse,Coarse score,-0.40274085398050347
15,0.05,3,4132.1231384715065,1730.082181575417,0.02397858506202212,coarse,Coarse score,-0.3871442113891146
16,0.05,3,525.4066170352744,412.0002913636854,0.01821535893240852,coarse,Coarse score,-0.49950603370106583
17,0.05,3,202.1876674280502,350.06732668570476,0.020405896862977255,coarse,Coarse score,-0.4567985590702455
18,0.05,3,2035.9754578609136,665.7377759442898,0.016869383643097726,coarse,Coarse score,-0.5257476270192091
0,0.05,4,6774.770704355615,5399.1920936906245,0.0901189594353996,coarse,Coarse score,0.9023510861840233
1,0.05,4,7757.637163221487,5201.9971489540185,0.08516166834614085,coarse,Coarse score,0.8057020483026558
2,0.05,4,3012.31604109623,2633.3237783873337,0.07694299617525897,coarse,Coarse score,0.645468012480306
3,0.05,4,983.546627214062,4276.4578381495085,0.07726513129829327,coarse,Coarse score,0.6517484687110326
4,0.05,4,4969.155594457465,3791.8096067475853,0.06093731369326316,coarse,Coarse score,0.3334157676824604
5,0.05,4,4400.004316630657,4277.571538400429,0.05341219057278795,coarse,Coarse score,0.18670340069867844
6,0.05,4,5207.2703140612575,4570.090888947889,0.059720591480365626,coarse,Coarse score,0.30969413642698806
7,0.05,4,5179.970995448355,4600.288503646385,0.0380733101545973,coarse,Coarse score,-0.11234864363409518
8,0.05,4,2623.798139876977,3330.941596647084,0.03074685994881824,coarse,Coarse score,-0.2551876157107119
9,0.05,4,3282.4308758556144,2519.3697393401526,0.034684270000620354,coarse,Coarse score,-0.17842252639093162
10,0.05,4,355.7777015636675,2285.4834800891695,0.022756713480225794,coarse,Coarse score,-0.4109662364969558
11,0.05,4,1328.8063223099452,181.08017671317793,0.026360661800813076,coarse,Coarse score,-0.34070243082420615
12,0.05,4,1611.0396208436578,272.9983094825293,0.02948981394960512,coarse,Coarse score,-0.2796954132576049
13,0.05,4,3034.3304577522213,1112.1852637958364,0.02526778411101955,coarse,Coarse score,-0.36200954701704396
14,0.05,4,1305.4083357117488,712.0162125892239,0.02345962682415115,coarse,Coarse score,-0.39726199819802654
15,0.05,4,4176.485759306757,907.4871085172636,0.023995913922264366,coarse,Coarse score,-0.38680636201940083
16,0.05,4,1227.2831172329606,18.101244022022,0.023523687717180112,coarse,Coarse score,-0.39601304517800207
17,0.05,4,1181.0431177316932,142.66792394116055,0.018818190227166368,coarse,Coarse score,-0.4877530291681331
18,0.05,4,333.2258795503294,306.5962962988415,0.021282945777049474,coarse,Coarse score,-0.4396993143025446
0,0.05,5,7412.068927676359,5313.49259500613,0.09235435317322863,coarse,Coarse score,0.9459330849323585
1,0.05,5,1244.0308619537973,3940.386859379825,0.07703099507541558,coarse,Coarse score,0.647183669051933
2,0.05,5,2923.1226493740105,2649.818383759586,0.08638048199766643,coarse,Coarse score,0.8294644549589568
3,0.05,5,1556.1905408165185,3725.4497286383994,0.07710937938337324,coarse,Coarse score,0.6487118762547579
4,0.05,5,5076.882681861229,4763.71754266083,0.0718291775488154,coarse,Coarse score,0.5457672603464447
5,0.05,5,2240.0844548247987,4010.6780330879265,0.059526686271600834,coarse,Coarse score,0.30591369434080323
6,0.05,5,4746.745200910489,4707.763726223144,0.04730483349388109,coarse,Coarse score,0.0676322840250423
7,0.05,5,4628.264792058268,4146.559681936225,0.041679732411917726,coarse,Coarse score,-0.04203660524699958
8,0.05,5,4788.641270900727,3206.0348477273947,0.031794898203095605,coarse,Coarse score,-0.23475470444628163
9,0.05,5,1420.8842993153958,3327.8348198795575,0.0327600857623052,coarse,Coarse score,-0.21593707859114525
10,0.05,5,1164.7222319919383,2304.801066359156,0.030185027224671184,coarse,Coarse score,-0.26614129812745296
11,0.05,5,3506.3236834856216,1646.0441998252645,0.02607940900829646,coarse,Coarse score,-0.34618583119524293
12,0.05,5,2318.6278823539033,227.30250168626662,0.029893352232706373,coarse,Coarse score,-0.2718278932536774
13,0.05,5,763.3522408078425,404.2083485191688,0.022730853250246475,coarse,Coarse score,-0.41147041636089554
14,0.05,5,821.6766311137471,195.20104897633428,0.02411558377773308,coarse,Coarse score,-0.3844732377008564
15,0.05,5,915.4567926597665,1012.8020968735218,0.02427819336777423,coarse,Coarse score,-0.38130294567144263
16,0.05,5,2116.4699299308704,1765.7340052625514,0.02285834867494285,coarse,Coarse score,-0.4089847220755871
17,0.05,5,1695.4878366166959,775.7206620455254,0.019675358197958282,coarse,Coarse score,-0.47104139005150625
18,0.05,5,384.85785107902484,509.0130236413097,0.018933397108051135,coarse,Coarse score,-0.48550691652428374
0,0.05,6,6984.516419529566,5813.829572247982,0.09682311341459111,coarse,Coarse score,1.033057558777765
1,0.05,6,5967.137512678746,4691.220149038243,0.07654436721463098,coarse,Coarse score,0.6376962063017616
2,0.05,6,224.3505241886014,3018.9690237999894,0.08089155031238744,coarse,Coarse score,0.7224503706885714
3,0.05,6,4574.176154486428,3699.6105461967527,0.07665925753306561,coarse,Coarse score,0.6399361471361118
4,0.05,6,3545.0080676809303,4337.200430115452,0.060805758598223125,coarse,Coarse score,0.33085092467948224
5,0.05,6,3646.257768605661,4564.988762785157,0.04930428237419902,coarse,Coarse score,0.10661422135658598
6,0.05,6,6859.726739559614,5750.76688595803,0.05150883673265724,coarse,Coarse score,0.1495949650461848
7,0.05,6,2804.3351539353607,4671.686304621631,0.039041584520601684,coarse,Coarse score,-0.09347083634085675
8,0.05,6,3735.865322768048,3435.881786967744,0.04571694105571276,coarse,Coarse score,0.03667419146102145
9,0.05,6,2419.6836665747105,2822.218493000313,0.029585202755775693,coarse,Coarse score,-0.27783568055782176
10,0.05,6,606.3287299412768,1830.1417414445896,0.03384257829571957,coarse,Coarse score,-0.19483243494918662
11,0.05,6,1283.2976345848874,112.15009014605312,0.02640092912989473,coarse,Coarse score,-0.33991736524227434
12,0.05,6,2877.8344905471895,167.71006127883447,0.029170661458670845,coarse,Coarse score,-0.28591771907561003
13,0.05,6,811.9703146215761,227.84030499804066,0.019679606357537842,coarse,Coarse score,-0.47095856648340456
14,0.05,6,428.53929971536854,1251.6775560522801,0.02075788587351961,coarse,Coarse score,-0.44993606126626445
15,0.05,6,431.99897254654206,1074.9427305638092,0.019964200942930367,coarse,Coarse score,-0.465410013378659
16,0.05,6,1547.2560067107552,900.5122531825327,0.024229464367984753,coarse,Coarse score,-0.38225298287155357
17,0.05,6,1060.9064629948698,339.3841264070943,0.0222202707848847,coarse,Coarse score,-0.42142490625220647
18,0.05,6,1218.3283394290484,292.5802867349703,0.019964540913748993,coarse,Coarse score,-0.4654033851916237
0,0.05,7,6300.074359286053,6470.120587381767,0.08480418546546414,coarse,Coarse score,0.7987324401327169
1,0.05,7,1887.871455109329,4439.693293948891,0.08482030236212981,coarse,Coarse score,0.799046660647172
2,0.05,7,1454.480462725449,3348.8247942188755,0.0817955411884818,coarse,Coarse score,0.74007488513707
3,0.05,7,3723.2205535534886,4610.234838034201,0.06801454468062502,coarse,Coarse score,0.47139587687451534
4,0.05,7,7582.590564740356,5444.0307055232115,0.06742615757466397,coarse,Coarse score,0.45992448117290824
5,0.05,7,4513.54059132986,4655.035776545235,0.05976703834754101,coarse,Coarse score,0.3105996803912776
6,0.05,7,2417.3675961399567,3512.853097149229,0.04958820701365747,coarse,Coarse score,0.11214971296689952
7,0.05,7,4177.543795732316,3941.4411095103133,0.03858805810539582,coarse,Coarse score,-0.10231294201796892
8,0.05,7,3172.2814733044943,3681.839903594053,0.03606091481384973,coarse,Coarse score,-0.1515829895738817
9,0.05,7,2276.0670821801177,2979.591764511948,0.03369472146852618,coarse,Coarse score,-0.19771510208233042
10,0.05,7,2089.213258130534,2647.136835955316,0.02953415566355253,coarse,Coarse score,-0.2788309120786619
11,0.05,7,1105.7910308001447,186.54477574420162,0.022799149925789353,coarse,Coarse score,-0.41013888108026264
12,0.05,7,2384.822348164802,202.30986592668341,0.026961678293917334,coarse,Coarse score,-0.32898480828329424
13,0.05,7,2243.4347768242587,1587.7892177642207,0.023077058825187523,coarse,Coarse score,-0.40472067438997944
14,0.05,7,1971.4998166919104,1006.9570045203436,0.020318888189230895,coarse,Coarse score,-0.45849490985003744
15,0.05,7,2140.2172063885955,471.8477700438234,0.02461646995947454,coarse,Coarse score,-0.37470778986216136
16,0.05,7,1055.1320892930962,378.496524762013,0.022276829922755266,coarse,Coarse score,-0.42032221000940684
17,0.05,7,1642.7423199623008,376.2145885300706,0.018474579228345805,coarse,Coarse score,-0.49445218639806066
18,0.05,7,1480.9027472811285,205.11095995391952,0.02034225287189395,coarse,Coarse score,-0.4580393840277429
0,0.05,8,6651.1031918292865,6177.533976101957,0.09089715009472081,coarse,Coarse score,0.9175229566990766
1,0.05,8,4335.027517240611,4378.248221260437,0.08727889653350214,coarse,Coarse score,0.8469802511758258
2,0.05,8,4550.42941160372,3392.915950701805,0.07414202594351398,coarse,Coarse score,0.5908593415029109
3,0.05,8,5306.732372279919,4140.471975279099,0.07983317843348293,coarse,Coarse score,0.7018159915538753
4,0.05,8,4976.619678007439,4822.72447810811,0.06509706321402413,coarse,Coarse score,0.41451566312336774
5,0.05,8,9242.07830346626,6101.253581324185,0.05901986570076739,coarse,Coarse score,0.29603254762830267
6,0.05,8,3704.412856031442,3856.1245211810456,0.054150745983107415,coarse,Coarse score,0.20110252888062435
7,0.05,8,5964.671692400705,5464.185991785256,0.03891649168101431,coarse,Coarse score,-0.09590968900741975
8,0.05,8,4188.74217469478,3437.803907207446,0.023589139212574575,coarse,Coarse score,-0.39473698049996087
9,0.05,8,3278.6017048723297,3296.275053046178,0.036426057432956946,coarse,Coarse score,-0.1444640445309607
10,0.05,8,1940.779628565535,1154.6907301959,0.02934361821801756,coarse,Coarse score,-0.2825456951042602
11,0.05,8,2818.2130727268523,1067.6988761241664,0.02634601325267907,coarse,Coarse score,-0.34098802391487176
12,0.05,8,1110.9874716264312,67.4007272037561,0.02515024088885787,coarse,Coarse score,-0.3643012097672943
13,0.05,8,1053.1072683895472,1136.200420069741,0.019563424388792525,coarse,Coarse score,-0.4732236897727608
14,0.05,8,355.5569199027377,597.1448858692893,0.024577484035199774,coarse,Coarse score,-0.3754678727389237
15,0.05,8,846.0882933401735,1363.088828425738,0.018811062846986342,coarse,Coarse score,-0.48789198700309
16,0.05,8,2531.7857129719923,244.16176412900677,0.017554488622494084,coarse,Coarse score,-0.5123905866691147
17,0.05,8,713.1044454293442,238.93512313149404,0.024169817818218104,coarse,Coarse score,-0.38341587234971647
18,0.05,8,29.008111217815895,104.5818699572701,0.02361995325965983,coarse,Coarse score,-0.3941362193281035
0,0.05,9,5801.449977863056,5760.226080584631,0.09376223701529875,coarse,Coarse score,0.9733816685105212
1,0.05,9,2909.715619171853,4532.207959081978,0.08535696731865185,coarse,Coarse score,0.8095096636822139
2,0.05,9,2006.6071690862882,3664.0689715330373,0.06452228486500623,coarse,Coarse score,0.40330958838872333
3,0.05,9,5412.823011906294,4367.02038852399,0.07053003234467121,coarse,Coarse score,0.5204386823412537
4,0.05,9,4369.041586013045,4986.530360932462,0.07149572416080607,coarse,Coarse score,0.5392661393613942
5,0.05,9,5273.197247988952,4338.965485959139,0.06445554521735614,coarse,Coarse score,0.4020084094549505
6,0.05,9,1873.784292929864,3969.2419031665777,0.04950903170978208,coarse,Coarse score,0.11060608423787413
7,0.05,9,3244.4029541230993,4347.757744553732,0.04448163584034325,coarse,Coarse score,0.01259025965116878
8,0.05,9,4749.276134791144,4585.214573913603,0.039724923903646625,coarse,Coarse score,-0.08014821865942943
9,0.05,9,5523.433866605337,3849.7524569057277,0.030695312456759424,coarse,Coarse score,-0.2561926031974215
10,0.05,9,460.03724530735053,1022.9567426115391,0.027944411506132746,coarse,Coarse score,-0.30982510639278305
11,0.05,9,69.83031133614713,696.7330983162974,0.022367830461705412,coarse,Coarse score,-0.41854803246407885
12,0.05,9,1514.759657506016,554.1753182744142,0.027364472735071633,coarse,Coarse score,-0.32113179047567
13,0.05,9,2884.909282940731,1197.5836468604393,0.031284914828018914,coarse,Coarse score,-0.2446975142690602
14,0.05,9,1731.3312684617122,821.4977133026114,0.022878002617810228,coarse,Coarse score,-0.4086015421019875
15,0.05,9,404.95456965011545,544.9472105879686,0.02378884308125664,coarse,Coarse score,-0.39084348576225425
16,0.05,9,1690.7240810269723,753.6442438205122,0.02228680900360477,coarse,Coarse score,-0.42012765444555566
17,0.05,9,205.52036717761075,499.9540560558671,0.020208669786290573,coarse,Coarse score,-0.4606437654264397
18,0.05,9,555.1303237475222,204.5601780116558,0.018134527152744634,coarse,Coarse score,-0.5010819576470452
0,0.1,0,13969.698210460308,12071.62630941387,0.17268467020880526,coarse,Coarse score,2.512080344474182
1,0.1,0,5428.935775603284,6716.738886166422,0.14133568336063326,coarse,Coarse score,1.900889804544741
2,0.1,0,7564.061224044301,8678.448771477677,0.13028121535624024,coarse,Coarse score,1.6853681259348414
3,0.1,0,8525.114249816805,9833.888666148006,0.09764037395839623,coarse,Coarse score,1.048991149086455
4,0.1,0,6406.95615386992,6439.004708131251,0.06615370107986165,coarse,Coarse score,0.43511623534788246
5,0.1,0,2297.114514171786,4193.547601764381,0.054282174303287904,coarse,Coarse score,0.20366490023770112
6,0.1,0,784.9914511141833,721.7396193311433,0.040665280508192764,coarse,Coarse score,-0.06181470556561524
7,0.1,0,1190.8421566238976,2078.490326197294,0.045156264206430076,coarse,Coarse score,0.025743044374875595
8,0.1,0,1296.9277940928587,1543.9119824707159,0.039621178252386126,coarse,Coarse score,-0.08217087926139187
9,0.1,0,4310.328917980834,1548.848125714867,0.0343937871978182,coarse,Coarse score,-0.18408587819061561
10,0.1,0,7064.716333116929,3480.907976430608,0.025803271300952692,coarse,Coarse score,-0.35156950612112514
11,0.1,0,4307.321889803105,3418.09025490575,0.03365313449526584,coarse,Coarse score,-0.19852589589726669
12,0.1,0,6763.578806711186,4053.060078719456,0.037624122178040995,coarse,Coarse score,-0.12110616563156507
13,0.1,0,1685.4299948521657,4131.851214643044,0.026812185952259378,coarse,Coarse score,-0.33189936196427133
14,0.1,0,7616.708745465847,4688.535301357566,0.02706209184505208,coarse,Coarse score,-0.3270271114418776
15,0.1,0,2296.638277011225,5431.189169365389,0.027178830702563994,coarse,Coarse score,-0.32475113085918733
16,0.1,0,8894.534210189304,7076.786826623604,0.021907655708830003,coarse,Coarse score,-0.4275197563999743
17,0.1,0,8597.355152731005,7606.103159595397,0.01939462099009523,coarse,Coarse score,-0.4765147384082844
18,0.1,0,9893.752526739612,7696.163996270625,0.019571514155467557,coarse,Coarse score,-0.4730659689224519
0,0.1,1,10641.258325410541,10672.62769020733,0.17879063788439228,coarse,Coarse score,2.631124372866805
1,0.1,1,6875.230199859303,6562.363593939401,0.14107015336940168,coarse,Coarse score,1.8957129412702027
2,0.1,1,9609.217493439384,9952.726270582236,0.12694915302064466,coarse,Coarse score,1.6204051021588444
3,0.1,1,6835.9478554938105,8526.850224300462,0.09991192636347787,coarse,Coarse score,1.0932781095443438
4,0.1,1,7448.312488087744,6253.931737209263,0.06533043821810892,coarse,Coarse score,0.4190656218012489
5,0.1,1,5955.224927465664,3272.854040009086,0.05335869071224379,coarse,Coarse score,0.18566034917007573
6,0.1,1,1162.1815270647057,368.1259492125828,0.047108691887722855,coarse,Coarse score,0.0638082403724969
7,0.1,1,4820.791620042059,2915.4517445581732,0.04457229968541638,coarse,Coarse score,0.014357872897832765
8,0.1,1,1486.1922175843501,800.9625119977864,0.03564003259833258,coarse,Coarse score,-0.15978865279976123
9,0.1,1,2209.847013305465,1036.8834863001248,0.043952764972470505,coarse,Coarse score,0.002279212826797658
10,0.1,1,4462.156117414008,2465.068292131298,0.035086213969074576,coarse,Coarse score,-0.17058608968914254
11,0.1,1,8401.97407720855,3524.075759222673,0.0294574909118643,coarse,Coarse score,-0.2803255942259613
12,0.1,1,2451.5169652681216,3657.334978679428,0.028254088561684893,coarse,Coarse score,-0.3037875368948166
13,0.1,1,7749.405604388332,5369.819848020386,0.023891487399825242,coarse,Coarse score,-0.3888422971180895
14,0.1,1,1916.8588320435374,4746.783759957296,0.026513066227006457,coarse,Coarse score,-0.33773110214988883
15,0.1,1,3135.826684274245,5782.997947901487,0.028845122631099937,coarse,Coarse score,-0.29226453509089895
16,0.1,1,8341.130469013122,7039.005765623238,0.019496074634628345,coarse,Coarse score,-0.47453676355122393
17,0.1,1,8166.322667258268,6108.327994898078,0.023345842280479173,coarse,Coarse score,-0.3994803804704526
18,0.1,1,8824.296273785643,7041.173925139941,0.019087054242306462,coarse,Coarse score,-0.48251116462632404
0,0.1,2,16686.746252222685,12225.464763135533,0.17486202050405522,coarse,Coarse score,2.5545307084688624
1,0.1,2,6014.4762583559495,7235.55221158301,0.13972501702026752,coarse,Coarse score,1.8694877042158842
2,0.1,2,8797.808665669698,8895.986938703863,0.13494519634836158,coarse,Coarse score,1.7762986901218467
3,0.1,2,12237.03236429306,9249.707978123683,0.093652903930368,coarse,Coarse score,0.971250073395993
4,0.1,2,5124.2300712551805,7180.537363256037,0.06519293231126988,coarse,Coarse score,0.4163847597417676
5,0.1,2,130.56956489617005,2554.320571710763,0.05751896639937836,coarse,Coarse score,0.2667705029300647
6,0.1,2,57.60585363331484,438.9781147270696,0.04215888406558793,coarse,Coarse score,-0.0326949011806733
7,0.1,2,679.6109096728032,1012.0821720873355,0.04702276347029709,coarse,Coarse score,0.06213295063837909
8,0.1,2,1465.522121487942,1564.0193111862172,0.03777866685666807,coarse,Coarse score,-0.11809310986581507
9,0.1,2,4931.781442394189,1891.146297949832,0.0359472370661999,coarse,Coarse score,-0.15379928971463452
10,0.1,2,175.46712288766867,2411.102153402462,0.034814519869464364,coarse,Coarse score,-0.17588313052305046
11,0.1,2,4145.100238490151,2828.1367680843105,0.02772398886767721,coarse,Coarse score,-0.31412254133263556
12,0.1,2,1810.7173925671377,3801.069965500268,0.02937555031320131,coarse,Coarse score,-0.28192313608533703
13,0.1,2,2829.052999421663,4698.719501782849,0.03185513338572758,coarse,Coarse score,-0.23358033878100865
14,0.1,2,4285.374477785663,5545.420102051168,0.025514831229717025,coarse,Coarse score,-0.35719303212946546
15,0.1,2,4623.286594187608,5951.2283763511805,0.021503526256328537,coarse,Coarse score,-0.43539880204416115
16,0.1,2,7924.282294787117,6475.590569792781,0.021028440823506304,coarse,Coarse score,-0.4446612296819515
17,0.1,2,5648.453065210837,6849.555067249166,0.022078817833828077,coarse,Coarse score,-0.4241827212319895
18,0.1,2,13426.101811193628,7747.12388055044,0.020854763003027545,coarse,Coarse score,-0.4480473117070671
0,0.1,3,10831.080732044356,10571.943637673627,0.1701651003633023,coarse,Coarse score,2.4629579514054347
1,0.1,3,8504.629975295684,6515.815086440009,0.14937893345517203,coarse,Coarse score,2.057703751734723
2,0.1,3,7717.119925037958,9186.670498856867,0.13268638170277328,coarse,Coarse score,1.732260069367564
3,0.1,3,5542.295652564964,8789.591684445564,0.09124506452096666,coarse,Coarse score,0.9243060150178765
4,0.1,3,7482.580087534618,6928.788307365496,0.05818325201586123,coarse,Coarse score,0.27972164187984544
5,0.1,3,3478.1201203772216,3946.817667910247,0.05125183602808666,coarse,Coarse score,0.1445843916535107
6,0.1,3,1683.6513919518911,941.9829084991943,0.04978026107624945,coarse,Coarse score,0.11589406447592056
7,0.1,3,1280.4676325261826,2414.069477543817,0.045993625884724255,coarse,Coarse score,0.04206853325754695
8,0.1,3,2699.4101345248637,1530.2450189123629,0.041725688457250026,coarse,Coarse score,-0.04114063051276958
9,0.1,3,3340.6075607274543,1935.2242730715661,0.034275843939849,coarse,Coarse score,-0.18638534017541142
10,0.1,3,2846.198890310421,2936.4696671303245,0.04147727886181701,coarse,Coarse score,-0.04598370871149008
11,0.1,3,2501.6668155895313,1851.935596577765,0.03310676159944259,coarse,Coarse score,-0.20917816822805488
12,0.1,3,1335.4408800034435,2895.420038410346,0.0328201038485106,coarse,Coarse score,-0.2147669455118509
13,0.1,3,1449.4744701056625,4635.9037888486055,0.034838762472632415,coarse,Coarse score,-0.17541048846315432
14,0.1,3,1841.9748835576465,4235.408469659102,0.023172150630218272,coarse,Coarse score,-0.40286673212571783
15,0.1,3,1527.817676725157,4725.213857164315,0.02318507438464509,coarse,Coarse score,-0.40261476620145054
16,0.1,3,8262.054453679651,6918.474782364676,0.023543644489628635,coarse,Coarse score,-0.39562396113560105
17,0.1,3,6785.222802717064,6680.5854075104,0.019097376959397578,coarse,Coarse score,-0.4823099094131009
18,0.1,3,8269.853636494023,7357.88859925227,0.02166627555080048,coarse,Coarse score,-0.4322257862895151
0,0.1,4,12106.095399339916,10414.37098457123,0.17567149207208446,coarse,Coarse score,2.570312442249205
1,0.1,4,12292.583620243415,7895.763971622568,0.1504288189789365,coarse,Coarse score,2.07817267799513
2,0.1,4,9840.01730623166,9053.64503203606,0.12818502645404065,coarse,Coarse score,1.644500112141146
3,0.1,4,3894.5284652896225,9014.993002023606,0.09818272691857952,coarse,Coarse score,1.059565047380909
4,0.1,4,7137.11920335918,5818.651657857641,0.059796541031845306,coarse,Coarse score,0.31117487478708505
5,0.1,4,904.316598066187,2360.4654624904506,0.05470036500720659,coarse,Coarse score,0.21181808883545125
6,0.1,4,444.43426403513877,206.89262280822732,0.04826308760120316,coarse,Coarse score,0.08631473293735635
7,0.1,4,2866.6076708033215,2038.0087952053873,0.0443181881536996,coarse,Coarse score,0.009403627804539424
8,0.1,4,1987.9187646373757,1536.015170596016,0.040527269403856446,coarse,Coarse score,-0.06450541712781334
9,0.1,4,424.3257013364346,140.66293149854755,0.034093506444937305,coarse,Coarse score,-0.18994025416686494
10,0.1,4,80.26115882024169,2239.188616812404,0.04101302275569113,coarse,Coarse score,-0.055035004102402
11,0.1,4,2078.633599510649,3075.2019234828185,0.03805187797848803,coarse,Coarse score,-0.11276649264948847
12,0.1,4,2398.6920810520533,4097.741416202625,0.02651481245098948,coarse,Coarse score,-0.3376970571715235
13,0.1,4,1403.0194623774732,3794.942621199356,0.02846085296843212,coarse,Coarse score,-0.29975638749882266
14,0.1,4,9412.46367676952,5832.28148714517,0.02274995998176271,coarse,Coarse score,-0.41109790500643767
15,0.1,4,1688.9657046551001,5998.140362917155,0.02486595048140435,coarse,Coarse score,-0.36984383251519365
16,0.1,4,8352.404646696872,7652.152210511791,0.02760165943777471,coarse,Coarse score,-0.31650751762145396
17,0.1,4,5123.420008231595,7067.982146942057,0.01766143455034015,coarse,Coarse score,-0.5103055323833077
18,0.1,4,6869.973962204414,6359.223845883622,0.020725095579575567,coarse,Coarse score,-0.45057535202092797
0,0.1,5,11357.050864292309,10133.198275710456,0.17573552907982676,coarse,Coarse score,2.5715609295935344
1,0.1,5,1744.5500630780007,5984.849824594043,0.15277965735287702,coarse,Coarse score,2.124005424744307
2,0.1,5,9444.073426034418,8941.30023136735,0.13442511575972538,coarse,Coarse score,1.7661590215796108
3,0.1,5,3910.688696862897,8310.825650239305,0.09527073107610348,coarse,Coarse score,1.0027917832287059
4,0.1,5,7023.9835028970265,6972.673855227884,0.057277007700795635,coarse,Coarse score,0.2620531936165733
5,0.1,5,862.6066708859289,2057.272706167656,0.057583295928850524,coarse,Coarse score,0.2680246933778109
6,0.1,5,1137.5462455085944,407.31898797425674,0.0474413096393458,coarse,Coarse score,0.07029306950554426
7,0.1,5,360.9879233200336,2252.1353796673357,0.044546683134891886,coarse,Coarse score,0.013858443891657156
8,0.1,5,672.5093104005209,1184.7923492263071,0.042457089085550986,coarse,Coarse score,-0.02688099440136962
9,0.1,5,1775.1884522571927,1500.359240999387,0.033072842497496605,coarse,Coarse score,-0.20983946660853184
10,0.1,5,1727.8880291991518,2709.7441609985544,0.03670617521109299,coarse,Coarse score,-0.13900277278741188
11,0.1,5,6205.6507470651995,4571.175249772728,0.035912897703176905,coarse,Coarse score,-0.15446878164840913
12,0.1,5,5922.3552532728645,4215.660646740114,0.03129099673278342,coarse,Coarse score,-0.2445789393793893
13,0.1,5,5905.075688357872,5326.314969314088,0.027039641312906773,coarse,Coarse score,-0.3274648146738847
14,0.1,5,3506.7832798447926,5531.836871238833,0.02933666300134001,coarse,Coarse score,-0.2826812963808522
15,0.1,5,5419.45883845404,5360.36790143518,0.02668009282051247,coarse,Coarse score,-0.3344746947143973
16,0.1,5,4546.960106538958,5092.377429049055,0.025959328893156892,coarse,Coarse score,-0.34852695407625944
17,0.1,5,3230.0752906737616,5922.8098602136015,0.019470236226669404,coarse,Coarse score,-0.4750405179656114
18,0.1,5,5498.91731122596,7356.817695838923,0.022604246642684754,coarse,Coarse score,-0.413938781964194
0,0.1,6,12562.911960824276,10840.08614083362,0.1774767753292364,coarse,Coarse score,2.605508860366578
1,0.1,6,7251.491683014436,6680.667852041777,0.15358584818798068,coarse,Coarse score,2.139723196236559
2,0.1,6,4986.496144149045,9148.18471406604,0.12430322195391198,coarse,Coarse score,1.5688191276224224
3,0.1,6,10764.529043535178,9154.31897369714,0.09528038231161785,coarse,Coarse score,1.0029799470080836
4,0.1,6,4950.91004028602,6460.052910060564,0.06413583789997797,coarse,Coarse score,0.3957752865513582
5,0.1,6,262.43549050571164,2584.285210865317,0.05364572640889891,coarse,Coarse score,0.19125649501259748
6,0.1,6,2273.776154364925,698.1510987523361,0.049422648059647384,coarse,Coarse score,0.10892191913159475
7,0.1,6,3935.9536274304846,1722.3048231861903,0.04013887642028192,coarse,Coarse score,-0.07207765920649362
8,0.1,6,1060.209193410119,1496.438171027694,0.03696578294212531,coarse,Coarse score,-0.1339413719176497
9,0.1,6,1296.1516034901142,211.98903860006249,0.04888364469006683,coarse,Coarse score,0.09841332559799103
10,0.1,6,192.8039450480719,2336.1449782804702,0.031052767269479684,coarse,Coarse score,-0.24922354224993473
11,0.1,6,217.92767193884356,2524.4459134556237,0.03759352905798775,coarse,Coarse score,-0.12170261953465383
12,0.1,6,192.54154974746052,3014.692521676072,0.024176821871106906,coarse,Coarse score,-0.3832793189456931
13,0.1,6,7937.49758308928,5321.097091211937,0.026672195448252976,coarse,Coarse score,-0.33462866457756
14,0.1,6,6047.699842862203,5183.555891928729,0.028382831236763998,coarse,Coarse score,-0.3012775257906412
15,0.1,6,8335.122511343914,5918.292654303135,0.02799466567847203,coarse,Coarse score,-0.3088453339084437
16,0.1,6,4970.6473252319265,6249.165618903586,0.021707098613254212,coarse,Coarse score,-0.4314298859402148
17,0.1,6,9501.3026477971,6815.0282489986275,0.02077271502739134,coarse,Coarse score,-0.44964694702453617
18,0.1,6,6322.095883688657,7060.226264416997,0.02158886355498247,coarse,Coarse score,-0.4337350369632345
0,0.1,7,11212.60543292592,11418.653138922644,0.17887583601354556,coarse,Coarse score,2.6327854246516798
1,0.1,7,2646.250184572302,6290.2053716733935,0.1482894429083906,coarse,Coarse score,2.0364626724373167
2,0.1,7,6162.839206709177,9304.41524091363,0.12667147654160002,coarse,Coarse score,1.6149914268150463
3,0.1,7,9716.456013272807,10142.189241146552,0.08861387586248512,coarse,Coarse score,0.8730074635009771
4,0.1,7,9820.243337545136,7793.056468630617,0.07281632089934663,coarse,Coarse score,0.5650129437977464
5,0.1,7,1469.595904062735,2765.1953920944943,0.04693306707235561,coarse,Coarse score,0.0603841990709652
6,0.1,7,2678.1135455890326,1573.0266663068323,0.05052826749897725,coarse,Coarse score,0.13047745281927786
7,0.1,7,1555.7282200765912,2536.5319502361235,0.04169869391522657,coarse,Coarse score,-0.04166692531120663
8,0.1,7,1437.38126403786,1116.5350187848671,0.03962620970676255,coarse,Coarse score,-0.08207278431076878
9,0.1,7,1018.9015340702026,588.105110019038,0.03752386405125083,coarse,Coarse score,-0.12306083226694854
10,0.1,7,2326.6075256794575,2869.8045781080727,0.03473944572973693,coarse,Coarse score,-0.17734680155704508
11,0.1,7,493.64694757398684,2489.6324255804648,0.03487637683853234,coarse,Coarse score,-0.17467714595627137
12,0.1,7,608.7295368239866,4014.2139787611086,0.029951161633337806,coarse,Coarse score,-0.27070082146165925
13,0.1,7,1619.8447449533269,3825.8123961227247,0.024957981970804118,coarse,Coarse score,-0.36804955520826904
14,0.1,7,5147.85984030331,5884.916312416084,0.027851928674675796,coarse,Coarse score,-0.31162818321839575
15,0.1,7,6735.83871955541,6262.602556306694,0.02827605318083085,coarse,Coarse score,-0.3033593071883773
16,0.1,7,5554.389567385486,7312.9390572404955,0.024617395289843684,coarse,Coarse score,-0.374689749305678
17,0.1,7,9343.19772905216,6895.285312250839,0.022248159579035292,coarse,Coarse score,-0.42088117680929227
18,0.1,7,9482.981933434727,6476.1994762244285,0.024723741972762503,coarse,Coarse score,-0.3726163781033596
0,0.1,8,11261.99052085838,11077.964635305107,0.17215031635836,coarse,Coarse score,2.501662399551472
1,0.1,8,5978.524646820209,6548.618962448789,0.14877203689008156,coarse,Coarse score,2.0458714893048255
2,0.1,8,11206.299624784908,9830.44041366229,0.1284100802252443,coarse,Coarse score,1.6488878372246167
3,0.1,8,10434.72815780295,9566.261565848312,0.09870451874780435,coarse,Coarse score,1.0697380788533215
4,0.1,8,5635.964426903753,6623.961333787127,0.06433288803420026,coarse,Coarse score,0.399617043176916
5,0.1,8,9210.127421542129,4359.8736147838645,0.053561767806445656,coarse,Coarse score,0.18961960946303721
6,0.1,8,2383.847869919089,1538.5769645402324,0.04611096377459308,coarse,Coarse score,0.044356192779382214
7,0.1,8,2049.0434955840465,1328.3793876636773,0.040818651874401576,coarse,Coarse score,-0.05882452509895859
8,0.1,8,767.7331032587099,1581.1449962742045,0.04790769649245775,coarse,Coarse score,0.07938590666643981
9,0.1,8,2363.731215275533,818.157058754703,0.034497534525761264,coarse,Coarse score,-0.18206318489947806
10,0.1,8,1893.998038325517,974.2226078009116,0.03747824475934448,coarse,Coarse score,-0.12395024154152823
11,0.1,8,4447.71634829283,3150.706856889068,0.03172385358858646,coarse,Coarse score,-0.23613981448225252
12,0.1,8,4900.768550059991,3854.889237061492,0.029897224206037683,coarse,Coarse score,-0.2717524039409791
13,0.1,8,5287.4690293735475,4416.764992904093,0.027831166349123682,coarse,Coarse score,-0.3120329725988579
14,0.1,8,6707.664752856828,5614.68382252357,0.028432972958584882,coarse,Coarse score,-0.3002999456799626
15,0.1,8,9273.06732707913,5743.375702315476,0.01934267896760581,coarse,Coarse score,-0.47752741779483326
16,0.1,8,9371.846292572329,6696.95571534842,0.02348408127028764,coarse,Coarse score,-0.3967852259753636
17,0.1,8,6520.2179521168,7444.981575755635,0.023537570221281685,coarse,Coarse score,-0.39574238714307075
18,0.1,8,4289.65240403777,6580.0125238903565,0.024065115088666045,coarse,Coarse score,-0.3854571924764861
0,0.1,9,12061.124943453935,10961.023903398716,0.1793192980845831,coarse,Coarse score,2.641431312442196
1,0.1,9,4495.205975447956,6593.683525204193,0.14193293071925528,coarse,Coarse score,1.912533942754232
2,0.1,9,7396.273778705741,9869.695373855124,0.13633967719066808,coarse,Coarse score,1.8034859642451977
3,0.1,9,10334.108751384716,9510.114442443184,0.09070159509397589,coarse,Coarse score,0.9137103497057454
4,0.1,9,6248.940512443834,7033.913894204656,0.07324367465991258,coarse,Coarse score,0.5733447784731758
5,0.1,9,3703.9499627619516,2818.2255714915227,0.04884269530431822,coarse,Coarse score,0.09761496240664826
6,0.1,9,2222.981700421893,1081.924060199235,0.046626942963505426,coarse,Coarse score,0.05441589903371941
7,0.1,9,2111.762891277729,2212.776672324864,0.04570335588542954,coarse,Coarse score,0.036409330347625835
8,0.1,9,1338.1475023984676,17.15249141509412,0.039837779934647564,coarse,Coarse score,-0.0779479389867299
9,0.1,9,1035.3983189837309,1363.7102616879274,0.03819040859737968,coarse,Coarse score,-0.11006565245432648
10,0.1,9,4975.908883789263,532.1041594114504,0.036164560255446565,coarse,Coarse score,-0.149562282693701
11,0.1,9,2690.7053474721615,3116.938010937185,0.02821197884889042,coarse,Coarse score,-0.30460852221800344
12,0.1,9,5564.538474333589,4555.732406523137,0.028771731157665376,coarse,Coarse score,-0.2936954002889333
13,0.1,9,279.1198420308647,3851.6405659966404,0.028827894011476903,coarse,Coarse score,-0.29260043013531106
14,0.1,9,4935.09067734878,5418.453246944002,0.025488904735067767,coarse,Coarse score,-0.3576985039120115
15,0.1,9,6438.2518627929385,6366.007403039082,0.033639538290603725,coarse,Coarse score,-0.19879097214067695
16,0.1,9,7374.515697113471,6221.240775370563,0.021723205043925643,coarse,Coarse score,-0.4311158694743531
17,0.1,9,6631.138724866032,6334.100316115539,0.025145034881254115,coarse,Coarse score,-0.3644027078671731
18,0.1,9,5943.036574729835,6338.044660120213,0.024208469817013245,coarse,Coarse score,-0.3826622997979984
0,0.2,0,28454.178839602624,23738.22338372923,0.31534453488765424,coarse,Coarse score,5.2934257238835
1,0.2,0,19134.902777478273,21869.50932525692,0.22231819857857005,coarse,Coarse score,3.4797525422979745
2,0.2,0,6445.01451185171,10631.161942112085,0.11858976291259038,coarse,Coarse score,1.4574275814380928
3,0.2,0,782.1022742413334,416.34701187891187,0.09285736700305186,coarse,Coarse score,0.9557400141237421
4,0.2,0,1224.3574766224483,4.633426264161244,0.07434873557687398,coarse,Coarse score,0.5948894230182655
5,0.2,0,3446.7288324894034,7666.108267988253,0.06201425600704306,coarse,Coarse score,0.35441220234938736
6,0.2,0,10203.606491949118,11415.2878179478,0.06154941852973701,coarse,Coarse score,0.3453495723476562
7,0.2,0,14360.25525744236,12663.236243189429,0.04534614959257303,coarse,Coarse score,0.02944511462816636
8,0.2,0,15955.660384926596,14340.758945431677,0.04515858436512184,coarse,Coarse score,0.025788278980076948
9,0.2,0,19942.679883117205,16497.09349788283,0.04038289249187468,coarse,Coarse score,-0.06732023864708117
10,0.2,0,21674.92010661756,17394.325404296687,0.04603757896509304,coarse,Coarse score,0.04292545750368818
11,0.2,0,17523.630001553916,17655.650973647076,0.028133561058628232,coarse,Coarse score,-0.3061373822032573
12,0.2,0,24016.07003077137,18098.987551424187,0.03105602778431204,coarse,Coarse score,-0.24915997414068491
13,0.2,0,14594.555117090466,18186.362750132743,0.03420937501238219,coarse,Coarse score,-0.18768124105615508
14,0.2,0,24198.934425478743,20282.065039864916,0.0255141747056357,coarse,Coarse score,-0.35720583194687855
15,0.2,0,17055.251681609137,20963.62517923658,0.02115482348313114,coarse,Coarse score,-0.4421972302440135
16,0.2,0,22737.911962284066,23152.1702497332,0.03745155567413783,coarse,Coarse score,-0.12447058104968119
17,0.2,0,30641.24575829215,24802.625297752093,0.021114559673380807,coarse,Coarse score,-0.4429822272118614
18,0.2,0,25417.80389336683,24332.81949700811,0.028994098063102644,coarse,Coarse score,-0.28936005925686525
0,0.2,1,22643.09788744396,22266.351994798053,0.31790504046777684,coarse,Coarse score,5.343346213996524
1,0.2,1,21874.372521799523,21984.021493856504,0.21725831710802526,coarse,Coarse score,3.3811033673521
2,0.2,1,11653.157026502537,12556.39283982286,0.12358890975502251,coarse,Coarse score,1.554892653359255
3,0.2,1,3819.061261319148,1592.2416099131224,0.09114984596334053,coarse,Coarse score,0.9224496015417831
4,0.2,1,1372.904764274892,258.93316970887827,0.07028793216878435,coarse,Coarse score,0.5157186147379864
5,0.2,1,11714.704064459307,7451.773588829965,0.06716070188409287,coarse,Coarse score,0.4547490664893886
6,0.2,1,10080.835182753275,10084.57308808784,0.061667805439463576,coarse,Coarse score,0.3476576839184317
7,0.2,1,9667.831694339053,10968.466756254144,0.047840841603256384,coarse,Coarse score,0.07808248094407753
8,0.2,1,15241.233188095153,15167.75644993066,0.04186920295289659,coarse,Coarse score,-0.03834262295652095
9,0.2,1,18038.141432951496,16082.106898163911,0.04465820341860863,coarse,Coarse score,0.016032681379714735
10,0.2,1,21116.089782468218,16707.71473199647,0.03712881178692503,coarse,Coarse score,-0.13076290595446585
11,0.2,1,20482.457254626963,17531.686597707856,0.031255711734087234,coarse,Coarse score,-0.24526686774878054
12,0.2,1,13940.398775266192,17020.784784305608,0.028071453165924926,coarse,Coarse score,-0.30734825886281436
13,0.2,1,23201.534732162545,20322.236502162123,0.02343552041618181,coarse,Coarse score,-0.39773198494987594
14,0.2,1,15994.283553439775,19834.792452784954,0.029726093015798604,coarse,Coarse score,-0.2750888359943515
15,0.2,1,19302.291036681097,21478.68671434786,0.02041782558447016,coarse,Coarse score,-0.4565659926474381
16,0.2,1,25804.219163830276,23695.851200403587,0.02772111716288774,coarse,Coarse score,-0.3141785290686761
17,0.2,1,25706.24933635193,23464.34734273766,0.019438149648243707,coarse,Coarse score,-0.4756660888425099
18,0.2,1,29727.693343707593,25340.042736857315,0.01700853467782211,coarse,Coarse score,-0.5230346909853641
0,0.2,2,33014.617718732916,24893.643008783984,0.31393698356493593,coarse,Coarse score,5.265983623216035
1,0.2,2,22508.960291483672,23256.702705797623,0.2343854070622169,coarse,Coarse score,3.7150189547112773
2,0.2,2,11463.921382642235,11542.525488625397,0.10816927533224774,coarse,Coarse score,1.2542662014099841
3,0.2,2,3146.38901407714,970.7184195690206,0.09559046507110654,coarse,Coarse score,1.009025426248372
4,0.2,2,2871.4513657302014,705.1681057996466,0.0757794638743279,coarse,Coarse score,0.6227833898902501
5,0.2,2,1947.3920061958488,5971.811208474857,0.06167221597740727,coarse,Coarse score,0.3477436732705036
6,0.2,2,10436.904595457949,10216.740566818742,0.060812735177581574,coarse,Coarse score,0.33098694245018734
7,0.2,2,13975.040500848438,13456.58152965299,0.04783435198666541,coarse,Coarse score,0.07795595716557775
8,0.2,2,13462.636150568607,13751.037505645712,0.04440947889481798,coarse,Coarse score,0.011183463230319778
9,0.2,2,23497.73396487377,17366.010505475337,0.03932985055237738,coarse,Coarse score,-0.08785070346518845
10,0.2,2,13558.537266039697,16776.078814516834,0.032120198161637886,coarse,Coarse score,-0.2284125455030469
11,0.2,2,18518.057371494477,16963.799730795436,0.03330487261405774,coarse,Coarse score,-0.20531572831651868
12,0.2,2,16074.526611456124,17337.398557942885,0.03473542018605305,coarse,Coarse score,-0.177425284929716
13,0.2,2,14902.396577011386,18897.40574030968,0.040213458554047836,coarse,Coarse score,-0.07062358048853531
14,0.2,2,20469.225330021523,21124.066821094893,0.023540361787218033,coarse,Coarse score,-0.395687961821444
15,0.2,2,19385.475767311815,21620.372423258726,0.019916363636505913,coarse,Coarse score,-0.46634266582079165
16,0.2,2,27028.56047173828,22885.98663239577,0.020218118581180756,coarse,Coarse score,-0.46045954849851845
17,0.2,2,19934.221981139388,23522.19756697712,0.029140610081022165,coarse,Coarse score,-0.28650361098400484
18,0.2,2,33298.58300835523,25872.536671419395,0.020225294074099523,coarse,Coarse score,-0.4603196526411971
0,0.2,3,20980.298925233423,21406.753071851854,0.3103846178738279,coarse,Coarse score,5.196725490081127
1,0.2,3,26774.217903296172,22558.5466587423,0.230774876373817,coarse,Coarse score,3.6446268169505758
2,0.2,3,10374.181241423357,11796.97922557121,0.1198754614660206,coarse,Coarse score,1.4824939989546557
3,0.2,3,7018.585792824335,1699.24673367996,0.08812319501154947,coarse,Coarse score,0.8634409822724495
4,0.2,3,3977.591014437261,1367.5373141297605,0.07591318138680878,coarse,Coarse score,0.6253903921212003
5,0.2,3,6819.676553607802,7866.409444967576,0.06906075913341837,coarse,Coarse score,0.4917932306831613
6,0.2,3,7174.339176294161,9306.668781119166,0.05461867534363024,coarse,Coarse score,0.2102254392921122
7,0.2,3,12225.14563447528,11609.04471745214,0.04327467456814849,coarse,Coarse score,-0.010941068975155071
8,0.2,3,12803.989638916159,13479.442291365995,0.04097457066278156,coarse,Coarse score,-0.05578467922079224
9,0.2,3,20985.3644178182,17382.401104847202,0.038704493812875426,coarse,Coarse score,-0.1000428717517052
10,0.2,3,17182.652142845327,16892.114866189833,0.032362763405236784,coarse,Coarse score,-0.22368341078104323
11,0.2,3,16971.281912958308,15517.13217682665,0.03572465546919009,coarse,Coarse score,-0.15813881644682667
12,0.2,3,11770.96475780406,16322.76308584219,0.03129837738815204,coarse,Coarse score,-0.2444350436049699
13,0.2,3,13708.000243710936,18825.107840097917,0.025305742839049704,coarse,Coarse score,-0.36126949070861697
14,0.2,3,14642.212842701585,18794.157309125643,0.022044998783479684,coarse,Coarse score,-0.42484206897239474
15,0.2,3,14090.827400324983,19607.62384446425,0.023795348854832248,coarse,Coarse score,-0.3907166469816713
16,0.2,3,28348.838567685278,24057.40447761235,0.02019851782017863,coarse,Coarse score,-0.4608416916203341
17,0.2,3,24707.845057695464,24035.138258391,0.026515027120183384,coarse,Coarse score,-0.337692871907701
18,0.2,3,26232.270445740956,25323.786401740916,0.02921219062236117,coarse,Coarse score,-0.2851080523357681
0,0.2,4,24157.66984463064,22037.614531025,0.31805213072867466,coarse,Coarse score,5.346213935891713
1,0.2,4,31559.43237320549,24406.881382611115,0.221925013480352,coarse,Coarse score,3.4720868715177367
2,0.2,4,13681.940011399565,11789.278059922042,0.1201283040255435,coarse,Coarse score,1.4874235037332433
3,0.2,4,8156.91317623097,1374.6725118271424,0.09120980976286064,coarse,Coarse score,0.9236186762293453
4,0.2,4,2495.322267776588,272.1631784540368,0.07610803738426328,coarse,Coarse score,0.6291893711079694
5,0.2,4,3139.3558876895695,6090.90697655431,0.06579628409395327,coarse,Coarse score,0.4281479118848218
6,0.2,4,10886.887143531989,10465.813289344078,0.056685993419206444,coarse,Coarse score,0.25053057760285763
7,0.2,4,9816.768669193785,12326.741571013466,0.05620242983178864,coarse,Coarse score,0.2411028569713905
8,0.2,4,13510.472443010134,13974.226478048426,0.03828737143980793,coarse,Coarse score,-0.10817523180680026
9,0.2,4,15114.127602980996,15300.243008484133,0.04071516377346085,coarse,Coarse score,-0.06084216441204292
10,0.2,4,12720.669150070287,16693.47744414152,0.04715132407724544,coarse,Coarse score,0.06463941208017851
11,0.2,4,17712.614861835027,17058.688845083292,0.03380610083764518,coarse,Coarse score,-0.19554361191333275
12,0.2,4,14427.718497640803,17171.08099773497,0.032329674305173285,coarse,Coarse score,-0.2243285271617268
13,0.2,4,13087.213385864045,17214.59952395357,0.023219549803077923,coarse,Coarse score,-0.4019426216850007
14,0.2,4,25108.8132084572,20750.18356594356,0.025441166944338237,coarse,Coarse score,-0.35862921616221366
15,0.2,4,17328.487177107483,21670.597564515076,0.04888614092790182,coarse,Coarse score,0.0984619931022249
16,0.2,4,26845.613427778357,23401.485676509794,0.021450212897180247,coarse,Coarse score,-0.43643821747793926
17,0.2,4,19708.82970789564,22659.027466492902,0.011430459828299348,coarse,Coarse score,-0.631786740790299
18,0.2,4,21701.376685190597,23525.674740894407,0.022443871302202614,coarse,Coarse score,-0.4170655143021599
0,0.2,5,20926.92074659519,20976.579885343264,0.322217533892942,coarse,Coarse score,5.427424056694734
1,0.2,5,13827.53518641321,20965.341923907283,0.2263468168079585,coarse,Coarse score,3.5582958573567542
2,0.2,5,13199.624979285349,11976.713110558689,0.11526513854172166,coarse,Coarse score,1.39260957075931
3,0.2,5,10892.073560495337,2093.032191716542,0.08800873401132611,coarse,Coarse score,0.8612094115723757
4,0.2,5,1207.1240088108461,812.2250062256353,0.07456203016399841,coarse,Coarse score,0.5990478870381709
5,0.2,5,3784.1645533271367,6048.456206681847,0.07368781162429397,coarse,Coarse score,0.5820038242145125
6,0.2,5,6949.287141765526,9698.97874621913,0.05315912687302379,coarse,Coarse score,0.1817695844945221
7,0.2,5,12627.095125579624,12194.764245448052,0.05341228158339513,coarse,Coarse score,0.18670517507251747
8,0.2,5,13456.17427568871,13263.689782868954,0.03899508909318167,coarse,Coarse score,-0.0943773270522383
9,0.2,5,12078.983333507495,16322.903395777103,0.04101492538030894,coarse,Coarse score,-0.05499790988391665
10,0.2,5,18632.733186862897,17559.83403831499,0.03520805262334295,coarse,Coarse score,-0.1682106817294781
11,0.2,5,21032.736924460856,19114.03926203656,0.030978850852634854,coarse,Coarse score,-0.25066464192374044
12,0.2,5,17288.378503982618,18014.539581698307,0.022792291372076615,coarse,Coarse score,-0.4102725977827234
13,0.2,5,20941.052044426673,19443.0390859748,0.03315915434933863,coarse,Coarse score,-0.20815670130625497
14,0.2,5,14998.387446469802,19838.12431769824,0.024553579674974124,coarse,Coarse score,-0.3759339202990487
15,0.2,5,23670.954188937903,21615.855773714953,0.021298811430840614,coarse,Coarse score,-0.4393899921048639
16,0.2,5,18734.150948090828,21237.590260932804,0.021131403471721495,coarse,Coarse score,-0.44265383477442266
17,0.2,5,16790.91249447089,22542.313734575175,0.022027248096772957,coarse,Coarse score,-0.42518814241473424
18,0.2,5,23176.95042095479,24919.81057398423,0.018013572867036975,coarse,Coarse score,-0.5034401236556145
0,0.2,6,25126.689509110118,22051.613046871847,0.3201074217040711,coarse,Coarse score,5.386284589755217
1,0.2,6,21975.52749135095,21916.541842821694,0.21535733354411737,coarse,Coarse score,3.344041143413287
2,0.2,6,5882.4978604979115,11741.09241838759,0.12192661060467358,coarse,Coarse score,1.5224839021563352
3,0.2,6,1212.9557416416355,570.2316479351139,0.08621492872898323,coarse,Coarse score,0.8262367719667242
4,0.2,6,6325.5202519414015,276.3378333070432,0.07621644838228922,coarse,Coarse score,0.6313029889017013
5,0.2,6,4284.718931184616,5862.646834051062,0.0694631000384665,coarse,Coarse score,0.4996374061961699
6,0.2,6,13738.248741660325,11299.602560169238,0.05045688015953013,coarse,Coarse score,0.12908566090102144
7,0.2,6,8541.956019700214,12470.02643274184,0.053241569370573956,coarse,Coarse score,0.18337691154578703
8,0.2,6,17907.263331562222,14347.510606245312,0.0472018551894357,coarse,Coarse score,0.0656245838783095
9,0.2,6,11387.201210641244,14721.278832608834,0.04213045526458946,coarse,Coarse score,-0.033249158781276315
10,0.2,6,15300.501936039655,16738.33929086919,0.028439290642454877,coarse,Coarse score,-0.30017677396043285
11,0.2,6,15160.248445724603,16775.89615598612,0.03861971598140868,coarse,Coarse score,-0.10169572926953045
12,0.2,6,10329.006207170838,16205.83139023761,0.02703943996122067,coarse,Coarse score,-0.32746874029503287
13,0.2,6,23577.242561913794,20086.473165311443,0.029753647089205415,coarse,Coarse score,-0.2745516323812227
14,0.2,6,25125.59225848154,20261.880728562362,0.03376960801407408,coarse,Coarse score,-0.1962550884484435
15,0.2,6,23961.544805109093,21842.072451130894,0.021529652794510457,coarse,Coarse score,-0.43488943014467263
16,0.2,6,21242.633809868596,22594.58490460558,0.01953060745182677,coarse,Coarse score,-0.4738634999688629
17,0.2,6,30475.973934498033,24257.90427448688,0.04024945342450907,coarse,Coarse score,-0.06992181221709354
18,0.2,6,26408.70647516474,24585.52588489582,0.02775978446826279,coarse,Coarse score,-0.3134246580946554
0,0.2,7,22025.155762292212,22489.887792001013,0.3152912742774545,coarse,Coarse score,5.292387336861215
1,0.2,7,14450.039748583164,20914.973642999597,0.22140425352685647,coarse,Coarse score,3.461933957846489
2,0.2,7,6697.20814007998,11953.003452508361,0.11477960436068507,coarse,Coarse score,1.383143430762532
3,0.2,7,967.3083390664542,363.8582510360284,0.08988649727473347,coarse,Coarse score,0.8978189246127798
4,0.2,7,5730.97974266106,1116.7445597807528,0.07149945654474203,coarse,Coarse score,0.5393389071916304
5,0.2,7,2460.9496052539325,6014.724644179398,0.0718402568035149,coarse,Coarse score,0.5459832652749164
6,0.2,7,6826.089298233157,8442.851562606811,0.06039256698697405,coarse,Coarse score,0.3227952000974815
7,0.2,7,14830.234062705189,12614.215228659916,0.04633298115707795,coarse,Coarse score,0.048684719392756974
8,0.2,7,14339.909775915148,14934.13994675636,0.04253081795925374,coarse,Coarse score,-0.02544355113262801
9,0.2,7,14546.062470644654,15520.570856562757,0.03833275993480692,coarse,Coarse score,-0.10729032222744532
10,0.2,7,16319.617507137242,16957.204951553897,0.042789142409048776,coarse,Coarse score,-0.020407169551562274
11,0.2,7,13650.59921630018,16384.223725887365,0.031495051779662254,coarse,Coarse score,-0.24060061258748291
12,0.2,7,13908.449620103056,17716.24016731378,0.023101590753623797,coarse,Coarse score,-0.40424239154597263
13,0.2,7,10460.904383366695,17336.4666114187,0.03961774051951395,coarse,Coarse score,-0.08223790247399053
14,0.2,7,21558.94151390152,20909.87274815736,0.025911542688675314,coarse,Coarse score,-0.34945861021748426
15,0.2,7,21406.91966237797,21643.5253339599,0.018131088185633946,coarse,Coarse score,-0.5011490049227789
16,0.2,7,17503.477655133,23244.044272363884,0.013953279642582226,coarse,Coarse score,-0.5826009852217373
17,0.2,7,25483.70782300725,23478.75926088268,0.02088969547751693,coarse,Coarse score,-0.4473662562698486
18,0.2,7,26639.00937157753,23869.642188444035,0.01717510110026393,coarse,Coarse score,-0.5197872552018926
0,0.2,8,20891.721413942927,22062.674553663062,0.315384983952474,coarse,Coarse score,5.294214332647368
1,0.2,8,22261.137221599056,22468.194812357193,0.2226106278332789,coarse,Coarse score,3.4854538427879165
2,0.2,8,15835.062902816688,12621.587300997518,0.1222082428017817,coarse,Coarse score,1.5279746995286931
3,0.2,8,2622.5035968329175,1240.6864121954422,0.0899634837569982,coarse,Coarse score,0.8993198793291327
4,0.2,8,1062.408987669798,167.8379968322697,0.07197765818163802,coarse,Coarse score,0.5486620894069001
5,0.2,8,15809.166026086896,8704.7343282277,0.061113206163826574,coarse,Coarse score,0.3368450272809869
6,0.2,8,7096.975138343172,8497.575371296203,0.06289422245740649,coarse,Coarse score,0.3715683283997187
7,0.2,8,9022.889938264387,12398.537093276507,0.04961310344693996,coarse,Coarse score,0.11263510232171146
8,0.2,8,16506.231359159283,13999.012899314985,0.0448710754361359,coarse,Coarse score,0.0201829068386262
9,0.2,8,14964.934298687323,15536.484230192145,0.031683832504633816,coarse,Coarse score,-0.23692007918516125
10,0.2,8,10551.435676090943,15053.857908337435,0.03877786196203596,coarse,Coarse score,-0.09861246129167255
11,0.2,8,17057.841110778507,16617.073050105653,0.03071636958967333,coarse,Coarse score,-0.2557820661520826
12,0.2,8,16921.909730444604,17755.81555348169,0.031232039028936252,coarse,Coarse score,-0.24572839888255824
13,0.2,8,20554.767681492434,19026.05531605496,0.0282470564912009,coarse,Coarse score,-0.30392463653943186
14,0.2,8,23750.72610029514,21104.778100355237,0.03285513489818429,coarse,Coarse score,-0.21408396821921766
15,0.2,8,29446.020483987173,21135.012324881856,0.03103353465540821,coarse,Coarse score,-0.2495985078536249
16,0.2,8,22569.61846680875,22644.737734742113,0.019389503264095345,coarse,Coarse score,-0.47661451533990357
17,0.2,8,25776.23176998453,24553.706462818314,0.01679023039686271,coarse,Coarse score,-0.5272908257049544
18,0.2,8,20616.493522519362,24263.893015829555,0.011784577314147296,coarse,Coarse score,-0.6248827455057917
0,0.2,9,25519.241535664652,22589.330106291396,0.31796493430240425,coarse,Coarse score,5.344513924624675
1,0.2,9,18606.567333253683,21890.245352575614,0.23057617874659705,coarse,Coarse score,3.6407529402396177
2,0.2,9,8720.162199591345,12484.780627887987,0.12634453444924762,coarse,Coarse score,1.6086172522709596
3,0.2,9,612.7511139524286,307.97312549559865,0.08452350927352785,coarse,Coarse score,0.7932602813632578
4,0.2,9,492.5672574886703,332.0423301262781,0.07640986649702933,coarse,Coarse score,0.6350739344366456
5,0.2,9,9901.969132237951,6880.411010842712,0.06581985827249136,coarse,Coarse score,0.4286075221101496
6,0.2,9,4610.468289735494,8972.273990493035,0.052306683816829874,coarse,Coarse score,0.1651500639244452
7,0.2,9,12020.090627407597,11988.597729146306,0.05456670703574611,coarse,Coarse score,0.20921224743654282
8,0.2,9,18128.507552772586,15693.460448960483,0.049738984073012325,coarse,Coarse score,0.11508931394227966
9,0.2,9,16658.007174684724,16238.92803709436,0.03521268786649799,coarse,Coarse score,-0.16812031144796455
10,0.2,9,6799.0799909528,14216.00183083082,0.03836179185793729,coarse,Coarse score,-0.10672430595204932
11,0.2,9,17074.995402123837,17187.18706505734,0.04328232967949142,coarse,Coarse score,-0.01079182231345065
12,0.2,9,16769.185614286922,18462.99361895176,0.026030915177297134,coarse,Coarse score,-0.347131283464411
13,0.2,9,12470.856704868784,17883.05633195321,0.024399362136201693,coarse,Coarse score,-0.3789405980346135
14,0.2,9,20920.01072548161,20610.538484745775,0.030006623418118,coarse,Coarse score,-0.2696195195889885
15,0.2,9,23036.451060129737,22436.08819307806,0.019455394305271347,coarse,Coarse score,-0.47532988112738767
16,0.2,9,23618.038483485172,22340.585479475034,0.017886884766525078,coarse,Coarse score,-0.5059100780732647
17,0.2,9,23085.615368283645,22944.212211728795,0.018495912012562166,coarse,Coarse score,-0.4940362751609115
18,0.2,9,21459.421548179816,23696.529710375413,0.03294573632143575,coarse,Coarse score,-0.21231757196967943
0,0.0,0,2049.417521397874,2175.40706798929,0.19395714028235064,task,Task-aligned,1.2590282176943839
1,0.0,0,2295.996578399092,2026.9148217152688,0.048079945921981275,task,Task-aligned,-0.9396646702661636
2,0.0,0,2587.2721947478713,1467.119756124972,0.05536483851674537,task,Task-aligned,-0.8298651803054786
3,0.0,0,946.5881975372322,2016.3943652468733,0.042556844330860655,task,Task-aligned,-1.0229100619884735
4,0.0,0,1701.5294846086763,1363.747726705973,0.04087754284676971,task,Task-aligned,-1.0482208601978984
5,0.0,0,2132.997371008212,2586.1994629488327,0.046562083871594516,task,Task-aligned,-0.9625422181222473
6,0.0,0,2708.2944734993507,2686.171513940557,0.042451615172577936,task,Task-aligned,-1.0244960988116847
7,0.0,0,1546.4552850716282,1168.5679203081527,0.04315062698420975,task,Task-aligned,-1.0139604403383078
8,0.0,0,179.12999457644764,857.6898012722959,0.04954044651982678,task,Task-aligned,-0.9176516867328209
9,0.0,0,3554.135794415255,2535.2497075904394,0.04357292974117308,task,Task-aligned,-1.0075954010847583
10,0.0,0,3526.3141843648045,1906.9641728828428,0.040845695879698204,task,Task-aligned,-1.0487008646311495
11,0.0,0,2277.3430644413456,1218.035674598068,0.043039656544095826,task,Task-aligned,-1.015633011013403
12,0.0,0,2259.4079031787696,1288.5040057415608,0.03704701392011748,task,Task-aligned,-1.1059554275858046
13,0.0,0,1608.4876721925102,1350.6962754435954,0.04675404061375567,task,Task-aligned,-0.9596490042402804
14,0.0,0,2359.1106116459705,1452.9557517949142,0.033851020770250824,task,Task-aligned,-1.1541261333592046
15,0.0,0,109.0919032752281,1139.8157495020423,0.04178917055553092,task,Task-aligned,-1.0344806085532892
16,0.0,0,2983.468130055815,2391.138524108217,0.037815218689512674,task,Task-aligned,-1.0943768777626288
17,0.0,0,1088.4078666436253,1739.3637044834904,0.03649263567425986,task,Task-aligned,-1.1143111374124963
18,0.0,0,2421.268299339863,1958.608102703467,0.054640439472849196,task,Task-aligned,-0.8407834806802809
0,0.0,1,1469.473424712778,1073.5751101236674,0.1880918953807838,task,Task-aligned,1.170625967378516
1,0.0,1,1821.5300053723622,1485.434142846032,0.0583697967615589,task,Task-aligned,-0.7845737942841085
2,0.0,1,915.8334974957397,1525.433097880974,0.0354828035890058,task,Task-aligned,-1.1295315468371354
3,0.0,1,2493.9229415628943,1376.443759797723,0.038311570127565905,task,Task-aligned,-1.0868957606383123
4,0.0,1,1037.3225025477586,1119.8270500552026,0.05057181871686611,task,Task-aligned,-0.9021066200456411
5,0.0,1,1817.2913545828196,913.8246782959905,0.04669449659478125,task,Task-aligned,-0.960546464680301
6,0.0,1,670.8688557560672,1202.592844599043,0.04698361229420286,task,Task-aligned,-0.9561888498049719
7,0.0,1,535.8798803085228,1238.0183386618155,0.03832643129192908,task,Task-aligned,-1.0866717699279382
8,0.0,1,624.6150857666507,1803.611657280766,0.04080101843362653,task,Task-aligned,-1.0493742528421084
9,0.0,1,2209.3437926530605,1923.8817785187275,0.04780910441074675,task,Task-aligned,-0.9437468525916939
10,0.0,1,1360.4077167546493,1179.2699195637833,0.04392247056916405,task,Task-aligned,-1.0023270454934312
11,0.0,1,5231.737013291509,1993.1497378033819,0.03467635650397615,task,Task-aligned,-1.1416864931818733
12,0.0,1,1481.2662535221898,1417.51927658997,0.033898752095919034,task,Task-aligned,-1.1534067164089417
13,0.0,1,1529.3775170851732,1672.796722177125,0.032031987991196255,task,Task-aligned,-1.1815429921205143
14,0.0,1,1918.9397905229125,2323.7769142716425,0.041559572320080305,task,Task-aligned,-1.0379411632314006
15,0.0,1,42.81658424407942,1316.3795614570263,0.042599168002296336,task,Task-aligned,-1.0222721503821663
16,0.0,1,760.3289182653534,1395.3681229301146,0.04160591491102737,task,Task-aligned,-1.037242677593726
17,0.0,1,2185.3977194229956,989.0102007683017,0.04259448585093523,task,Task-aligned,-1.022342720788618
18,0.0,1,3562.7873673359863,1521.0206856499426,0.03806592489309343,task,Task-aligned,-1.0905981791853936
0,0.0,2,1646.072852475394,1283.339518240944,0.1865443496215811,task,Task-aligned,1.1473010201893967
1,0.0,2,177.18241904873867,1749.806555279065,0.04385041552221327,task,Task-aligned,-1.003413074875659
2,0.0,2,1996.314441895811,1292.6689479011693,0.04514907417280906,task,Task-aligned,-0.9838394084676005
3,0.0,2,2605.5652125594206,1447.76020547183,0.05030709396729284,task,Task-aligned,-0.9060966092053999
4,0.0,2,1527.5154998683138,1808.3968696091324,0.04147077451454367,task,Task-aligned,-1.0392795431224862
5,0.0,2,585.546079584572,1076.9321862016222,0.04753716674702297,task,Task-aligned,-0.9478455563666036
6,0.0,2,2252.118816794886,1764.1176046176115,0.0464505423056836,task,Task-aligned,-0.9642233969299125
7,0.0,2,1413.0297503535985,1866.4213839132572,0.03296243914786368,task,Task-aligned,-1.1675190293638305
8,0.0,2,1121.3590509177302,1184.89511502604,0.038065222381926236,task,Task-aligned,-1.0906087675869172
9,0.0,2,2396.9354133732268,2193.1417972640484,0.0343963305723397,task,Task-aligned,-1.1459071050947445
10,0.0,2,973.9201841524919,2019.7159168109647,0.03987094537393813,task,Task-aligned,-1.0633925168386649
11,0.0,2,2390.304161881504,1286.753375538974,0.037355972428900264,task,Task-aligned,-1.1012987375602374
12,0.0,2,1000.1929883282282,1241.7858614308643,0.0391630350585079,task,Task-aligned,-1.0740622955019783
13,0.0,2,596.4639072483405,1487.8294050110853,0.039123860094039634,task,Task-aligned,-1.074652749110167
14,0.0,2,1515.7099558329792,1744.9352547771414,0.03879639158194191,task,Task-aligned,-1.079588425942569
15,0.0,2,1607.078535759123,1613.5170430380385,0.042022481140923225,task,Task-aligned,-1.030964100527225
16,0.0,2,793.1871216550935,1032.7078001888003,0.03494560435526339,task,Task-aligned,-1.1376283308466322
17,0.0,2,1930.5375011810102,1400.4704726567725,0.04754609843304287,task,Task-aligned,-0.9477109360469879
18,0.0,2,2818.860144956736,1456.012847842183,0.03876841390557665,task,Task-aligned,-1.0800101115824368
0,0.0,3,2042.4497558940784,1491.639023684198,0.1877814216274223,task,Task-aligned,1.1659464392561971
1,0.0,3,420.5050495391479,989.6573590316111,0.04521306006099535,task,Task-aligned,-0.982874999206085
2,0.0,3,509.43766935914755,1496.1859140096349,0.05190890616745644,task,Task-aligned,-0.8819537463830741
3,0.0,3,1250.522825463675,1927.3552561536198,0.060892348209913155,task,Task-aligned,-0.7465533487077446
4,0.0,3,1784.6456041452475,1688.411985191342,0.044025034563000894,task,Task-aligned,-1.0007811786099976
5,0.0,3,833.2143803890795,1736.5654001784278,0.03823811755558406,task,Task-aligned,-1.0880028538225965
6,0.0,3,1981.8374143371475,1619.4182541503105,0.04904934230192494,task,Task-aligned,-0.9250537166106423
7,0.0,3,2289.950420524867,901.0054597775452,0.04585989024485862,task,Task-aligned,-0.9731258336067995
8,0.0,3,577.8963016371126,1312.9312984521384,0.03667454336844606,task,Task-aligned,-1.1115693849732189
9,0.0,3,717.5523659592727,1983.061617110623,0.041324675035654006,task,Task-aligned,-1.0414815863313505
10,0.0,3,3228.551554543141,2466.1945245948737,0.03690394048786981,task,Task-aligned,-1.1081118615597259
11,0.0,3,1215.994656326482,218.51711321651237,0.03594672788461855,task,Task-aligned,-1.1225391786757624
12,0.0,3,3206.768818167562,1937.4812674759305,0.04245160129563906,task,Task-aligned,-1.024496307967934
13,0.0,3,2224.856654913805,2417.038064952765,0.034964135793816846,task,Task-aligned,-1.1373490209632071
14,0.0,3,961.1245566843427,978.7699930969975,0.045301448782550456,task,Task-aligned,-0.9815427851179865
15,0.0,3,1044.4334279960021,695.3469263896695,0.04022077256972281,task,Task-aligned,-1.0581198450494962
16,0.0,3,1831.3525622792658,1088.866663730878,0.043917608789773355,task,Task-aligned,-1.0024003232927199
17,0.0,3,731.4499787535169,1097.1168808952207,0.03630985016944052,task,Task-aligned,-1.1170661204050794
18,0.0,3,3466.4195669447654,1949.7772244887892,0.03748503810707138,task,Task-aligned,-1.0993534315107285
0,0.0,4,1592.5924981982098,670.642311105039,0.1857710437065551,task,Task-aligned,1.1356455847867577
1,0.0,4,2926.287802584935,1957.3517122149933,0.05051238507336021,task,Task-aligned,-0.9030024168825285
2,0.0,4,866.6703037394909,1085.8197031805757,0.04100911538961211,task,Task-aligned,-1.0462377701373382
3,0.0,4,442.0706140184193,2156.2392882053973,0.043669937514647574,task,Task-aligned,-1.0061332787663901
4,0.0,4,1663.2501476939651,852.4549751881277,0.051502892250443195,task,Task-aligned,-0.88807327668844
5,0.0,4,1317.724568867241,1054.2481957057025,0.04604791839488497,task,Task-aligned,-0.9702918323222804
6,0.0,4,2742.063157499011,1426.4901137556299,0.04498392376542135,task,Task-aligned,-0.986328591425631
7,0.0,4,3006.427244727849,1838.9772149326745,0.04079161318124815,task,Task-aligned,-1.04951601085716
8,0.0,4,908.5939390853746,1396.6498942211038,0.035305804949705845,task,Task-aligned,-1.1321993089305449
9,0.0,4,481.7381867330405,755.618732308445,0.03350318432190928,task,Task-aligned,-1.159368800168745
10,0.0,4,470.28883873618906,1560.6352317546261,0.03736797729497195,task,Task-aligned,-1.101117797600647
11,0.0,4,1205.6588081643567,522.5349775264622,0.0375976524435191,task,Task-aligned,-1.0976560836715705
12,0.0,4,927.5732851809007,1083.9343558237306,0.040131194324398066,task,Task-aligned,-1.0594699878992753
13,0.0,4,53.0028564381646,1093.9805821034242,0.03452466859436523,task,Task-aligned,-1.1439727664373571
14,0.0,4,2638.052332190331,1340.660351304512,0.03872859745812788,task,Task-aligned,-1.0806102337620094
15,0.0,4,621.2318395326729,1436.1901273535914,0.03826781801544908,task,Task-aligned,-1.0875552020140962
16,0.0,4,1948.1400377349928,1528.1505012239213,0.04208191346380168,task,Task-aligned,-1.0300683235951225
17,0.0,4,333.852395750524,1293.8180759685347,0.040467223327789875,task,Task-aligned,-1.0544052854751194
18,0.0,4,2070.2731831856654,1449.3616810366511,0.03557722336024609,task,Task-aligned,-1.128108431452862
0,0.0,5,3674.571743953391,943.570787779754,0.18821779375153055,task,Task-aligned,1.1725235350797627
1,0.0,5,3.8410788768087514,1218.8611796007608,0.04378787180153075,task,Task-aligned,-1.0043557474740334
2,0.0,5,1043.4108982751495,1008.1968078395003,0.050864891871455084,task,Task-aligned,-0.8976893575429425
3,0.0,5,1815.3726388625219,1583.8233798453002,0.03908066518529573,task,Task-aligned,-1.075303792195193
4,0.0,5,2648.0815174884046,1717.7052644448704,0.04057640809900286,task,Task-aligned,-1.0527596287911378
5,0.0,5,117.84286383353174,662.3430517651723,0.03147764515765716,task,Task-aligned,-1.1898981682050183
6,0.0,5,1880.4751431713812,1467.540914266021,0.03893496914514858,task,Task-aligned,-1.0774997546873437
7,0.0,5,1555.7505705873482,1055.0399427983211,0.039478491417185284,task,Task-aligned,-1.069307668465675
8,0.0,5,2798.9019436822273,1095.0024476753315,0.05153539457619988,task,Task-aligned,-0.8875833945461576
9,0.0,5,671.7323634499335,2010.5815875952248,0.04355939817565796,task,Task-aligned,-1.0077993517913202
10,0.0,5,1149.1068429651787,1745.5612313618767,0.04280458470658796,task,Task-aligned,-1.019176065015467
11,0.0,5,3447.277939736203,2041.131247577141,0.04428482879421577,task,Task-aligned,-0.9968655032982401
12,0.0,5,4083.4490601622965,1545.243452291179,0.04779886498406916,task,Task-aligned,-0.9439011834637093
13,0.0,5,1984.7111170318094,2043.3948245598585,0.04565908437346624,task,Task-aligned,-0.9761524234944583
14,0.0,5,2037.1869265633868,1923.6314849222545,0.042927337692601555,task,Task-aligned,-1.0173259052388999
15,0.0,5,1515.7869073215988,1387.1327127061086,0.04579334477983375,task,Task-aligned,-0.9741288213686478
16,0.0,5,271.23768108460354,472.33983161492506,0.04783931815010849,task,Task-aligned,-0.9432914645226771
17,0.0,5,1362.3259229465039,1360.0293033260386,0.038989185408372116,task,Task-aligned,-1.0766825953439378
18,0.0,5,262.93096710031386,1613.3114145608852,0.0414895595872372,task,Task-aligned,-1.0389964104099867
0,0.0,6,1974.808055938047,1292.9528795045917,0.1849514620741786,task,Task-aligned,1.1232926716798763
1,0.0,6,3827.6643667535973,1865.7109191048658,0.05067311432761863,task,Task-aligned,-0.9005798705086779
2,0.0,6,698.8080458754557,1674.0293329614797,0.0478714423893977,task,Task-aligned,-0.9428072809820899
3,0.0,6,851.2288658948964,1095.4478668218362,0.048919565430760044,task,Task-aligned,-0.9270097419160587
4,0.0,6,1254.2897065236466,1332.5462323529064,0.03782162345795811,task,Task-aligned,-1.0942803436957944
5,0.0,6,1139.8007917373907,1445.2992454146734,0.04632076974475304,task,Task-aligned,-0.9661793572705368
6,0.0,6,1913.1849808988045,2501.469308719563,0.04757279735713419,task,Task-aligned,-0.9473085240402778
7,0.0,6,1034.1345237662317,1949.6532598707709,0.048141130244580346,task,Task-aligned,-0.938742486812176
8,0.0,6,1218.345196538081,1363.849354605889,0.041101565659093425,task,Task-aligned,-1.0448443395131073
9,0.0,6,2414.235451845103,2002.5445369867375,0.049560500550518916,task,Task-aligned,-0.9173494280086175
10,0.0,6,1100.3674441922922,1915.3011128591024,0.038911480950066926,task,Task-aligned,-1.0778537738861877
11,0.0,6,173.0437277641613,778.180644719454,0.04674711615065086,task,Task-aligned,-0.959753371258362
12,0.0,6,625.6344329299172,1345.7139089147095,0.03547713731801761,task,Task-aligned,-1.1296169501092344
13,0.0,6,1683.6615717188688,1110.6442251045955,0.04544758904983768,task,Task-aligned,-0.9793401271374987
14,0.0,6,2440.3092604682897,1324.5972422448685,0.041925669479695976,task,Task-aligned,-1.0324232669990323
15,0.0,6,463.4340488402522,595.2582445649896,0.04284035232933962,task,Task-aligned,-1.018636967604743
16,0.0,6,1046.8976857521338,1366.4277899109293,0.040191418361613655,task,Task-aligned,-1.0585622780760175
17,0.0,6,1344.7107084100135,1113.7054518095101,0.029412143253333675,task,Task-aligned,-1.221029863375177
18,0.0,6,1299.4166920465068,1770.7984796446399,0.047230209266600306,task,Task-aligned,-0.9524720864563195
0,0.0,7,2318.5162294581532,2042.0599949836615,0.19081552610493885,task,Task-aligned,1.2116771236534096
1,0.0,7,693.781778427714,1876.584366106952,0.049923758049808725,task,Task-aligned,-0.9118743317559861
2,0.0,7,1447.7715058535687,1965.18738963356,0.04603327333507666,task,Task-aligned,-0.970512565857673
3,0.0,7,599.658198461635,1762.0944931239355,0.04470522331779957,task,Task-aligned,-0.9905292253543564
4,0.0,7,4134.162311530323,2229.93190559512,0.05192527877382515,task,Task-aligned,-0.8817069748891604
5,0.0,7,2204.8756239940412,1181.8949571935227,0.03978067644684579,task,Task-aligned,-1.0647530697946768
6,0.0,7,1448.3321943922201,871.6801112488029,0.044149915174203566,task,Task-aligned,-0.998898950802564
7,0.0,7,329.2625702228979,739.201783186174,0.0383443077325392,task,Task-aligned,-1.086402332316365
8,0.0,7,298.50640694989124,1216.5350421520998,0.038177513681377374,task,Task-aligned,-1.0889162886318235
9,0.0,7,109.44290088338312,1236.3399302198086,0.03209639752140125,task,Task-aligned,-1.1805721976341002
10,0.0,7,1774.9484152923105,2304.8598588891327,0.03661477852546973,task,Task-aligned,-1.112470173720756
11,0.0,7,263.4979355239775,785.6897481916822,0.052324088216007,task,Task-aligned,-0.8756960319996873
12,0.0,7,153.60461217700504,1380.7342968150042,0.04089310024865704,task,Task-aligned,-1.0479863756437169
13,0.0,7,1206.3326950269402,642.3462268181611,0.04491930368226789,task,Task-aligned,-0.9873025594120042
14,0.0,7,489.73329939873656,945.1256934143603,0.03890482466428349,task,Task-aligned,-1.0779540988771943
15,0.0,7,1582.0477659842581,1824.1923598379362,0.04202407163919785,task,Task-aligned,-1.0309401281903556
16,0.0,7,1810.533389824559,2114.573703650967,0.035107085525172346,task,Task-aligned,-1.1351944514361105
17,0.0,7,3050.5087980815442,1375.9666963415802,0.033020823377618254,task,Task-aligned,-1.1666390495198715
18,0.0,7,3261.455531346204,1655.4479115580325,0.03695369161524315,task,Task-aligned,-1.1073620017176622
0,0.0,8,2639.571655156964,1787.9248348062974,0.190299260086824,task,Task-aligned,1.2038958496352055
1,0.0,8,1248.132687719888,1368.3816084993305,0.05328745786414232,task,Task-aligned,-0.8611759145603597
2,0.0,8,2730.661399157718,1793.290641518135,0.044155933653279904,task,Task-aligned,-0.9988082389733468
3,0.0,8,2924.135439750389,1530.6111036232323,0.04240445270120133,task,Task-aligned,-1.0252069418660021
4,0.0,8,2846.149158386863,1840.328890270379,0.047143882915990275,task,Task-aligned,-0.9537732160397482
5,0.0,8,3571.222359716543,2172.0241647562943,0.04284830079912043,task,Task-aligned,-1.018517166534714
6,0.0,8,837.1161035336554,916.8844197621802,0.031238237785145093,task,Task-aligned,-1.1935065683362085
7,0.0,8,3150.449060380808,2683.798776940559,0.0461307023019356,task,Task-aligned,-0.9690440952207555
8,0.0,8,1494.6294705322944,812.3032595305122,0.04289906569210675,task,Task-aligned,-1.0177520269962377
9,0.0,8,1621.278851455776,1940.7400142673287,0.031751731012951895,task,Task-aligned,-1.185767086418249
10,0.0,8,337.71215675462736,1162.6843930979958,0.04045477630794531,task,Task-aligned,-1.0545928896728047
11,0.0,8,2865.420130873914,1396.1730567442137,0.04509083521745493,task,Task-aligned,-0.9847171987041129
12,0.0,8,2232.592806073604,1528.9247981454246,0.051809027816774426,task,Task-aligned,-0.8834591346671624
13,0.0,8,1181.462578533101,918.9842888803105,0.048826104472793556,task,Task-aligned,-0.9284184058575604
14,0.0,8,2489.368643698108,1625.98855253699,0.0382528426162389,task,Task-aligned,-1.0877809144969979
15,0.0,8,1717.0177533250535,950.0217003514408,0.03676066735383918,task,Task-aligned,-1.1102713054824735
16,0.0,8,2484.448441376153,1545.5900975496625,0.03821465324653066,task,Task-aligned,-1.0883565130060133
17,0.0,8,508.8447787584155,1658.895494586497,0.03757678976703048,task,Task-aligned,-1.0979705304815772
18,0.0,8,2789.86740592774,1421.2804509648704,0.03313198370093104,task,Task-aligned,-1.164963616883791
0,0.0,9,256.45178981265053,969.4212251801509,0.1947742973460062,task,Task-aligned,1.2713445871727258
1,0.0,9,908.5744155329303,1791.6428048906382,0.06095174765022083,task,Task-aligned,-0.7456580673889205
2,0.0,9,1281.715646260418,2276.2835333911935,0.04527984928557445,task,Task-aligned,-0.9818683374470735
3,0.0,9,2795.7421861210023,1897.4254102296545,0.053020690567497905,task,Task-aligned,-0.8651966894350366
4,0.0,9,1343.4746271398035,2036.9363604293903,0.05237875476558944,task,Task-aligned,-0.8748720858420767
5,0.0,9,1181.398082627682,953.3683117210167,0.04574389972327173,task,Task-aligned,-0.9748740680446921
6,0.0,9,65.20246453909203,1249.8455634893035,0.041899948584663796,task,Task-aligned,-1.0328109379384633
7,0.0,9,124.39212925103493,1315.5247966530733,0.042703278786397354,task,Task-aligned,-1.0207029699385295
8,0.0,9,2590.8238511176314,2279.951565213909,0.05032867298440663,task,Task-aligned,-0.9057713655532629
9,0.0,9,3370.5038109142333,2650.411229004618,0.04261916708198882,task,Task-aligned,-1.021970719891414
10,0.0,9,389.85107364464784,678.4546318807406,0.035358282508585574,task,Task-aligned,-1.1314083557182053
11,0.0,9,759.9208953093039,1103.0028273823555,0.04512694535431424,task,Task-aligned,-0.9841729388460592
12,0.0,9,2768.114033285412,1691.6512097523082,0.048519775136974475,task,Task-aligned,-0.9330354684148183
13,0.0,9,166.22340035549132,903.0294260252267,0.03597158212672111,task,Task-aligned,-1.1221645701182963
14,0.0,9,63.579237041354645,1148.6020705713308,0.040178285746023314,task,Task-aligned,-1.058760215722306
15,0.0,9,2371.8798878386733,1687.9034214612911,0.037801250300669526,task,Task-aligned,-1.0945874123656583
16,0.0,9,991.6989249515464,1253.878596169583,0.03093826600104026,task,Task-aligned,-1.1980278084875018
17,0.0,9,2969.48864737869,847.8913148426218,0.04589068120550803,task,Task-aligned,-0.9726617455326481
18,0.0,9,930.6113851041882,1476.2051437866176,0.03515979082626036,task,Task-aligned,-1.1344000656435391
0,0.05,0,7892.309318653948,6878.405468817917,0.2528934844876714,task,Task-aligned,2.1473296510666007
1,0.05,0,4626.027532704698,4819.123824464972,0.10359626824394985,task,Task-aligned,-0.10291055259718003
2,0.05,0,2715.333444508724,2708.184582358168,0.09539547668032029,task,Task-aligned,-0.22651467156629065
3,0.05,0,3345.4589543217444,4610.943147677463,0.1061276765042085,task,Task-aligned,-0.06475661522019868
4,0.05,0,4412.195680677076,4512.329455105413,0.10522005200096118,task,Task-aligned,-0.07843652967823776
5,0.05,0,4631.50348665053,5912.472916126659,0.09707166120387282,task,Task-aligned,-0.20125085286588307
6,0.05,0,6951.413058811566,6144.087886972178,0.08529256723267667,task,Task-aligned,-0.3787879261188072
7,0.05,0,4661.4925976989325,4066.8815935115563,0.09172556675426713,task,Task-aligned,-0.28182835434754533
8,0.05,0,3056.8772766855545,2971.177651233622,0.08206180154955259,task,Task-aligned,-0.4274827310970535
9,0.05,0,5340.251868327265,3667.7074846809846,0.08429312761313335,task,Task-aligned,-0.3938516980337467
10,0.05,0,4412.088925202261,2719.0758086201386,0.08623922769169862,task,Task-aligned,-0.36451965322192675
11,0.05,0,1025.5188341414323,957.2718756702379,0.07242686262720577,task,Task-aligned,-0.5727026318319511
12,0.05,0,2056.040120716265,0.658480454760138,0.07037950651133047,task,Task-aligned,-0.6035608297211784
13,0.05,0,1750.9265251206816,616.025997146382,0.08727649012227726,task,Task-aligned,-0.3488858076502333
14,0.05,0,920.0624471612973,1014.4437848745147,0.07666711191843184,task,Task-aligned,-0.5087926697527017
15,0.05,0,2857.66446526238,1226.5274031556328,0.07225589970620695,task,Task-aligned,-0.5752794222627875
16,0.05,0,2143.5904825331527,296.81271226436365,0.05408074471383181,task,Task-aligned,-0.8492193221528026
17,0.05,0,1119.3916410720558,273.9142798607354,0.06662100603915742,task,Task-aligned,-0.660209768534388
18,0.05,0,2838.7837699493393,673.9944098845008,0.07076910203607933,task,Task-aligned,-0.5976887610047315
0,0.05,1,5797.32880531362,5606.905152909167,0.25769227788997895,task,Task-aligned,2.2196581118017353
1,0.05,1,4914.514400025248,4397.748889588693,0.10312630763107722,task,Task-aligned,-0.1099939014487628
2,0.05,1,2682.667685291264,3372.8209576751688,0.0941300522259476,task,Task-aligned,-0.2455874249207825
3,0.05,1,3045.776103180833,3587.2094996289816,0.09934680760125982,task,Task-aligned,-0.16695935017461092
4,0.05,1,4604.449155160051,4317.15864696115,0.08018446896910436,task,Task-aligned,-0.4557782971796537
5,0.05,1,6659.4806654295535,4592.174840841501,0.10495867605522041,task,Task-aligned,-0.08237604493628774
6,0.05,1,4409.381838546833,4735.602763016999,0.08351958308341148,task,Task-aligned,-0.4055107298891215
7,0.05,1,2319.578863315808,3589.7708318014047,0.08717087672901395,task,Task-aligned,-0.3504776357468702
8,0.05,1,2793.868953281548,3939.9813860149006,0.10136022503479462,task,Task-aligned,-0.13661268350735412
9,0.05,1,3199.930924761924,2913.960353228438,0.09502862765822628,task,Task-aligned,-0.23204390003390715
10,0.05,1,2991.7490179179003,1765.783557718445,0.08175036452630527,task,Task-aligned,-0.4321767778331725
11,0.05,1,4799.378920765361,1288.6004947863985,0.07435811700738529,task,Task-aligned,-0.5435943446239203
12,0.05,1,643.8639911980717,177.99402485211613,0.07934845437751717,task,Task-aligned,-0.46837889143164574
13,0.05,1,2120.0396781350137,76.10439228045288,0.09520655167988629,task,Task-aligned,-0.2293621903757492
14,0.05,1,2227.0413421262638,460.9396540335729,0.10451749715139265,task,Task-aligned,-0.0890255895921031
15,0.05,1,3897.070759818307,886.1857899078168,0.09209255363583545,task,Task-aligned,-0.2762970480318661
16,0.05,1,341.10997769172536,12.945212690217886,0.0734663010193018,task,Task-aligned,-0.5570359896937092
17,0.05,1,959.2447797682253,739.2761128139682,0.07695851046950074,task,Task-aligned,-0.5044006472394742
18,0.05,1,2365.2269327924005,170.83571110776393,0.07530130030772822,task,Task-aligned,-0.5293784802209884
0,0.05,2,8792.144017311744,6510.3818293037475,0.25673425579352604,task,Task-aligned,2.2052185938276203
1,0.05,2,3504.8408251333167,4885.818961268931,0.09931990713160774,task,Task-aligned,-0.16736479991996803
2,0.05,2,2796.3619446030934,2709.1263736391556,0.11050655737106045,task,Task-aligned,0.0012428322012380593
3,0.05,2,6291.350600442791,4043.698453015473,0.10345681607328054,task,Task-aligned,-0.10501240612682654
4,0.05,2,2350.931741139968,5176.266959083325,0.10374991634651977,task,Task-aligned,-0.10059473488591694
5,0.05,2,2442.706191159261,4196.138408751285,0.09876051595439171,task,Task-aligned,-0.17579606574137108
6,0.05,2,5301.442767669563,5212.133029496588,0.08601483164388131,task,Task-aligned,-0.36790179939347667
7,0.05,2,4701.139091294375,4901.449267060147,0.08192059987775657,task,Task-aligned,-0.42961095348923284
8,0.05,2,2995.150933293684,3224.72918613645,0.08298918849239562,task,Task-aligned,-0.41350495283940975
9,0.05,2,5336.595309254364,3976.5350577171193,0.08470890627943065,task,Task-aligned,-0.38758499129756374
10,0.05,2,1700.3181206149748,2375.726736912562,0.09377991855089526,task,Task-aligned,-0.25086471603231353
11,0.05,2,2018.1193777150474,689.7429538408178,0.08869318228193424,task,Task-aligned,-0.32753311445151156
12,0.05,2,347.2540607160772,164.48981004452799,0.08849899638450487,task,Task-aligned,-0.3304599266478405
13,0.05,2,2128.1707370014046,587.6576820868067,0.08081570702745215,task,Task-aligned,-0.44626413949664595
14,0.05,2,1001.2003712822334,632.9948537501041,0.07643648909148416,task,Task-aligned,-0.5122686672973115
15,0.05,2,1872.5577315008268,832.1194020174444,0.08302421518094669,task,Task-aligned,-0.4129770229505486
16,0.05,2,235.28948002954712,771.132798470906,0.05764604187464012,task,Task-aligned,-0.7954823857844625
17,0.05,2,704.2159562815796,423.27799437131034,0.06473862882821309,task,Task-aligned,-0.688581368388016
18,0.05,2,3074.569552293746,418.6122566140839,0.08042523829851873,task,Task-aligned,-0.4521493693370009
0,0.05,3,6046.299344515835,5731.389176168304,0.24941462617675317,task,Task-aligned,2.094895539895373
1,0.05,3,5053.20107084862,4325.364776494214,0.10539448210491852,task,Task-aligned,-0.07580748110968787
2,0.05,3,1470.0393558160868,2914.385512739187,0.09986548386172063,task,Task-aligned,-0.15914174845811543
3,0.05,3,2114.1600765360054,4004.4027801332413,0.11802307609185575,task,Task-aligned,0.11453344164913071
4,0.05,3,5164.5384852977,4777.3619838427985,0.08957825156592227,task,Task-aligned,-0.31419315717724766
5,0.05,3,5661.867007943743,5411.232950533275,0.09798229176090317,task,Task-aligned,-0.1875256305096316
6,0.05,3,4008.8253569533117,4456.657444345939,0.08762368468982183,task,Task-aligned,-0.34365281540805326
7,0.05,3,5604.078320667148,3790.8806650413317,0.0849871156798599,task,Task-aligned,-0.3833917585392172
8,0.05,3,2827.943646484462,3350.249124183145,0.09164437370045278,task,Task-aligned,-0.28305211376214173
9,0.05,3,3822.0427193451324,3716.2513520657085,0.08828878372829553,task,Task-aligned,-0.33362829764779944
10,0.05,3,3354.9711820955854,2923.825186955277,0.09080813723742472,task,Task-aligned,-0.29565605210887885
11,0.05,3,820.0838209733483,362.76224415079923,0.08188691076097833,task,Task-aligned,-0.4301187232046211
12,0.05,3,83.05305236537242,300.46676961763296,0.08734934477912445,task,Task-aligned,-0.34778772637325844
13,0.05,3,2668.8427210559603,222.65843549766578,0.07430057185493491,task,Task-aligned,-0.5444616777117551
14,0.05,3,3322.5064675424946,1659.9674436483765,0.06642099717938146,task,Task-aligned,-0.6632243456891428
15,0.05,3,4132.1231384715065,1730.082181575417,0.08962111047423098,task,Task-aligned,-0.31354717836405954
16,0.05,3,525.4066170352744,412.0002913636854,0.09020208263111143,task,Task-aligned,-0.3047906393105283
17,0.05,3,202.1876674280502,350.06732668570476,0.06147636829395829,task,Task-aligned,-0.7377508706312605
18,0.05,3,2035.9754578609136,665.7377759442898,0.06608632279296374,task,Task-aligned,-0.6682686310308351
0,0.05,4,6774.770704355615,5399.1920936906245,0.24991293582028581,task,Task-aligned,2.1024061715197435
1,0.05,4,7757.637163221487,5201.9971489540185,0.10649242719298058,task,Task-aligned,-0.05925901329003877
2,0.05,4,3012.31604109623,2633.3237783873337,0.09138729123295296,task,Task-aligned,-0.28692691677977344
3,0.05,4,983.546627214062,4276.4578381495085,0.11183243264410558,task,Task-aligned,0.0212267134785644
4,0.05,4,4969.155594457465,3791.8096067475853,0.09191168409724042,task,Task-aligned,-0.27902315316366066
5,0.05,4,4400.004316630657,4277.571538400429,0.09011173422305352,task,Task-aligned,-0.3061523902209876
6,0.05,4,5207.2703140612575,4570.090888947889,0.09573072084508093,task,Task-aligned,-0.22146179840115024
7,0.05,4,5179.970995448355,4600.288503646385,0.08677912353728558,task,Task-aligned,-0.35638222529060104
8,0.05,4,2623.798139876977,3330.941596647084,0.08920694630444603,task,Task-aligned,-0.3197895510567005
9,0.05,4,3282.4308758556144,2519.3697393401526,0.09874675704145708,task,Task-aligned,-0.17600344307782242
10,0.05,4,355.7777015636675,2285.4834800891695,0.09201517463904459,task,Task-aligned,-0.27746332114719147
11,0.05,4,1328.8063223099452,181.08017671317793,0.07260246559071931,task,Task-aligned,-0.5700559056683795
12,0.05,4,1611.0396208436578,272.9983094825293,0.0890336105257741,task,Task-aligned,-0.3224021057158859
13,0.05,4,3034.3304577522213,1112.1852637958364,0.10615642084828712,task,Task-aligned,-0.06432337419735151
14,0.05,4,1305.4083357117488,712.0162125892239,0.09927400140013713,task,Task-aligned,-0.16805670111633808
15,0.05,4,4176.485759306757,907.4871085172636,0.0710480585674161,task,Task-aligned,-0.5934842673264042
16,0.05,4,1227.2831172329606,18.101244022022,0.07664480693404868,task,Task-aligned,-0.5091288553418498
17,0.05,4,1181.0431177316932,142.66792394116055,0.07728370219687909,task,Task-aligned,-0.49949928660290965
18,0.05,4,333.2258795503294,306.5962962988415,0.08765959767207686,task,Task-aligned,-0.34311152710719306
0,0.05,5,7412.068927676359,5313.49259500613,0.25134388473166425,task,Task-aligned,2.123973745589686
1,0.05,5,1244.0308619537973,3940.386859379825,0.09743368396060456,task,Task-aligned,-0.1957943669223737
2,0.05,5,2923.1226493740105,2649.818383759586,0.1039551635573163,task,Task-aligned,-0.09750120416214086
3,0.05,5,1556.1905408165185,3725.4497286383994,0.09307412513902495,task,Task-aligned,-0.2615025882634938
4,0.05,5,5076.882681861229,4763.71754266083,0.0986337028716612,task,Task-aligned,-0.17770742018112762
5,0.05,5,2240.0844548247987,4010.6780330879265,0.11317418818450231,task,Task-aligned,0.04144994560876367
6,0.05,5,4746.745200910489,4707.763726223144,0.0911914943682188,task,Task-aligned,-0.28987800982665834
7,0.05,5,4628.264792058268,4146.559681936225,0.09780535037602109,task,Task-aligned,-0.19019252965196815
8,0.05,5,4788.641270900727,3206.0348477273947,0.07322258764928996,task,Task-aligned,-0.5607092907583168
9,0.05,5,1420.8842993153958,3327.8348198795575,0.0881340092648547,task,Task-aligned,-0.3359610921157585
10,0.05,5,1164.7222319919383,2304.801066359156,0.08486712381714219,task,Task-aligned,-0.3852003020632916
11,0.05,5,3506.3236834856216,1646.0441998252645,0.10200375580011604,task,Task-aligned,-0.12691324746390625
12,0.05,5,2318.6278823539033,227.30250168626662,0.08861085827783743,task,Task-aligned,-0.32877391979541554
13,0.05,5,763.3522408078425,404.2083485191688,0.10647361843288418,task,Task-aligned,-0.05954250302424043
14,0.05,5,821.6766311137471,195.20104897633428,0.08720887062264562,task,Task-aligned,-0.34990498349591237
15,0.05,5,915.4567926597665,1012.8020968735218,0.08749226326941101,task,Task-aligned,-0.34563362771836637
16,0.05,5,2116.4699299308704,1765.7340052625514,0.08442589349137554,task,Task-aligned,-0.39185062176178453
17,0.05,5,1695.4878366166959,775.7206620455254,0.07930399381027303,task,Task-aligned,-0.4690490107976166
18,0.05,5,384.85785107902484,509.0130236413097,0.05892236295925198,task,Task-aligned,-0.7762453960425445
0,0.05,6,6984.516419529566,5813.829572247982,0.2506579449145175,task,Task-aligned,2.113635111068077
1,0.05,6,5967.137512678746,4691.220149038243,0.11060506648104641,task,Task-aligned,0.0027275829909358513
2,0.05,6,224.3505241886014,3018.9690237999894,0.10931855490974263,task,Task-aligned,-0.01666299998886023
3,0.05,6,4574.176154486428,3699.6105461967527,0.1005789357481028,task,Task-aligned,-0.14838844602884507
4,0.05,6,3545.0080676809303,4337.200430115452,0.10489074516988627,task,Task-aligned,-0.08339991405518567
5,0.05,6,3646.257768605661,4564.988762785157,0.09621542448934833,task,Task-aligned,-0.21415623936505715
6,0.05,6,6859.726739559614,5750.76688595803,0.10699062916007361,task,Task-aligned,-0.05175000458844973
7,0.05,6,2804.3351539353607,4671.686304621631,0.10248142320782518,task,Task-aligned,-0.11971374011976214
8,0.05,6,3735.865322768048,3435.881786967744,0.0960983880252497,task,Task-aligned,-0.2159202384765977
9,0.05,6,2419.6836665747105,2822.218493000313,0.07533442485322983,task,Task-aligned,-0.5288792198470097
10,0.05,6,606.3287299412768,1830.1417414445896,0.08571704732488064,task,Task-aligned,-0.3723900695936528
11,0.05,6,1283.2976345848874,112.15009014605312,0.08845608926302821,task,Task-aligned,-0.33110663214041075
12,0.05,6,2877.8344905471895,167.71006127883447,0.09361176055875571,task,Task-aligned,-0.2533992299636522
13,0.05,6,811.9703146215761,227.84030499804066,0.10520007733771401,task,Task-aligned,-0.07873759215900135
14,0.05,6,428.53929971536854,1251.6775560522801,0.06711335284430824,task,Task-aligned,-0.6527890101105526
15,0.05,6,431.99897254654206,1074.9427305638092,0.06688178432156829,task,Task-aligned,-0.6562792613883917
16,0.05,6,1547.2560067107552,900.5122531825327,0.08564189783820872,task,Task-aligned,-0.37352273904622846
17,0.05,6,1060.9064629948698,339.3841264070943,0.08327808316906668,task,Task-aligned,-0.40915066926717997
18,0.05,6,1218.3283394290484,292.5802867349703,0.08404653262342268,task,Task-aligned,-0.3975684314989115
0,0.05,7,6300.074359286053,6470.120587381767,0.2498173864259567,task,Task-aligned,2.100966030209914
1,0.05,7,1887.871455109329,4439.693293948891,0.1078724603557101,task,Task-aligned,-0.038458852488019425
2,0.05,7,1454.480462725449,3348.8247942188755,0.10449947504711896,task,Task-aligned,-0.0892972226781821
3,0.05,7,3723.2205535534886,4610.234838034201,0.08946128323911949,task,Task-aligned,-0.31595612930860484
4,0.05,7,7582.590564740356,5444.0307055232115,0.10562048109980332,task,Task-aligned,-0.07240117497034765
5,0.05,7,4513.54059132986,4655.035776545235,0.08738816487371583,task,Task-aligned,-0.34720262144124864
6,0.05,7,2417.3675961399567,3512.853097149229,0.09884414422498591,task,Task-aligned,-0.17453560220836895
7,0.05,7,4177.543795732316,3941.4411095103133,0.0849679627257956,task,Task-aligned,-0.383680436039969
8,0.05,7,3172.2814733044943,3681.839903594053,0.07888168629338209,task,Task-aligned,-0.4754141217938331
9,0.05,7,2276.0670821801177,2979.591764511948,0.0809395483367244,task,Task-aligned,-0.44439757627457055
10,0.05,7,2089.213258130534,2647.136835955316,0.10291570422090353,task,Task-aligned,-0.11316816197769251
11,0.05,7,1105.7910308001447,186.54477574420162,0.09567793766042883,task,Task-aligned,-0.22225735807178515
12,0.05,7,2384.822348164802,202.30986592668341,0.09300678341930067,task,Task-aligned,-0.26251757734982784
13,0.05,7,2243.4347768242587,1587.7892177642207,0.08101982466994918,task,Task-aligned,-0.443187633872629
14,0.05,7,1971.4998166919104,1006.9570045203436,0.08192223362970931,task,Task-aligned,-0.42958632922349393
15,0.05,7,2140.2172063885955,471.8477700438234,0.0691870107165664,task,Task-aligned,-0.621534386412936
16,0.05,7,1055.1320892930962,378.496524762013,0.0757565693141414,task,Task-aligned,-0.5225165664660755
17,0.05,7,1642.7423199623008,376.2145885300706,0.06987594905493429,task,Task-aligned,-0.6111505575255307
18,0.05,7,1480.9027472811285,205.11095995391952,0.07954365183074683,task,Task-aligned,-0.46543683284568316
0,0.05,8,6651.1031918292865,6177.533976101957,0.25498374761388637,task,Task-aligned,2.178834552773317
1,0.05,8,4335.027517240611,4378.248221260437,0.11589542377073236,task,Task-aligned,0.0824650018424927
2,0.05,8,4550.42941160372,3392.915950701805,0.10614627954175847,task,Task-aligned,-0.0644762261810831
3,0.05,8,5306.732372279919,4140.471975279099,0.11910980458142509,task,Task-aligned,0.13091285045005388
4,0.05,8,4976.619678007439,4822.72447810811,0.1088693438933354,task,Task-aligned,-0.023433606397207936
5,0.05,8,9242.07830346626,6101.253581324185,0.10139386168680989,task,Task-aligned,-0.13610570455231563
6,0.05,8,3704.412856031442,3856.1245211810456,0.09830371342882235,task,Task-aligned,-0.18268109303145325
7,0.05,8,5964.671692400705,5464.185991785256,0.0927872998488642,task,Task-aligned,-0.26582568159092473
8,0.05,8,4188.74217469478,3437.803907207446,0.11675244363152042,task,Task-aligned,0.09538219209294864
9,0.05,8,3278.6017048723297,3296.275053046178,0.1008146574953826,task,Task-aligned,-0.14483559644495883
10,0.05,8,1940.779628565535,1154.6907301959,0.08849957047122957,task,Task-aligned,-0.3304512738875225
11,0.05,8,2818.2130727268523,1067.6988761241664,0.09597745002450621,task,Task-aligned,-0.21774304239934106
12,0.05,8,1110.9874716264312,67.4007272037561,0.06767404760412367,task,Task-aligned,-0.6443380964079111
13,0.05,8,1053.1072683895472,1136.200420069741,0.08949264238580482,task,Task-aligned,-0.3154834774106035
14,0.05,8,355.5569199027377,597.1448858692893,0.10074451432653857,task,Task-aligned,-0.1458928095833977
15,0.05,8,846.0882933401735,1363.088828425738,0.06688546403839604,task,Task-aligned,-0.656223799893849
16,0.05,8,2531.7857129719923,244.16176412900677,0.07883485231003776,task,Task-aligned,-0.47612001380488767
17,0.05,8,713.1044454293442,238.93512313149404,0.08886426409842202,task,Task-aligned,-0.32495453200193536
18,0.05,8,29.008111217815895,104.5818699572701,0.06898427234087874,task,Task-aligned,-0.6245901034267958
0,0.05,9,5801.449977863056,5760.226080584631,0.2587090983673294,task,Task-aligned,2.2349838517961595
1,0.05,9,2909.715619171853,4532.207959081978,0.1070477518647402,task,Task-aligned,-0.05088903872574436
2,0.05,9,2006.6071690862882,3664.0689715330373,0.09580287057507349,task,Task-aligned,-0.220374341935467
3,0.05,9,5412.823011906294,4367.02038852399,0.10399622758669268,task,Task-aligned,-0.0968822781556685
4,0.05,9,4369.041586013045,4986.530360932462,0.10019829938968436,task,Task-aligned,-0.1541254802364428
5,0.05,9,5273.197247988952,4338.965485959139,0.1064650866620966,task,Task-aligned,-0.05967109573425663
6,0.05,9,1873.784292929864,3969.2419031665777,0.09453463728726721,task,Task-aligned,-0.23948943064005218
7,0.05,9,3244.4029541230993,4347.757744553732,0.08820482228741508,task,Task-aligned,-0.3348937827960175
8,0.05,9,4749.276134791144,4585.214573913603,0.08120112311403728,task,Task-aligned,-0.44045506418370234
9,0.05,9,5523.433866605337,3849.7524569057277,0.08476543678311059,task,Task-aligned,-0.3867329512172831
10,0.05,9,460.03724530735053,1022.9567426115391,0.09051842544448434,task,Task-aligned,-0.3000226514357258
11,0.05,9,69.83031133614713,696.7330983162974,0.07442748945607897,task,Task-aligned,-0.542548747947675
12,0.05,9,1514.759657506016,554.1753182744142,0.06148558177489737,task,Task-aligned,-0.7376120030371658
13,0.05,9,2884.909282940731,1197.5836468604393,0.09273766554720393,task,Task-aligned,-0.2665737806103625
14,0.05,9,1731.3312684617122,821.4977133026114,0.08974975433666112,task,Task-aligned,-0.3116082300133929
15,0.05,9,404.95456965011545,544.9472105879686,0.07630225740850347,task,Task-aligned,-0.5142918364979717
16,0.05,9,1690.7240810269723,753.6442438205122,0.10274306485069278,task,Task-aligned,-0.11577022021667036
17,0.05,9,205.52036717761075,499.9540560558671,0.09337031969041416,task,Task-aligned,-0.2570382793874722
18,0.05,9,555.1303237475222,204.5601780116558,0.06370670677488234,task,Task-aligned,-0.7041347226291389
0,0.1,0,13969.698210460308,12071.62630941387,0.3062159551886133,task,Task-aligned,2.9510175586433056
1,0.1,0,5428.935775603284,6716.738886166422,0.1640485407092678,task,Task-aligned,0.808239282120626
2,0.1,0,7564.061224044301,8678.448771477677,0.1661776448926802,task,Task-aligned,0.8403296047123225
3,0.1,0,8525.114249816805,9833.888666148006,0.14306588367932357,task,Task-aligned,0.49198409922832903
4,0.1,0,6406.95615386992,6439.004708131251,0.14357772126387724,task,Task-aligned,0.49969862693009565
5,0.1,0,2297.114514171786,4193.547601764381,0.13791280752799254,task,Task-aligned,0.41431581163389264
6,0.1,0,784.9914511141833,721.7396193311433,0.12914513523667434,task,Task-aligned,0.28216754270524924
7,0.1,0,1190.8421566238976,2078.490326197294,0.10551271548155186,task,Task-aligned,-0.07402544187138785
8,0.1,0,1296.9277940928587,1543.9119824707159,0.10062202479769984,task,Task-aligned,-0.14773899847596741
9,0.1,0,4310.328917980834,1548.848125714867,0.0874188874655639,task,Task-aligned,-0.3467395638365816
10,0.1,0,7064.716333116929,3480.907976430608,0.08526172083652818,task,Task-aligned,-0.37925284972889084
11,0.1,0,4307.321889803105,3418.09025490575,0.10450481366044131,task,Task-aligned,-0.08921675793388187
12,0.1,0,6763.578806711186,4053.060078719456,0.11618970578524127,task,Task-aligned,0.08690048454554641
13,0.1,0,1685.4299948521657,4131.851214643044,0.11641622733800797,task,Task-aligned,0.09031466679124794
14,0.1,0,7616.708745465847,4688.535301357566,0.10618636658115228,task,Task-aligned,-0.0638720255807011
15,0.1,0,2296.638277011225,5431.189169365389,0.09655739722947851,task,Task-aligned,-0.20900195164450264
16,0.1,0,8894.534210189304,7076.786826623604,0.09175217168883257,task,Task-aligned,-0.2814273589714677
17,0.1,0,8597.355152731005,7606.103159595397,0.08787284804764295,task,Task-aligned,-0.3398973709385887
18,0.1,0,9893.752526739612,7696.163996270625,0.10323145555038461,task,Task-aligned,-0.10840908907710517
0,0.1,1,10641.258325410541,10672.62769020733,0.3127493767028774,task,Task-aligned,3.0494907125893174
1,0.1,1,6875.230199859303,6562.363593939401,0.16508192152366782,task,Task-aligned,0.8238146231267282
2,0.1,1,9609.217493439384,9952.726270582236,0.14492723100130664,task,Task-aligned,0.5200387320090949
3,0.1,1,6835.9478554938105,8526.850224300462,0.12882647381294934,task,Task-aligned,0.2773646082295511
4,0.1,1,7448.312488087744,6253.931737209263,0.13677762178611633,task,Task-aligned,0.3972060445580905
5,0.1,1,5955.224927465664,3272.854040009086,0.13575610108957062,task,Task-aligned,0.3818094618348781
6,0.1,1,1162.1815270647057,368.1259492125828,0.12075351194767413,task,Task-aligned,0.1556871663525946
7,0.1,1,4820.791620042059,2915.4517445581732,0.1046457768216373,task,Task-aligned,-0.08709213042548335
8,0.1,1,1486.1922175843501,800.9625119977864,0.11640264996675018,task,Task-aligned,0.09011002569054269
9,0.1,1,2209.847013305465,1036.8834863001248,0.12564899428644324,task,Task-aligned,0.22947294382510336
10,0.1,1,4462.156117414008,2465.068292131298,0.08527782148411461,task,Task-aligned,-0.37901017725705544
11,0.1,1,8401.97407720855,3524.075759222673,0.102950511351535,task,Task-aligned,-0.11264354131367918
12,0.1,1,2451.5169652681216,3657.334978679428,0.11208715544078272,task,Task-aligned,0.025065951022932745
13,0.1,1,7749.405604388332,5369.819848020386,0.12138851068851629,task,Task-aligned,0.16525800586232997
14,0.1,1,1916.8588320435374,4746.783759957296,0.12312460151259362,task,Task-aligned,0.19142474538929605
15,0.1,1,3135.826684274245,5782.997947901487,0.10409774774136914,task,Task-aligned,-0.09535214424371256
16,0.1,1,8341.130469013122,7039.005765623238,0.09131118991378065,task,Task-aligned,-0.28807393245938145
17,0.1,1,8166.322667258268,6108.327994898078,0.09131462744535632,task,Task-aligned,-0.28802212123377696
18,0.1,1,8824.296273785643,7041.173925139941,0.09032317464522684,task,Task-aligned,-0.3029655140646544
0,0.1,2,16686.746252222685,12225.464763135533,0.3110581768400513,task,Task-aligned,3.024000579420663
1,0.1,2,6014.4762583559495,7235.55221158301,0.16369927351536268,task,Task-aligned,0.8029750508019178
2,0.1,2,8797.808665669698,8895.986938703863,0.16983895749569405,task,Task-aligned,0.8955137067657266
3,0.1,2,12237.03236429306,9249.707978123683,0.14072472215652798,task,Task-aligned,0.4566976021695675
4,0.1,2,5124.2300712551805,7180.537363256037,0.1387069801125257,task,Task-aligned,0.4262857540301845
5,0.1,2,130.56956489617005,2554.320571710763,0.13837488647084867,task,Task-aligned,0.4212803662360623
6,0.1,2,57.60585363331484,438.9781147270696,0.11376315853486337,task,Task-aligned,0.05032703517877178
7,0.1,2,679.6109096728032,1012.0821720873355,0.10961964818137818,task,Task-aligned,-0.012124856532917087
8,0.1,2,1465.522121487942,1564.0193111862172,0.10405323181362064,task,Task-aligned,-0.09602309801527878
9,0.1,2,4931.781442394189,1891.146297949832,0.0955815895374412,task,Task-aligned,-0.22370953799415141
10,0.1,2,175.46712288766867,2411.102153402462,0.10891520284391817,task,Task-aligned,-0.02274241029258177
11,0.1,2,4145.100238490151,2828.1367680843105,0.1063336475018189,task,Task-aligned,-0.061652175423712235
12,0.1,2,1810.7173925671377,3801.069965500268,0.124200461473015,task,Task-aligned,0.20764034134856849
13,0.1,2,2829.052999421663,4698.719501782849,0.12626958155797494,task,Task-aligned,0.23882657052637382
14,0.1,2,4285.374477785663,5545.420102051168,0.10478067234282651,task,Task-aligned,-0.0850589557105669
15,0.1,2,4623.286594187608,5951.2283763511805,0.08995315487052209,task,Task-aligned,-0.30854253280713373
16,0.1,2,7924.282294787117,6475.590569792781,0.07688857586177854,task,Task-aligned,-0.5054547168991995
17,0.1,2,5648.453065210837,6849.555067249166,0.0885065159802867,task,Task-aligned,-0.33034658966025754
18,0.1,2,13426.101811193628,7747.12388055044,0.09871007143924376,task,Task-aligned,-0.17655637647519573
0,0.1,3,10831.080732044356,10571.943637673627,0.30531686960235843,task,Task-aligned,2.9374663446044416
1,0.1,3,8504.629975295684,6515.815086440009,0.17629687261342086,task,Task-aligned,0.9928488118358327
2,0.1,3,7717.119925037958,9186.670498856867,0.16185973080513413,task,Task-aligned,0.7752490618849143
3,0.1,3,5542.295652564964,8789.591684445564,0.12050073808683039,task,Task-aligned,0.15187730359415338
4,0.1,3,7482.580087534618,6928.788307365496,0.1370225846799049,task,Task-aligned,0.4008981787175717
5,0.1,3,3478.1201203772216,3946.817667910247,0.13405414451679415,task,Task-aligned,0.35615720118790517
6,0.1,3,1683.6513919518911,941.9829084991943,0.12545244343304143,task,Task-aligned,0.22651048649658112
7,0.1,3,1280.4676325261826,2414.069477543817,0.10354287581322373,task,Task-aligned,-0.1037152949575139
8,0.1,3,2699.4101345248637,1530.2450189123629,0.11881672899379607,task,Task-aligned,0.12649555127604506
9,0.1,3,3340.6075607274543,1935.2242730715661,0.08522992104674303,task,Task-aligned,-0.37973214309579323
10,0.1,3,2846.198890310421,2936.4696671303245,0.09103527132211549,task,Task-aligned,-0.2922326376484298
11,0.1,3,2501.6668155895313,1851.935596577765,0.09126380523615858,task,Task-aligned,-0.2887881246546918
12,0.1,3,1335.4408800034435,2895.420038410346,0.11770691865966085,task,Task-aligned,0.10976824787987319
13,0.1,3,1449.4744701056625,4635.9037888486055,0.13446627674652858,task,Task-aligned,0.3623689480369562
14,0.1,3,1841.9748835576465,4235.408469659102,0.10281474484733703,task,Task-aligned,-0.11468984367445752
15,0.1,3,1527.817676725157,4725.213857164315,0.09359845561614394,task,Task-aligned,-0.2535997649603904
16,0.1,3,8262.054453679651,6918.474782364676,0.09162321801737128,task,Task-aligned,-0.2833709768314186
17,0.1,3,6785.222802717064,6680.5854075104,0.09079792588293106,task,Task-aligned,-0.29580995987081576
18,0.1,3,8269.853636494023,7357.88859925227,0.09346160271731029,task,Task-aligned,-0.2556624416980511
0,0.1,4,12106.095399339916,10414.37098457123,0.30660696355307815,task,Task-aligned,2.9569109219880807
1,0.1,4,12292.583620243415,7895.763971622568,0.17276705032574516,task,Task-aligned,0.9396465604921118
2,0.1,4,9840.01730623166,9053.64503203606,0.15499070250020483,task,Task-aligned,0.671717569197043
3,0.1,4,3894.5284652896225,9014.993002023606,0.12318125592662749,task,Task-aligned,0.19227865307345476
4,0.1,4,7137.11920335918,5818.651657857641,0.13490147171992017,task,Task-aligned,0.3689283015881938
5,0.1,4,904.316598066187,2360.4654624904506,0.1371815519068734,task,Task-aligned,0.4032941674318252
6,0.1,4,444.43426403513877,206.89262280822732,0.12142282837377869,task,Task-aligned,0.1657752494989967
7,0.1,4,2866.6076708033215,2038.0087952053873,0.10481470908095036,task,Task-aligned,-0.08454594657044441
8,0.1,4,1987.9187646373757,1536.015170596016,0.11036452922698499,task,Task-aligned,-0.0008978469613836159
9,0.1,4,424.3257013364346,140.66293149854755,0.08969813001002391,task,Task-aligned,-0.3123863231232903
10,0.1,4,80.26115882024169,2239.188616812404,0.10952189178109285,task,Task-aligned,-0.01359826231784735
11,0.1,4,2078.633599510649,3075.2019234828185,0.11608828081528356,task,Task-aligned,0.0853717852784306
12,0.1,4,2398.6920810520533,4097.741416202625,0.11975338581654796,task,Task-aligned,0.1406130471853562
13,0.1,4,1403.0194623774732,3794.942621199356,0.11840431738944857,task,Task-aligned,0.12027959363189669
14,0.1,4,9412.46367676952,5832.28148714517,0.10035166376365882,task,Task-aligned,-0.15181393894444914
15,0.1,4,1688.9657046551001,5998.140362917155,0.09021284848572457,task,Task-aligned,-0.30462837400185877
16,0.1,4,8352.404646696872,7652.152210511791,0.09638870104868869,task,Task-aligned,-0.21154457727255252
17,0.1,4,5123.420008231595,7067.982146942057,0.0914077411343666,task,Task-aligned,-0.28661869140571944
18,0.1,4,6869.973962204414,6359.223845883622,0.08599061087686193,task,Task-aligned,-0.36826686007633375
0,0.1,5,11357.050864292309,10133.198275710456,0.3064182299780977,task,Task-aligned,2.9540662883848063
1,0.1,5,1744.5500630780007,5984.849824594043,0.1726134977358465,task,Task-aligned,0.9373321823686604
2,0.1,5,9444.073426034418,8941.30023136735,0.16701438873766036,task,Task-aligned,0.8529411904304974
3,0.1,5,3910.688696862897,8310.825650239305,0.1316462416246731,task,Task-aligned,0.31986476365495176
4,0.1,5,7023.9835028970265,6972.673855227884,0.14359793474288152,task,Task-aligned,0.5000032888940339
5,0.1,5,862.6066708859289,2057.272706167656,0.13526245366286582,task,Task-aligned,0.3743691001593267
6,0.1,5,1137.5462455085944,407.31898797425674,0.12507750109181442,task,Task-aligned,0.2208592737579088
7,0.1,5,360.9879233200336,2252.1353796673357,0.10583275349846814,task,Task-aligned,-0.06920175908288755
8,0.1,5,672.5093104005209,1184.7923492263071,0.10763897306561006,task,Task-aligned,-0.041978023845976514
9,0.1,5,1775.1884522571927,1500.359240999387,0.08142207882816388,task,Task-aligned,-0.4371247714718459
10,0.1,5,1727.8880291991518,2709.7441609985544,0.08448590327105103,task,Task-aligned,-0.39094614127489885
11,0.1,5,6205.6507470651995,4571.175249772728,0.09135327823028389,task,Task-aligned,-0.28743956817394495
12,0.1,5,5922.3552532728645,4215.660646740114,0.12023724512852202,task,Task-aligned,0.1479058802609824
13,0.1,5,5905.075688357872,5326.314969314088,0.10590204173276899,task,Task-aligned,-0.06815743170433744
14,0.1,5,3506.7832798447926,5531.836871238833,0.10948357781353223,task,Task-aligned,-0.014175738792867817
15,0.1,5,5419.45883845404,5360.36790143518,0.09532960197000093,task,Task-aligned,-0.2275075495669317
16,0.1,5,4546.960106538958,5092.377429049055,0.084673054263825,task,Task-aligned,-0.3881253606957882
17,0.1,5,3230.0752906737616,5922.8098602136015,0.08645370907065614,task,Task-aligned,-0.3612869431017355
18,0.1,5,5498.91731122596,7356.817695838923,0.09311432605445318,task,Task-aligned,-0.2608966712986858
0,0.1,6,12562.911960824276,10840.08614083362,0.3057758158649854,task,Task-aligned,2.9443836827669867
1,0.1,6,7251.491683014436,6680.667852041777,0.17305654330115233,task,Task-aligned,0.9440098617533761
2,0.1,6,4986.496144149045,9148.18471406604,0.15092123191687795,task,Task-aligned,0.610381621048617
3,0.1,6,10764.529043535178,9154.31897369714,0.12762648974659999,task,Task-aligned,0.2592781866753326
4,0.1,6,4950.91004028602,6460.052910060564,0.13537093243194548,task,Task-aligned,0.37600411582518156
5,0.1,6,262.43549050571164,2584.285210865317,0.1304765041144451,task,Task-aligned,0.30223422479110834
6,0.1,6,2273.776154364925,698.1510987523361,0.11894911840971738,task,Task-aligned,0.12849095342580363
7,0.1,6,3935.9536274304846,1722.3048231861903,0.10470862076873018,task,Task-aligned,-0.08614493274917522
8,0.1,6,1060.209193410119,1496.438171027694,0.10641465281822164,task,Task-aligned,-0.06043124562832745
9,0.1,6,1296.1516034901142,211.98903860006249,0.11255462162425335,task,Task-aligned,0.032111703290554884
10,0.1,6,192.8039450480719,2336.1449782804702,0.0784859039768713,task,Task-aligned,-0.4813794391850018
11,0.1,6,217.92767193884356,2524.4459134556237,0.10891984389973852,task,Task-aligned,-0.022672459287083137
12,0.1,6,192.54154974746052,3014.692521676072,0.10247646002382307,task,Task-aligned,-0.11978854631146955
13,0.1,6,7937.49758308928,5321.097091211937,0.11411174546137849,task,Task-aligned,0.05558101335901743
14,0.1,6,6047.699842862203,5183.555891928729,0.11728356939072279,task,Task-aligned,0.10338743536960547
15,0.1,6,8335.122511343914,5918.292654303135,0.09774408304869481,task,Task-aligned,-0.19111596417130686
16,0.1,6,4970.6473252319265,6249.165618903586,0.08557564732790868,task,Task-aligned,-0.37452128118613703
17,0.1,6,9501.3026477971,6815.0282489986275,0.08829841658409011,task,Task-aligned,-0.33348310914442053
18,0.1,6,6322.095883688657,7060.226264416997,0.09296980643734584,task,Task-aligned,-0.26307490248621274
0,0.1,7,11212.60543292592,11418.653138922644,0.3109605467320152,task,Task-aligned,3.0225290771400553
1,0.1,7,2646.250184572302,6290.2053716733935,0.16685865101025055,task,Task-aligned,0.8505938774379183
2,0.1,7,6162.839206709177,9304.41524091363,0.15519747776418336,task,Task-aligned,0.6748341310716335
3,0.1,7,9716.456013272807,10142.189241146552,0.1328487748675384,task,Task-aligned,0.3379896069535723
4,0.1,7,9820.243337545136,7793.056468630617,0.14434470693791027,task,Task-aligned,0.5112588022820982
5,0.1,7,1469.595904062735,2765.1953920944943,0.13655582230475444,task,Task-aligned,0.3938630344024454
6,0.1,7,2678.1135455890326,1573.0266663068323,0.1289041981449132,task,Task-aligned,0.27853608631191834
7,0.1,7,1555.7282200765912,2536.5319502361235,0.10880100381722524,task,Task-aligned,-0.024463642928722912
8,0.1,7,1437.38126403786,1116.5350187848671,0.10119666515405766,task,Task-aligned,-0.13907789370082446
9,0.1,7,1018.9015340702026,588.105110019038,0.09975909970629573,task,Task-aligned,-0.16074519365014853
10,0.1,7,2326.6075256794575,2869.8045781080727,0.10395990042309528,task,Task-aligned,-0.09742980908805038
11,0.1,7,493.64694757398684,2489.6324255804648,0.09250512144813575,task,Task-aligned,-0.2700787359873856
12,0.1,7,608.7295368239866,4014.2139787611086,0.12116609217492773,task,Task-aligned,0.16190566551795887
13,0.1,7,1619.8447449533269,3825.8123961227247,0.10241252646471487,task,Task-aligned,-0.12075216685770764
14,0.1,7,5147.85984030331,5884.916312416084,0.10524398674229056,task,Task-aligned,-0.07807578003696025
15,0.1,7,6735.83871955541,6262.602556306694,0.09253133904060686,task,Task-aligned,-0.26968357871582965
16,0.1,7,5554.389567385486,7312.9390572404955,0.09822863335759124,task,Task-aligned,-0.18381271623936613
17,0.1,7,9343.19772905216,6895.285312250839,0.08282196571925582,task,Task-aligned,-0.41602537094602093
18,0.1,7,9482.981933434727,6476.1994762244285,0.10014943397450407,task,Task-aligned,-0.15486199043116675
0,0.1,8,11261.99052085838,11077.964635305107,0.3036504939113729,task,Task-aligned,2.9123503667677055
1,0.1,8,5978.524646820209,6548.618962448789,0.1672958366022691,task,Task-aligned,0.8571832340272382
2,0.1,8,11206.299624784908,9830.44041366229,0.15713372390749783,task,Task-aligned,0.7040176552222949
3,0.1,8,10434.72815780295,9566.261565848312,0.1285846010990143,task,Task-aligned,0.273719049934764
4,0.1,8,5635.964426903753,6623.961333787127,0.13772613796258407,task,Task-aligned,0.41150228723302995
5,0.1,8,9210.127421542129,4359.8736147838645,0.14262019419480343,task,Task-aligned,0.48526657011659924
6,0.1,8,2383.847869919089,1538.5769645402324,0.12270679764182325,task,Task-aligned,0.18512751432961536
7,0.1,8,2049.0434955840465,1328.3793876636773,0.10387861023439496,task,Task-aligned,-0.09865503254083234
8,0.1,8,767.7331032587099,1581.1449962742045,0.10733677983637654,task,Task-aligned,-0.04653274610272746
9,0.1,8,2363.731215275533,818.157058754703,0.10025216332821163,task,Task-aligned,-0.1533136312076982
10,0.1,8,1893.998038325517,974.2226078009116,0.09570177217845317,task,Task-aligned,-0.2218981190180189
11,0.1,8,4447.71634829283,3150.706856889068,0.12481095493596285,task,Task-aligned,0.21684183196549048
12,0.1,8,4900.768550059991,3854.889237061492,0.12301756699735857,task,Task-aligned,0.1898114978323664
13,0.1,8,5287.4690293735475,4416.764992904093,0.13046500548436263,task,Task-aligned,0.3020609149307529
14,0.1,8,6707.664752856828,5614.68382252357,0.08813443700073312,task,Task-aligned,-0.33595464518731355
15,0.1,8,9273.06732707913,5743.375702315476,0.1045793610212597,task,Task-aligned,-0.08809316385348916
16,0.1,8,9371.846292572329,6696.95571534842,0.08902881090174182,task,Task-aligned,-0.3224744466960572
17,0.1,8,6520.2179521168,7444.981575755635,0.09241793815074018,task,Task-aligned,-0.27139278165965874
18,0.1,8,4289.65240403777,6580.0125238903565,0.10075902647504992,task,Task-aligned,-0.1456740793160599
0,0.1,9,12061.124943453935,10961.023903398716,0.3138677483748094,task,Task-aligned,3.0663470543359166
1,0.1,9,4495.205975447956,6593.683525204193,0.15872414082649874,task,Task-aligned,0.7279887658817238
2,0.1,9,7396.273778705741,9869.695373855124,0.1610823689568766,task,Task-aligned,0.7635324945720456
3,0.1,9,10334.108751384716,9510.114442443184,0.1260406303042478,task,Task-aligned,0.23537576729789986
4,0.1,9,6248.940512443834,7033.913894204656,0.14285493272036942,task,Task-aligned,0.48880460036838275
5,0.1,9,3703.9499627619516,2818.2255714915227,0.1500815257442923,task,Task-aligned,0.597725386482714
6,0.1,9,2222.981700421893,1081.924060199235,0.11205502922577157,task,Task-aligned,0.02458173770383351
7,0.1,9,2111.762891277729,2212.776672324864,0.1118861758688008,task,Task-aligned,0.02203674308210563
8,0.1,9,1338.1475023984676,17.15249141509412,0.10060576114570671,task,Task-aligned,-0.14798412778577041
9,0.1,9,1035.3983189837309,1363.7102616879274,0.0949545148647813,task,Task-aligned,-0.2331609442200725
10,0.1,9,4975.908883789263,532.1041594114504,0.09321758456702699,task,Task-aligned,-0.25934033647738014
11,0.1,9,2690.7053474721615,3116.938010937185,0.10088285433067501,task,Task-aligned,-0.14380771887028854
12,0.1,9,5564.538474333589,4555.732406523137,0.10329948030443017,task,Task-aligned,-0.10738380514851684
13,0.1,9,279.1198420308647,3851.6405659966404,0.12905502070819894,task,Task-aligned,0.28080931687886457
14,0.1,9,4935.09067734878,5418.453246944002,0.09713094134507318,task,Task-aligned,-0.20035736964922257
15,0.1,9,6438.2518627929385,6366.007403039082,0.09331761618574642,task,Task-aligned,-0.25783263810400536
16,0.1,9,7374.515697113471,6221.240775370563,0.0848963452785565,task,Task-aligned,-0.3847598698239058
17,0.1,9,6631.138724866032,6334.100316115539,0.10575242140923632,task,Task-aligned,-0.07041254185152705
18,0.1,9,5943.036574729835,6338.044660120213,0.09393708615232237,task,Task-aligned,-0.24849585166670254
0,0.2,0,28454.178839602624,23738.22338372923,0.4246241567310535,task,Task-aligned,4.735691796101017
1,0.2,0,19134.902777478273,21869.50932525692,0.24578509116213648,task,Task-aligned,2.04019039658471
2,0.2,0,6445.01451185171,10631.161942112085,0.2326627627289805,task,Task-aligned,1.8424078005732476
3,0.2,0,782.1022742413334,416.34701187891187,0.17789710958538507,task,Task-aligned,1.0169679324751935
4,0.2,0,1224.3574766224483,4.633426264161244,0.14302020116507896,task,Task-aligned,0.49129556241067096
5,0.2,0,3446.7288324894034,7666.108267988253,0.1391039738716477,task,Task-aligned,0.4322693305485947
6,0.2,0,10203.606491949118,11415.2878179478,0.2098543915306331,task,Task-aligned,1.498635055562225
7,0.2,0,14360.25525744236,12663.236243189429,0.16472593830634344,task,Task-aligned,0.818449166438338
8,0.2,0,15955.660384926596,14340.758945431677,0.12591692887467906,task,Task-aligned,0.2335113123732222
9,0.2,0,19942.679883117205,16497.09349788283,0.1526420948777238,task,Task-aligned,0.6363188428998922
10,0.2,0,21674.92010661756,17394.325404296687,0.1312301099227549,task,Task-aligned,0.3135927358888969
11,0.2,0,17523.630001553916,17655.650973647076,0.11961701631598465,task,Task-aligned,0.13855765633185116
12,0.2,0,24016.07003077137,18098.987551424187,0.14832354454649516,task,Task-aligned,0.5712287104689409
13,0.2,0,14594.555117090466,18186.362750132743,0.1554842536758468,task,Task-aligned,0.6791564801555842
14,0.2,0,24198.934425478743,20282.065039864916,0.13216976569883918,task,Task-aligned,0.32775543267687957
15,0.2,0,17055.251681609137,20963.62517923658,0.1123180925215941,task,Task-aligned,0.02854668507031224
16,0.2,0,22737.911962284066,23152.1702497332,0.1394970952576992,task,Task-aligned,0.43819454181555534
17,0.2,0,30641.24575829215,24802.625297752093,0.10986682751189045,task,Task-aligned,-0.008399315755750727
18,0.2,0,25417.80389336683,24332.81949700811,0.09812528555349345,task,Task-aligned,-0.185370396881995
0,0.2,1,22643.09788744396,22266.351994798053,0.42651532596927005,task,Task-aligned,4.764195911307157
1,0.2,1,21874.372521799523,21984.021493856504,0.2419558894697297,task,Task-aligned,1.9824758335608097
2,0.2,1,11653.157026502537,12556.39283982286,0.24054174149277913,task,Task-aligned,1.9611614868387033
3,0.2,1,3819.061261319148,1592.2416099131224,0.18873270323462787,task,Task-aligned,1.1802843631063338
4,0.2,1,1372.904764274892,258.93316970887827,0.15671217070373497,task,Task-aligned,0.6976639133980541
5,0.2,1,11714.704064459307,7451.773588829965,0.1402930084814579,task,Task-aligned,0.45019071950587286
6,0.2,1,10080.835182753275,10084.57308808784,0.19898480353072798,task,Task-aligned,1.334806254664027
7,0.2,1,9667.831694339053,10968.466756254144,0.15148226974818768,task,Task-aligned,0.6188377055996416
8,0.2,1,15241.233188095153,15167.75644993066,0.15110216480854075,task,Task-aligned,0.6131086810516657
9,0.2,1,18038.141432951496,16082.106898163911,0.15342229489678386,task,Task-aligned,0.6480781877420773
10,0.2,1,21116.089782468218,16707.71473199647,0.1298266140740467,task,Task-aligned,0.2924389403667968
11,0.2,1,20482.457254626963,17531.686597707856,0.11926207217525078,task,Task-aligned,0.13320786083244693
12,0.2,1,13940.398775266192,17020.784784305608,0.16060349694614454,task,Task-aligned,0.7563148311884262
13,0.2,1,23201.534732162545,20322.236502162123,0.15770751819316203,task,Task-aligned,0.7126660078354229
14,0.2,1,15994.283553439775,19834.792452784954,0.12089163394726644,task,Task-aligned,0.15776897125366982
15,0.2,1,19302.291036681097,21478.68671434786,0.11580687002203324,task,Task-aligned,0.0811303004292888
16,0.2,1,25804.219163830276,23695.851200403587,0.11580063849131772,task,Task-aligned,0.08103637743930121
17,0.2,1,25706.24933635193,23464.34734273766,0.10983581452426706,task,Task-aligned,-0.008866750268876138
18,0.2,1,29727.693343707593,25340.042736857315,0.11017002827318946,task,Task-aligned,-0.0038294077559744943
0,0.2,2,33014.617718732916,24893.643008783984,0.42212004222985194,task,Task-aligned,4.697949236213078
1,0.2,2,22508.960291483672,23256.702705797623,0.2576005099539686,task,Task-aligned,2.21827496545639
2,0.2,2,11463.921382642235,11542.525488625397,0.24351302950101872,task,Task-aligned,2.005945387711242
3,0.2,2,3146.38901407714,970.7184195690206,0.19692173345230504,task,Task-aligned,1.3037112125042016
4,0.2,2,2871.4513657302014,705.1681057996466,0.1565831088664031,task,Task-aligned,0.6957186652385116
5,0.2,2,1947.3920061958488,5971.811208474857,0.1544962694523678,task,Task-aligned,0.6642653664684494
6,0.2,2,10436.904595457949,10216.740566818742,0.20567135779731177,task,Task-aligned,1.4355874588499367
7,0.2,2,13975.040500848438,13456.58152965299,0.14663464375678653,task,Task-aligned,0.5457732294317204
8,0.2,2,13462.636150568607,13751.037505645712,0.12679279680780253,task,Task-aligned,0.24671258488051995
9,0.2,2,23497.73396487377,17366.010505475337,0.15878161290124937,task,Task-aligned,0.7288549975265303
10,0.2,2,13558.537266039697,16776.078814516834,0.11809946075280418,task,Task-aligned,0.11568472791778289
11,0.2,2,18518.057371494477,16963.799730795436,0.12179645888061763,task,Task-aligned,0.17140668998367234
12,0.2,2,16074.526611456124,17337.398557942885,0.15824478773757078,task,Task-aligned,0.7207638515826169
13,0.2,2,14902.396577011386,18897.40574030968,0.1577746285376667,task,Task-aligned,0.7136775095839859
14,0.2,2,20469.225330021523,21124.066821094893,0.12798866035985967,task,Task-aligned,0.2647369011446775
15,0.2,2,19385.475767311815,21620.372423258726,0.10551567302587991,task,Task-aligned,-0.07398086511826046
16,0.2,2,27028.56047173828,22885.98663239577,0.11243450003517336,task,Task-aligned,0.030301204502456085
17,0.2,2,19934.221981139388,23522.19756697712,0.10314975362010954,task,Task-aligned,-0.10964051838869909
18,0.2,2,33298.58300835523,25872.536671419395,0.10377910081381157,task,Task-aligned,-0.10015486023001365
0,0.2,3,20980.298925233423,21406.753071851854,0.42215384273133877,task,Task-aligned,4.698458684743086
1,0.2,3,26774.217903296172,22558.5466587423,0.2629453356275517,task,Task-aligned,2.2988333436691306
2,0.2,3,10374.181241423357,11796.97922557121,0.23849959123121617,task,Task-aligned,1.9303817527210236
3,0.2,3,7018.585792824335,1699.24673367996,0.1849269089889251,task,Task-aligned,1.1229226022241192
4,0.2,3,3977.591014437261,1367.5373141297605,0.16206215669827867,task,Task-aligned,0.7783000690937345
5,0.2,3,6819.676553607802,7866.409444967576,0.14528339418863703,task,Task-aligned,0.5254069012446656
6,0.2,3,7174.339176294161,9306.668781119166,0.19019696654136153,task,Task-aligned,1.202354059008653
7,0.2,3,12225.14563447528,11609.04471745214,0.15811814074156366,task,Task-aligned,0.7188550004381774
8,0.2,3,12803.989638916159,13479.442291365995,0.12573487315921275,task,Task-aligned,0.23076732892492868
9,0.2,3,20985.3644178182,17382.401104847202,0.1517128617284526,task,Task-aligned,0.6223132382163216
10,0.2,3,17182.652142845327,16892.114866189833,0.1248497514084471,task,Task-aligned,0.21742658085995
11,0.2,3,16971.281912958308,15517.13217682665,0.12156492873638088,task,Task-aligned,0.16791701715500346
12,0.2,3,11770.96475780406,16322.76308584219,0.14329672090862913,task,Task-aligned,0.49546332829203615
13,0.2,3,13708.000243710936,18825.107840097917,0.15093526619201814,task,Task-aligned,0.6105931487042846
14,0.2,3,14642.212842701585,18794.157309125643,0.10725327888728302,task,Task-aligned,-0.04779129061830369
15,0.2,3,14090.827400324983,19607.62384446425,0.11435287249974924,task,Task-aligned,0.05921533266907387
16,0.2,3,28348.838567685278,24057.40447761235,0.12111345607514071,task,Task-aligned,0.16111232274248838
17,0.2,3,24707.845057695464,24035.138258391,0.12579461740629186,task,Task-aligned,0.2316678072466113
18,0.2,3,26232.270445740956,25323.786401740916,0.1250443511483025,task,Task-aligned,0.2203596305795797
0,0.2,4,24157.66984463064,22037.614531025,0.42362744972125016,task,Task-aligned,4.720669210676037
1,0.2,4,31559.43237320549,24406.881382611115,0.24329081192922655,task,Task-aligned,2.00259607600545
2,0.2,4,13681.940011399565,11789.278059922042,0.23595595031668393,task,Task-aligned,1.892043442110994
3,0.2,4,8156.91317623097,1374.6725118271424,0.18102356722962704,task,Task-aligned,1.0640905839427226
4,0.2,4,2495.322267776588,272.1631784540368,0.15821045641824974,task,Task-aligned,0.7202464024504448
5,0.2,4,3139.3558876895695,6090.90697655431,0.14520006434059687,task,Task-aligned,0.5241509356014814
6,0.2,4,10886.887143531989,10465.813289344078,0.21001203734296425,task,Task-aligned,1.5010111276268756
7,0.2,4,9816.768669193785,12326.741571013466,0.15076693015946532,task,Task-aligned,0.6080559513090081
8,0.2,4,13510.472443010134,13974.226478048426,0.12496798474194501,task,Task-aligned,0.21920861944810327
9,0.2,4,15114.127602980996,15300.243008484133,0.15403239246228628,task,Task-aligned,0.65727371130636
10,0.2,4,12720.669150070287,16693.47744414152,0.11765902124312104,task,Task-aligned,0.10904632757177073
11,0.2,4,17712.614861835027,17058.688845083292,0.12977429040816363,task,Task-aligned,0.29165030666326586
12,0.2,4,14427.718497640803,17171.08099773497,0.16468581749460484,task,Task-aligned,0.81784445681381
13,0.2,4,13087.213385864045,17214.59952395357,0.15291534829998912,task,Task-aligned,0.6404373780744957
14,0.2,4,25108.8132084572,20750.18356594356,0.12719130388296804,task,Task-aligned,0.25271897042837904
15,0.2,4,17328.487177107483,21670.597564515076,0.12792376079767134,task,Task-aligned,0.2637587207893388
16,0.2,4,26845.613427778357,23401.485676509794,0.12942019826609288,task,Task-aligned,0.2863133526735258
17,0.2,4,19708.82970789564,22659.027466492902,0.10910982374434419,task,Task-aligned,-0.01980904163621683
18,0.2,4,21701.376685190597,23525.674740894407,0.10290518747040503,task,Task-aligned,-0.1133266727348187
0,0.2,5,20926.92074659519,20976.579885343264,0.4265369178888535,task,Task-aligned,4.76452134942813
1,0.2,5,13827.53518641321,20965.341923907283,0.24606668509530685,task,Task-aligned,2.044434641758668
2,0.2,5,13199.624979285349,11976.713110558689,0.24637467481616496,task,Task-aligned,2.0490767300013495
3,0.2,5,10892.073560495337,2093.032191716542,0.18744831150682675,task,Task-aligned,1.1609257308701295
4,0.2,5,1207.1240088108461,812.2250062256353,0.1510626164351591,task,Task-aligned,0.6125125993428978
5,0.2,5,3784.1645533271367,6048.456206681847,0.15216087604135056,task,Task-aligned,0.6290658076483867
6,0.2,5,6949.287141765526,9698.97874621913,0.20642743863136137,task,Task-aligned,1.4469832740754573
7,0.2,5,12627.095125579624,12194.764245448052,0.14646631216523714,task,Task-aligned,0.5432360989722161
8,0.2,5,13456.17427568871,13263.689782868954,0.12053665582747695,task,Task-aligned,0.1524186636145287
9,0.2,5,12078.983333507495,16322.903395777103,0.15045669943080842,task,Task-aligned,0.6033800861080384
10,0.2,5,18632.733186862897,17559.83403831499,0.12129368070785272,task,Task-aligned,0.16382870771216573
11,0.2,5,21032.736924460856,19114.03926203656,0.12041233607802256,task,Task-aligned,0.1505448892376842
12,0.2,5,17288.378503982618,18014.539581698307,0.14683823275237817,task,Task-aligned,0.548841767174286
13,0.2,5,20941.052044426673,19443.0390859748,0.15900324523840279,task,Task-aligned,0.7321954884482126
14,0.2,5,14998.387446469802,19838.12431769824,0.11725557036518211,task,Task-aligned,0.10296542795030973
15,0.2,5,23670.954188937903,21615.855773714953,0.12402851311273183,task,Task-aligned,0.2050486981619225
16,0.2,5,18734.150948090828,21237.590260932804,0.12142273745553397,task,Task-aligned,0.1657738791593839
17,0.2,5,16790.91249447089,22542.313734575175,0.12309491525020448,task,Task-aligned,0.19097730756824852
18,0.2,5,23176.95042095479,24919.81057398423,0.11720690864522032,task,Task-aligned,0.10223198789434315
0,0.2,6,25126.689509110118,22051.613046871847,0.4248046918231092,task,Task-aligned,4.738412860381629
1,0.2,6,21975.52749135095,21916.541842821694,0.24320879690513172,task,Task-aligned,2.0013599276755216
2,0.2,6,5882.4978604979115,11741.09241838759,0.23464736198758104,task,Task-aligned,1.8723201134228988
3,0.2,6,1212.9557416416355,570.2316479351139,0.17552475215116584,task,Task-aligned,0.981211243835895
4,0.2,6,6325.5202519414015,276.3378333070432,0.16021636841984585,task,Task-aligned,0.7504799456106515
5,0.2,6,4284.718931184616,5862.646834051062,0.15596335663631844,task,Task-aligned,0.6863776244640464
6,0.2,6,13738.248741660325,11299.602560169238,0.2276590171774141,task,Task-aligned,1.7669902563461828
7,0.2,6,8541.956019700214,12470.02643274184,0.16469030314681207,task,Task-aligned,0.8179120655421596
8,0.2,6,17907.263331562222,14347.510606245312,0.13317176451288068,task,Task-aligned,0.3428577773294339
9,0.2,6,11387.201210641244,14721.278832608834,0.1494543349812342,task,Task-aligned,0.588272230516993
10,0.2,6,15300.501936039655,16738.33929086919,0.1270195688243945,task,Task-aligned,0.25013054217161984
11,0.2,6,15160.248445724603,16775.89615598612,0.12572171229508672,task,Task-aligned,0.23056896551054987
12,0.2,6,10329.006207170838,16205.83139023761,0.13881036173539985,task,Task-aligned,0.4278439443967863
13,0.2,6,23577.242561913794,20086.473165311443,0.16102817637705408,task,Task-aligned,0.762715692190025
14,0.2,6,25125.59225848154,20261.880728562362,0.12924205700762725,task,Task-aligned,0.2836283687748559
15,0.2,6,23961.544805109093,21842.072451130894,0.11610970633040216,task,Task-aligned,0.08569471531501853
16,0.2,6,21242.633809868596,22594.58490460558,0.1382754313182178,task,Task-aligned,0.4197813564852965
17,0.2,6,30475.973934498033,24257.90427448688,0.12725573656121633,task,Task-aligned,0.2536901138071501
18,0.2,6,26408.70647516474,24585.52588489582,0.11094498003197353,task,Task-aligned,0.007850834162730481
0,0.2,7,22025.155762292212,22489.887792001013,0.4228190547273242,task,Task-aligned,4.708484905023591
1,0.2,7,14450.039748583164,20914.973642999597,0.2519277761744233,task,Task-aligned,2.1327742847566507
2,0.2,7,6697.20814007998,11953.003452508361,0.23758093861021942,task,Task-aligned,1.9165356200671275
3,0.2,7,967.3083390664542,363.8582510360284,0.17973902282083853,task,Task-aligned,1.0447296504653782
4,0.2,7,5730.97974266106,1116.7445597807528,0.15784731899410206,task,Task-aligned,0.714773115996543
5,0.2,7,2460.9496052539325,6014.724644179398,0.1464267515851757,task,Task-aligned,0.542639833281708
6,0.2,7,6826.089298233157,8442.851562606811,0.2035822386362181,task,Task-aligned,1.4040997992350173
7,0.2,7,14830.234062705189,12614.215228659916,0.15173210968374143,task,Task-aligned,0.6226033475962481
8,0.2,7,14339.909775915148,14934.13994675636,0.1289006606471148,task,Task-aligned,0.27848276837360325
9,0.2,7,14546.062470644654,15520.570856562757,0.16212158488241765,task,Task-aligned,0.7791957836458528
10,0.2,7,16319.617507137242,16957.204951553897,0.12992493068303734,task,Task-aligned,0.2939207897395104
11,0.2,7,13650.59921630018,16384.223725887365,0.12123216638117876,task,Task-aligned,0.16290155036479032
12,0.2,7,13908.449620103056,17716.24016731378,0.15150331534995382,task,Task-aligned,0.6191549094993254
13,0.2,7,10460.904383366695,17336.4666114187,0.17040608742490163,task,Task-aligned,0.9040616127449015
14,0.2,7,21558.94151390152,20909.87274815736,0.12465975208625259,task,Task-aligned,0.2145628696386167
15,0.2,7,21406.91966237797,21643.5253339599,0.13090368963813487,task,Task-aligned,0.30867285816964785
16,0.2,7,17503.477655133,23244.044272363884,0.11198089080096912,task,Task-aligned,0.023464307196258454
17,0.2,7,25483.70782300725,23478.75926088268,0.10042945458140047,task,Task-aligned,-0.15064145877393895
18,0.2,7,26639.00937157753,23869.642188444035,0.09337458757116956,task,Task-aligned,-0.25697395295793873
0,0.2,8,20891.721413942927,22062.674553663062,0.4220371076723476,task,Task-aligned,4.696699228475058
1,0.2,8,22261.137221599056,22468.194812357193,0.24252831204733954,task,Task-aligned,1.9911035114909847
2,0.2,8,15835.062902816688,12621.587300997518,0.23919963269195743,task,Task-aligned,1.9409329302903358
3,0.2,8,2622.5035968329175,1240.6864121954422,0.18604111903717477,task,Task-aligned,1.1397162190709635
4,0.2,8,1062.408987669798,167.8379968322697,0.15154628495028807,task,Task-aligned,0.6198025566868635
5,0.2,8,15809.166026086896,8704.7343282277,0.13431686657411268,task,Task-aligned,0.3601170053332305
6,0.2,8,7096.975138343172,8497.575371296203,0.212080637341986,task,Task-aligned,1.5321895179559943
7,0.2,8,9022.889938264387,12398.537093276507,0.16848408873505802,task,Task-aligned,0.8750928293202
8,0.2,8,16506.231359159283,13999.012899314985,0.12197031016129152,task,Task-aligned,0.17402701440145782
9,0.2,8,14964.934298687323,15536.484230192145,0.15108508527080394,task,Task-aligned,0.6128512545339964
10,0.2,8,10551.435676090943,15053.857908337435,0.13272437626589842,task,Task-aligned,0.3361146440993896
11,0.2,8,17057.841110778507,16617.073050105653,0.12089822569646809,task,Task-aligned,0.1578683235352408
12,0.2,8,16921.909730444604,17755.81555348169,0.1552958380801497,task,Task-aligned,0.6763166392054171
13,0.2,8,20554.767681492434,19026.05531605496,0.15195401451440557,task,Task-aligned,0.6259479455995525
14,0.2,8,23750.72610029514,21104.778100355237,0.13239729274006404,task,Task-aligned,0.3311847698639109
15,0.2,8,29446.020483987173,21135.012324881856,0.10632953499699631,task,Task-aligned,-0.06171415999330019
16,0.2,8,22569.61846680875,22644.737734742113,0.13147184847990806,task,Task-aligned,0.3172362721434087
17,0.2,8,25776.23176998453,24553.706462818314,0.11666470149112011,task,Task-aligned,0.09405972341702931
18,0.2,8,20616.493522519362,24263.893015829555,0.10656178955217813,task,Task-aligned,-0.0582135686848795
0,0.2,9,25519.241535664652,22589.330106291396,0.4249330129444749,task,Task-aligned,4.740346944308587
1,0.2,9,18606.567333253683,21890.245352575614,0.2663616589845795,task,Task-aligned,2.3503249143769858
2,0.2,9,8720.162199591345,12484.780627887987,0.24869356396515616,task,Task-aligned,2.0840275329847184
3,0.2,9,612.7511139524286,307.97312549559865,0.18144561064920287,task,Task-aligned,1.0704517144066084
4,0.2,9,492.5672574886703,332.0423301262781,0.16971330287742753,task,Task-aligned,0.8936198129550225
5,0.2,9,9901.969132237951,6880.411010842712,0.1442229738036663,task,Task-aligned,0.509424013933824
6,0.2,9,4610.468289735494,8972.273990493035,0.20666399281100692,task,Task-aligned,1.4505486702615065
7,0.2,9,12020.090627407597,11988.597729146306,0.1647453627560219,task,Task-aligned,0.818741935980197
8,0.2,9,18128.507552772586,15693.460448960483,0.13202727729742708,task,Task-aligned,0.325607816415302
9,0.2,9,16658.007174684724,16238.92803709436,0.13851992071255192,task,Task-aligned,0.42346635395773413
10,0.2,9,6799.0799909528,14216.00183083082,0.12991927007494972,task,Task-aligned,0.2938354718198838
11,0.2,9,17074.995402123837,17187.18706505734,0.13362597016886574,task,Task-aligned,0.3497036640347866
12,0.2,9,16769.185614286922,18462.99361895176,0.15817960399275957,task,Task-aligned,0.7197813879648084
13,0.2,9,12470.856704868784,17883.05633195321,0.15335427536138155,task,Task-aligned,0.6470529824700182
14,0.2,9,20920.01072548161,20610.538484745775,0.12087309415234816,task,Task-aligned,0.15748953542129168
15,0.2,9,23036.451060129737,22436.08819307806,0.11838193356029722,task,Task-aligned,0.11994221967720704
16,0.2,9,23618.038483485172,22340.585479475034,0.12804595882621797,task,Task-aligned,0.2656005161259323
17,0.2,9,23085.615368283645,22944.212211728795,0.105666250146669,task,Task-aligned,-0.07171133391415278
18,0.2,9,21459.421548179816,23696.529710375413,0.1332672451020619,task,Task-aligned,0.3442968815930682
