{
  "figure": "Additivity & budget scaling (Gaussian)",
  "d": 5,
  "Sigma_diag": [
    1.0,
    1.0,
    1.0,
    1.0,
    1.0
  ],
  "trace_Sigma": 5.0,
  "T": 2000,
  "seeds": [
    0,
    1,
    2,
    3,
    4,
    5,
    6,
    7,
    8,
    9,
    10,
    11
  ],
  "k_policy": 0.25,
  "C_exo_grid": [
    0.0,
    2.0,
    4.0,
    8.0,
    16.0,
    32.0
  ],
  "gamma_grid": [
    0.0,
    0.01,
    0.02,
    0.04,
    0.08
  ],
  "metric": {
    "name": "traj_error",
    "label": "$\\widehat R_T - \\operatorname{tr}(\\Sigma)$",
    "row_key": "traj_pop_risk_excess",
    "tag": "traj_error_excess"
  },
  "plane_fit": {
    "spec": "traj_error_excess ~ b0 + b_s*T^-0.5 + b1*(sum_dt/T) + b2*(sum_kappa/T)",
    "b0": 0.014918994285278132,
    "b_s": 0.0003335988537442772,
    "b1": 4.065502491568302,
    "b2": 51.275812199756565,
    "R2": 0.9697025914118048
  },
  "alpha_opt": 12.612416867558354,
  "collapse_fit": {
    "spec": "traj_error_excess ~ a0 + a1 * C_T/T",
    "a0": 0.014926453782419337,
    "a1": 4.065502491568301,
    "R2": 0.9697025914118048
  },
  "traj_pop_mse_initial_mean": 5.0,
  "traj_pop_mse_final_mean": 5.078458861775746,
  "traj_pop_risk_excess_mean": 0.0732195729340097,
  "traj_gap_abs_mean": 0.05339375215556889,
  "summary_preview": [
    {
      "C_exo": 0.0,
      "gamma": 0.0,
      "T": 2000,
      "regime": "iid",
      "mean_err_T": 0.0476991806425354,
      "se_err_T": 0.004945091165832946,
      "n": 12,
      "mean_sum_dt": 0.0,
      "se_sum_dt": 0.0,
      "mean_sum_kappa": 0.0,
      "se_sum_kappa": 0.0,
      "mean_gen_gap_traj": 0.050244128450818826,
      "se_gen_gap_traj": 0.006720870764594847,
      "mean_traj_gap_abs": 0.034837659916436316,
      "se_traj_gap_abs": 0.009739910844748283,
      "mean_traj_emp_risk": 5.019164456738946,
      "se_traj_emp_risk": 0.016291756875681622,
      "mean_traj_pop_risk": 5.021415159327137,
      "se_traj_pop_risk": 0.001419097757501963,
      "mean_traj_emp_risk_excess": 0.019164456738945363,
      "se_traj_emp_risk_excess": 0.01629175687568162,
      "mean_traj_pop_risk_excess": 0.021415159327136557,
      "se_traj_pop_risk_excess": 0.001419097757501963,
      "mean_pop_mse_initial": 5.0,
      "se_pop_mse_initial": 0.0,
      "mean_pop_mse_final": 5.002558245999668,
      "se_pop_mse_final": 0.0004945500464594737,
      "mean_C_over_T(alpha_opt)": 0.0
    },
    {
      "C_exo": 0.0,
      "gamma": 0.01,
      "T": 2000,
      "regime": "endogenous-only",
      "mean_err_T": 0.11811561118555779,
      "se_err_T": 0.012077624749910885,
      "n": 12,
      "mean_sum_dt": 0.0,
      "se_sum_dt": 0.0,
      "mean_sum_kappa": 0.43270263713715745,
      "se_sum_kappa": 0.02573446933801368,
      "mean_gen_gap_traj": 0.04904678391604578,
      "se_gen_gap_traj": 0.006546098268329512,
      "mean_traj_gap_abs": 0.029886085770149656,
      "se_traj_gap_abs": 0.01001648607430917,
      "mean_traj_emp_risk": 5.029077704396923,
      "se_traj_emp_risk": 0.015950028830857062,
      "mean_traj_pop_risk": 5.031012755803011,
      "se_traj_pop_risk": 0.002239048112867561,
      "mean_traj_emp_risk_excess": 0.02907770439692281,
      "se_traj_emp_risk_excess": 0.015950028830857062,
      "mean_traj_pop_risk_excess": 0.031012755803010734,
      "se_traj_pop_risk_excess": 0.002239048112867561,
      "mean_pop_mse_initial": 5.0,
      "se_pop_mse_initial": 0.0,
      "mean_pop_mse_final": 5.015538002961756,
      "se_pop_mse_final": 0.0032129718178063984,
      "mean_C_over_T(alpha_opt)": 0.002728713019632833
    },
    {
      "C_exo": 0.0,
      "gamma": 0.02,
      "T": 2000,
      "regime": "endogenous-only",
      "mean_err_T": 0.15414572776607646,
      "se_err_T": 0.019369933629486944,
      "n": 12,
      "mean_sum_dt": 0.0,
      "se_sum_dt": 0.0,
      "mean_sum_kappa": 0.8641070542184012,
      "se_sum_kappa": 0.04262287039502486,
      "mean_gen_gap_traj": 0.048853916525598416,
      "se_gen_gap_traj": 0.00615409846823749,
      "mean_traj_gap_abs": 0.03225358021036051,
      "se_traj_gap_abs": 0.009170950051930376,
      "mean_traj_emp_risk": 5.0428811095144646,
      "se_traj_emp_risk": 0.01562663497184904,
      "mean_traj_pop_risk": 5.043875029104865,
      "se_traj_pop_risk": 0.004499724745400107,
      "mean_traj_emp_risk_excess": 0.042881109514464034,
      "se_traj_emp_risk_excess": 0.015626634971849043,
      "mean_traj_pop_risk_excess": 0.04387502910486537,
      "se_traj_pop_risk_excess": 0.004499724745400107,
      "mean_pop_mse_initial": 5.0,
      "se_pop_mse_initial": 0.0,
      "mean_pop_mse_final": 5.027909255000046,
      "se_pop_mse_final": 0.006725523203458018,
      "mean_C_over_T(alpha_opt)": 0.005449239193000162
    },
    {
      "C_exo": 0.0,
      "gamma": 0.04,
      "T": 2000,
      "regime": "endogenous-only",
      "mean_err_T": 0.20277926949697475,
      "se_err_T": 0.012531836358911124,
      "n": 12,
      "mean_sum_dt": 0.0,
      "se_sum_dt": 0.0,
      "mean_sum_kappa": 1.758208072027095,
      "se_sum_kappa": 0.06560314082190136,
      "mean_gen_gap_traj": 0.05270449744944291,
      "se_gen_gap_traj": 0.006246356297353255,
      "mean_traj_gap_abs": 0.04026304328353284,
      "se_traj_gap_abs": 0.006946510731967467,
      "mean_traj_emp_risk": 5.065114767613182,
      "se_traj_emp_risk": 0.016333146353170118,
      "mean_traj_pop_risk": 5.067110849238796,
      "se_traj_pop_risk": 0.006121492847398241,
      "mean_traj_emp_risk_excess": 0.0651147676131824,
      "se_traj_emp_risk_excess": 0.016333146353170118,
      "mean_traj_pop_risk_excess": 0.06711084923879625,
      "se_traj_pop_risk_excess": 0.00612149284739824,
      "mean_pop_mse_initial": 5.0,
      "se_pop_mse_initial": 0.0,
      "mean_pop_mse_final": 5.042888101872545,
      "se_pop_mse_final": 0.005314470225799151,
      "mean_C_over_T(alpha_opt)": 0.011087626572155892
    },
    {
      "C_exo": 0.0,
      "gamma": 0.08,
      "T": 2000,
      "regime": "endogenous-only",
      "mean_err_T": 0.3183042424627839,
      "se_err_T": 0.03632023204119129,
      "n": 12,
      "mean_sum_dt": 0.0,
      "se_sum_dt": 0.0,
      "mean_sum_kappa": 3.4940606331930604,
      "se_sum_kappa": 0.13883823369442472,
      "mean_gen_gap_traj": 0.0436354780821698,
      "se_gen_gap_traj": 0.00855244294881192,
      "mean_traj_gap_abs": 0.057877408385866115,
      "se_traj_gap_abs": 0.01433680190530139,
      "mean_traj_emp_risk": 5.1085496081176425,
      "se_traj_emp_risk": 0.016380428007669843,
      "mean_traj_pop_risk": 5.1126287205493846,
      "se_traj_pop_risk": 0.0089715237059634,
      "mean_traj_emp_risk_excess": 0.10854960811764336,
      "se_traj_emp_risk_excess": 0.01638042800766984,
      "mean_traj_pop_risk_excess": 0.1126287205493847,
      "se_traj_pop_risk_excess": 0.0089715237059634,
      "mean_pop_mse_initial": 5.0,
      "se_pop_mse_initial": 0.0,
      "mean_pop_mse_final": 5.11605733882667,
      "se_pop_mse_final": 0.02622705845436847,
      "mean_C_over_T(alpha_opt)": 0.022034274633177888
    },
    {
      "C_exo": 2.0,
      "gamma": 0.0,
      "T": 2000,
      "regime": "exogenous-only",
      "mean_err_T": 0.05579158582021285,
      "se_err_T": 0.003345223207510177,
      "n": 12,
      "mean_sum_dt": 1.9999999999989366,
      "se_sum_dt": 3.1724911013144255e-15,
      "mean_sum_kappa": 0.0,
      "se_sum_kappa": 0.0,
      "mean_gen_gap_traj": 0.07187208625398078,
      "se_gen_gap_traj": 0.01063378598584258,
      "mean_traj_gap_abs": 0.027371947158081184,
      "se_traj_gap_abs": 0.005784173487412252,
      "mean_traj_emp_risk": 5.00986996670462,
      "se_traj_emp_risk": 0.024048017438287606,
      "mean_traj_pop_risk": 5.0205531706455515,
      "se_traj_pop_risk": 0.0016402505524396734,
      "mean_traj_emp_risk_excess": 0.00986996670461974,
      "se_traj_emp_risk_excess": 0.024048017438287606,
      "mean_traj_pop_risk_excess": 0.020553170645551216,
      "se_traj_pop_risk_excess": 0.0016402505524396734,
      "mean_pop_mse_initial": 5.0,